<?xml version="1.0" encoding="UTF-8"?>
<jcr:root xmlns:cq="http://www.day.com/jcr/cq/1.0" xmlns:jcr="http://www.jcp.org/jcr/1.0"
    jcr:primaryType="cq:Page">
    <jcr:content/>
    <tvsdk-250-to-251-for-java/>
    <tvsdk-14-to-23-for-actionscript/>
    <tvsdk-13-to-20-for-javascript/>
    <tvsdk-13-to-20-for-c/>
    <browser-tvsdk-242-to-243-for-javascript/>
    <browser-tvsdk-244-to-245-for-javascript/>
    <browser-tvsdk-245-to-246-for-javascript/>
    <browser-tvsdk-246-to-247-for-javascript/>
    <tvsdk-for-14-dhls-to-browser-tvsdk-24/>
</jcr:root>
