<?xml version="1.0" encoding="UTF-8"?>
<!DOCTYPE concept PUBLIC "-//OASIS//DTD DITA Concept//EN" "concept.dtd">
<concept id="c_aaxs_xgep_aaxs-global-configuration-file">
 <title class="- topic/title ">Global configuration file</title>
 <shortdesc/>
 <conbody>
  <p class="- topic/p ">The flashaccess-global.xml configuration file contains settings that apply
   to all tenants of the license server. This file must be located in <i class="+ topic/ph hi-d/i "
    >LicenseServer.ConfigRoot</i>. See the configs directory for an example global configuration
   file. The global configuration file includes the following:</p>
  <ul class="- topic/ul " id="ul_uyp_t5r_n4">
   <li class="- topic/li ">
    <p class="- topic/p ">Caching — Controls caching of config files in memory. For an explanation
     of the caching settings, see "Updating configuration files".</p>
   </li>
   <li class="- topic/li ">
    <p class="- topic/p ">Logging — Specifies the logging level and how frequently log files are
     rolled.</p>
   </li>
   <li class="- topic/li ">
    <p class="- topic/p ">HSM password — Required only if an HSM is used to store server
     credentials.</p>
   </li>
  </ul>
  <p class="- topic/p ">See the comments in the example global configuration file located in
   &lt;AdobeAccessDVD>\Adobe Access Server for Protected Streaming\configs for more details.</p>
 </conbody>
</concept>
