<?xml version="1.0" encoding="UTF-8"?>
<!DOCTYPE concept PUBLIC "-//OASIS//DTD DITA Concept//EN" "concept.dtd">
<concept id="c_aaxs_xgep_aaxs-license-server-config-files"> 
  <title class="- topic/title ">Overview</title> 
  <conbody> 
	 <p class="- topic/p ">The Adobe Access Server for Protected Streaming
		requires two types of configuration files: a global configuration file
		(<filepath>flashaccess-global.xml</filepath>) and a tenant configuration file
		for each tenant (flashaccess-tenant.xml).
	 </p> 
	 <p class="- topic/p ">After editing the configuration files, Adobe
		recommends using the utilities provided with the Adobe Access Server for
		Protected Streaming to verify that the files are well-formed. For more
		information, see "<xref
		href="c_aaxs_xgep_configuration-validator.xml">Configuration Validator</xref>".
	 </p> 
	 <p class="- topic/p ">To avoid making passwords available in clear text in
		the configuration files, all passwords specified in the global and tenant
		configuration files must be encrypted. For more information on encrypting
		passwords, see "<xref class="- topic/xref "
		href="c_aaxs_xgep_password-scrambler.xml">Password Scrambler</xref>".
	 </p> 
  </conbody> 
</concept> 
