<?xml version="1.0" encoding="UTF-8"?>
<!DOCTYPE concept PUBLIC "-//OASIS//DTD DITA Concept//EN" "concept.dtd">
<concept id="concept_gvc_j5r_n4">
 <title class="- topic/title ">Configuration Directory Structure</title>
 <shortdesc></shortdesc>
 <conbody>
  <p class="- topic/p ">The configuration directories have the following structure:</p>
  <codeblock xml:space="preserve" class="+ topic/pre pr-d/codeblock "><i class="+ topic/ph hi-d/i ">LicenseServer.ConfigRoot</i>/ 
	flashaccess-global.xml 
	pkcs11.cfg (optional) 
	flashaccessserver/ 
		libs/ (optional) 
		tenants/ 
			<i class="+ topic/ph hi-d/i ">tenantname</i>/ 
				flashaccess-tenant.xml 
				<i class="+ topic/ph hi-d/i ">credential.pfx</i> (optional) 
				<i class="+ topic/ph hi-d/i ">packagercert.cer</i> (optional)</codeblock>
 </conbody>
</concept>
