<?xml version="1.0" encoding="UTF-8"?>
<!DOCTYPE concept PUBLIC "-//OASIS//DTD DITA Concept//EN" "concept.dtd">
<concept id="c_aaxs_xgep_custom-authorization-extensions">
 <title class="- topic/title ">Custom authorization extensions</title>
 <shortdesc/>
 <conbody>
  <p class="- topic/p ">Custom authorization logic may be invoked during license acquisition to
   decide if a license should be issued to the requesting client.</p>
  <p class="- topic/p ">To implement your own customer authorization extension, first look at the
    <filepath>SampleAuthorizer.java</filepath> sample code located in the samples directory (the
   compiled version of this sample is located in flashaccess-license-server-ext-sample.jar). </p>
  <p class="- topic/p ">To build your own extension, implement the <codeph
    class="+ topic/ph pr-d/codeph "
    >com.adobe.flashaccess.server.license.extension.auth.IAuthorizer</codeph> interface and make
   sure <filepath>flashaccess-license-server-exts.jar</filepath> and
    <filepath>commons-logging.jar</filepath> are on the build path (adobe-flashaccess-sdk.jar must
   also be on the build path if you utilize certain fields in <codeph
    class="+ topic/ph pr-d/codeph ">IMessageFacade</codeph>). To deploy your extension, copy your
   jar or class files to <i class="+ topic/ph hi-d/i "
    >LicenseServer.ConfigRoot</i><filepath>/flashaccessserver/libs</filepath>. If you need to update
   the jar or class files, the server must be restarted before the updated version is used. You also
   must add the authorizer class name to the tenant configuration file.</p>
 </conbody>
</concept>
