<?xml version="1.0" encoding="UTF-8"?>
<!DOCTYPE concept PUBLIC "-//OASIS//DTD DITA Concept//EN" "concept.dtd">
<concept id="c_aaxs_xgep_global-log-file">
 <title class="- topic/title ">Global Log File</title>
 <shortdesc/>
 <conbody>
  <p class="- topic/p ">The global log file, flashaccess-global.log, is located in <i
    class="+ topic/ph hi-d/i ">LicenseServer.LogRoot</i>. This log can contain log messages
   generated by the Adobe Access SDK or log messages generated during server initialization.</p>
 </conbody>
</concept>
