<?xml version="1.0" encoding="UTF-8"?>
<!DOCTYPE concept PUBLIC "-//OASIS//DTD DITA Concept//EN" "concept.dtd">
<concept id="c_aaxs_xgep_log-directory-structure"> 
  <title class="- topic/title ">Log directory structure</title> 
  <conbody> 
	 <p class="- topic/p ">The log files generated by the Adobe Access Server
		for Protected Streaming application will be located in the directory specified
		by 
		<i class="+ topic/ph hi-d/i ">LicenseServer.LogRoot</i>. 
	 </p>
	 <p class="- topic/p "> 
		<note class="- topic/note ">If the current log files are deleted or moved
		  while the server is running, the log file may not be re-created, and some log
		  information will be lost.
		</note> 
	 </p>
	 <p class="- topic/p ">The log directory has the following structure:
	 </p> 
	 <codeblock xml:space="preserve" class="+ topic/pre pr-d/codeblock "><i class="+ topic/ph hi-d/i ">LicenseServer.LogRoot</i>/ 
flashaccess-global.log 
    flashaccessserver/ 
        flashaccess-partition.log 
        tenants/ 
            <i class="+ topic/ph hi-d/i ">tenantname</i>/ 
                flashaccess-tenant.log</codeblock> 
  </conbody> 
</concept> 
