<?xml version="1.0" encoding="UTF-8"?>
<!DOCTYPE concept PUBLIC "-//OASIS//DTD DITA Concept//EN" "concept.dtd">
<concept id="c_aaxs_xgep_password-scrambler">
 <title class="- topic/title ">Password Scrambler</title>
 <shortdesc/>
 <conbody>
  <p class="- topic/p ">The Password Scrambler utility encrypts a password so that it can be used in
   the Adobe Access Server for Protected Streaming configuration files. To run the scrambler, run
   the command:</p>
  <codeblock xml:space="preserve" class="+ topic/pre pr-d/codeblock ">Scrambler.bat <i class="+ topic/ph hi-d/i ">password</i></codeblock>
  <p class="- topic/p ">or the command:</p>
  <codeblock xml:space="preserve" class="+ topic/pre pr-d/codeblock ">java -jar libs/flashaccess-scrambler.jar <i class="+ topic/ph hi-d/i ">password</i> </codeblock>
  <p class="- topic/p ">The utility outputs the following message:</p>
  <codeblock xml:space="preserve" class="+ topic/pre pr-d/codeblock ">Encrypted password: <i class="+ topic/ph hi-d/i ">scrambled-password</i></codeblock>
  <p class="- topic/p ">All passwords specified in flashaccess-global.xml and flashaccess-tenant.xml
   must be encrypted.</p>
  <p class="- topic/p ">
   <note class="- topic/note ">The Password Scrambler utility in the Adobe Access Server for
    Protected Streaming is not interchangeable with the scrambler provided with the Reference
    Implementation License Server.</note>
  </p>
 </conbody>
</concept>
