<?xml version="1.0" encoding="UTF-8"?>
<!DOCTYPE concept PUBLIC "-//OASIS//DTD DITA Concept//EN" "concept.dtd">
<concept id="c_aaxs_xgep_requirements">
 <title class="- topic/title ">Requirements</title>
 <shortdesc/>
 <conbody>
  <ul class="- topic/ul " id="ul_gft_rrr_n4">
   <li class="- topic/li ">
    <p class="- topic/p ">Microsoft Windows Server 2008 or Red Hat® Enterprise Linux® 5.6</p>
   </li>
   <li class="- topic/li ">
    <p class="- topic/p ">Oracle Java JRE 1.6 (Oracle Java JDK 1.6 is required to create custom
     authorization extensions)</p>
   </li>
   <li class="- topic/li ">
    <p class="- topic/p ">Apache Tomcat® 6 (Available in the Third Party\Tomcat\6.0.18 folder of the
     DVD)</p>
   </li>
   <li class="- topic/li ">
    <p class="- topic/p ">Credentials issued by Adobe</p>
   </li>
  </ul>
 </conbody>
</concept>
