<?xml version="1.0" encoding="UTF-8"?>
<!DOCTYPE concept PUBLIC "-//OASIS//DTD DITA Concept//EN" "concept.dtd">
<concept id="c_aaxs_xgep_running-the-license-server"> 
  <title class="- topic/title ">Overview</title> 
  <conbody> 
	 <p class="- topic/p ">Before running the Adobe Access Server for Protected
		Streaming, Adobe recommends that you verify that the configuration files are
		valid by using the utilities provided with the license server. For more
		details, see "<xref href="c_aaxs_xgep_configuration-validator.xml"
		class="- topic/xref ">Configuration Validator</xref>".
	 </p> 
	 <p class="- topic/p ">To start Tomcat and the license server, run
		"catalina.bat start" or "catalina.sh start" from Tomcat's bin directory.
	 </p> 
	 <p class="- topic/p ">After the server has started, verify that it is
		configured properly by opening 
		<i
		class="+ topic/ph hi-d/i ">http://license-server-host:port</i>/flashaccessserver/<i
		class="+ topic/ph hi-d/i ">tenant-name</i>/flashaccess/license/v1 in a browser
		window. If the tenant configuration was successfully loaded, a confirmation
		message is displayed.
	 </p> 
  </conbody> 
</concept> 
