<?xml version="1.0" encoding="UTF-8"?>
<!DOCTYPE concept PUBLIC "-//OASIS//DTD DITA Concept//EN" "concept.dtd">
<concept id="c_aaxs_xgep_swf-hash-calculator">
 <title class="- topic/title ">SWF Hash Calculator</title>
 <shortdesc/>
 <conbody>
  <p class="- topic/p ">The SWF Hash Calculator utility calculated the digest of a SWF application
   located in a file. To run the hasher, run the command:</p>
  <codeblock xml:space="preserve" class="+ topic/pre pr-d/codeblock ">Hasher.bat <i class="+ topic/ph hi-d/i ">filename.swf</i></codeblock>
  <p class="- topic/p ">or the command:</p>
  <codeblock xml:space="preserve" class="+ topic/pre pr-d/codeblock ">java -jar libs/flashaccess-hasher.jar <i class="+ topic/ph hi-d/i ">filename.swf</i></codeblock>
  <p class="- topic/p ">The utility output the following message:</p>
  <codeblock xml:space="preserve" class="+ topic/pre pr-d/codeblock ">SWF Hash: <i class="+ topic/ph hi-d/i ">hash-of-swf</i></codeblock>
  <p class="- topic/p ">This value can be used to specify the SWF digest in
    <filepath>flashaccess-tenant.xml</filepath>.</p>
 </conbody>
</concept>
