<?xml version="1.0" encoding="UTF-8"?>
<!DOCTYPE concept PUBLIC "-//OASIS//DTD DITA Concept//EN" "concept.dtd">
<concept id="c_aaxs_xgep_upgrading-the-license-server">
 <title class="- topic/title ">Upgrading the Adobe Access Server for Protected Streaming</title>
 <shortdesc/>
 <conbody>
  <p class="- topic/p ">To upgrade a server running Adobe Access Server for Protected Streaming,
   replace the <codeph class="+ topic/ph pr-d/codeph ">flashaccessserver.war</codeph> file deployed
   on your application server with the file included with the latest Adobe Access. If you wish to
   use the new configuration options described above, update your server’s <codeph
    class="+ topic/ph pr-d/codeph ">flashaccess-tenant.xml</codeph>. You also need to update
   jsafe.dll or libjsafe.so to the version included with the latest Adobe Access.</p>
 </conbody>
</concept>
