<?xml version="1.0" encoding="UTF-8"?>
<!DOCTYPE concept PUBLIC "-//OASIS//DTD DITA Concept//EN" "concept.dtd">
<concept id="content-jailbreak-enforcement"> 
  <title class="- topic/title ">Jailbreak Enforcement (requires Adobe
	 Primetime)</title> 
  <conbody> 
	 <p class="- topic/p ">On platforms that supports jailbreak detection (such
		as Android and iOS mobile devices), enabling jailbreak enforcement disallows
		playback of content if 
		<filepath>jailbreak/root</filepath> has been detected on the device.
	 </p> 
	 <note class="- topic/note ">This usage rule is supported by Adobe Access
		clients version 4.0 and higher, but has no effect on platforms that do not
		support jailbreak detection. The behavior on older clients depends on the
		minimum client version supported by the license server. 
	 </note> 
  </conbody> 
</concept> 
