<?xml version="1.0" encoding="UTF-8"?>
<!DOCTYPE concept PUBLIC "-//OASIS//DTD DITA Concept//EN" "concept.dtd">
<concept id="content-pre-generating-licenses"> 
  <title class="- topic/title ">Pre-generating licenses</title> 
  <conbody> 
	 <p class="- topic/p ">To pre-generate licenses, use 
		<codeph
		 class="+ topic/ph pr-d/codeph ">com.adobe.flashaccess.sdk.license.pregen.LicenseFactory.getInstance()</codeph>
		to obtain an instance of 
		<codeph class="+ topic/ph pr-d/codeph ">LicenseFactory</codeph>. A
		License Server credential must be specified in order to sign the licenses
		generated by this factory. This class supports generating Leaf licenses without
		license chaining and Leaf and Root licenses with the 
		<xref href="content-enhanced-license-chaining.xml"
		 class="- topic/xref ">Enhanced license chaining</xref>.
	 </p> 
	 <p class="- topic/p ">When generating a Leaf license, the content metadata
		must be specified using 
		<codeph class="+ topic/ph pr-d/codeph ">initContentInfo()</codeph>. If
		the metadata includes multiple policies, or if you want to use a policy that
		was not in the metadata, use 
		<codeph class="+ topic/ph pr-d/codeph ">setSelectedPolicy()</codeph> to
		specify the policy to use to generate the license. If you use a Policy Update
		List to track updates to policies, you can provide the Policy Update List to
		the License Factory before initializing the metadata using 
		<codeph class="+ topic/ph pr-d/codeph ">setPolicyUpdateList()</codeph>.
	 </p> 
	 <p class="- topic/p ">When generating a Root license, the content metadata
		may be specified as described above. Alternatively, a Root license can be
		generated using a policy (<codeph
		class="+ topic/ph pr-d/codeph ">setSelectedPolicy()</codeph>) and license
		server URL (<codeph
		class="+ topic/ph pr-d/codeph ">setLicenseServerURL()</codeph>) instead of the
		metadata.
	 </p> 
	 <p class="- topic/p "> 
		<note class="- topic/note ">A License Server URL is required even if
		  there is no Adobe Access License Server from which the clients can request a
		  license. In this case, the License Server URL should specify a URL identifying
		  the license issuer.
		</note> 
	 </p> 
	 <p class="- topic/p ">If the policy uses Enhanced License Chaining, a
		License Server credential must be specified in order to decrypt the Root
		Encryption Key in the policy (<codeph
		class="+ topic/ph pr-d/codeph ">setRootKeyRetrievalInfo()</codeph>).
	 </p> 
	 <p class="- topic/p ">If the policy requires a domain bound license, use 
		<codeph class="+ topic/ph pr-d/codeph ">setDomainCAs()</codeph> to
		specify the Domain issuers from which the license server will accept domain
		tokens. One or more Domain CA certificates must be provided in order to
		validate the license recipient.
	 </p> 
	 <p class="- topic/p ">If the policy requires remote key delivery for iOS
		devices, the Key Server Certificate must be provided using 
		<codeph
		 class="+ topic/ph pr-d/codeph ">setKeyServerCertificate()</codeph>, unless a
		chained Leaf is being generated.
	 </p> 
	 <p class="- topic/p ">To generate a license, invoke 
		<codeph class="+ topic/ph pr-d/codeph ">generateLicense()</codeph> and
		specify the license type (Leaf or Root) and one or more recipient certificates.
		The recipient certificate will either be a machine certificate or domain
		certificate, depending on the requirements specified in the policy. If you are
		generating a chained Leaf, a recipient is not required. After the license has
		been generated, it is possible to override the usage rules that were specified
		in the policy. Finally, invoke 
		<codeph class="+ topic/ph pr-d/codeph ">signLicense()</codeph> to sign
		the license and obtain an instance of 
		<codeph class="+ topic/ph pr-d/codeph ">PreGeneratedLicense</codeph>. The
		license can now be saved to a file (use 
		<codeph class="+ topic/ph pr-d/codeph ">getBytes()</codeph> to retrieve
		the serialized license) or embedded in encrypted content. See, 
		<xref href="content-embedding-licenses.xml"
		 class="- topic/xref ">Embedding Licenses</xref>.
	 </p> 
	 <p class="- topic/p ">For sample code demonstrating pre-generated licenses,
		see 
		<codeph
		 class="+ topic/ph pr-d/codeph ">com.adobe.flashaccess.samples.licensegen.GenerateLicense</codeph>
		in the Reference Implementation Command Line Tools “samples” directory.
	 </p> 
  </conbody> 
</concept> 
