<?xml version="1.0" encoding="UTF-8"?>
<!DOCTYPE concept PUBLIC "-//OASIS//DTD DITA Concept//EN" "concept.dtd">
<concept id="content-whats-new.xml"> 
  <title>Overview</title> 
  <shortdesc>Adobe® Access™ is an advanced digital rights management and
	 content protection solution for high-value audiovisual content. Using tools
	 that you create using Java APIs, you can create policies, apply policies to
	 files containing audio and video content, and encrypt those files. The
	 high-level steps for performing these tasks are as follows: 
  </shortdesc> 
  <conbody> 
	 <ol class="- topic/ol " id="ol_kc3_zbs_n4"> 
		<li class="- topic/li " id="li_39ED983EAE6D4147885A77C7DC0B2809"> 
		  <p class="- topic/p ">Use the Java APIs to set the policy properties
			 and encryption parameters. 
		  </p> 
		</li> 
		<li class="- topic/li " id="li_057184F3D3E44697ABF34E80A5A23F44"> 
		  <p class="- topic/p ">Create a policy describing the usage roles for
			 the content. (See 
			 <xref href="content-working-with-policies.xml" class="- topic/xref "
			  format="dita" scope="local">Working with policies</xref>.) 
		  </p> 
		  <p class="- topic/p ">You can create any number of policies. Most users
			 create a small number of policies and apply them to many files. 
		  </p> 
		</li> 
		<li class="- topic/li " id="li_8BDF402B18BF4C16BB813BD6F89B6F1A"> 
		  <p class="- topic/p ">Package a media file. 
		  </p> 
		  <p class="- topic/p ">In this context, 
			 <i class="+ topic/ph hi-d/i ">packaging a file</i> means to encrypt
			 it and apply a policy to it. (See 
			 <xref
			  href="content-packaging-media-files.xml#content-packaging-media-files"
			  class="- topic/xref " scope="local" format="dita">Packaging media
				files</xref>.) 
		  </p> 
		</li> 
		<li class="- topic/li " id="li_AFFE89E464284340BB6A4BE67457BCB2"> 
		  <p class="- topic/p ">Implement the license server to issue a license
			 to the user. 
		  </p> 
		</li> 
	 </ol> 
	 <p class="- topic/p ">The encrypted content is now ready for deployment,
		and the client can request the license from the server. 
	 </p> 
	 <p class="- topic/p ">The SDK provides a Java API to accomplish these
		tasks, and includes reference implementations of the license server, and
		command line tools that are based on the Java APIs. For information, see 
		<i class="+ topic/ph hi-d/i ">Using the Adobe Access Reference
		  Implementations</i>. 
	 </p> 
	 <section id="section_06220EDE36B54DCB9CA7963B76DA8167">
		<title>What is new in Adobe Access 5.2</title>
		<ul id="ul_6D19A1CAC03A49B99E27DB464D6B536B"> 
		  <li id="li_FECE1EAFBA7C434DA03DB0DF56F88333"><b>External CEK</b>: The
			 ability to integrate a Content Key Management System (CKMS) to the DRM license
			 serving and Content Packaging workflows, instead of encrypting the CEK and
			 bundling it into the content’s metadata. See 
			 <xref href="c_aaxs_drm-external-cek-overview.xml">Adobe Access DRM
				External CEK Overview</xref>.
		  </li> 
		  <li id="li_71CBBB92B7A140EAA144EAA50B58E759"><b>License (voucher)
				Return</b>: The ability for a client to return (or delete) a license issued to
			 the client.
		  </li> 
		  <li id="li_0AF060831B474DAA96CD48053B52F084"><b>Xbox Key Server</b>:
			 The ability to protect content sent to the Xbox and Xbox 360. (An Adobe
			 Primetime client is required.)
		  </li> 
		</ul>
	 </section>
  </conbody> 
</concept> 
