<?xml version="1.0" encoding="UTF-8"?>
<!DOCTYPE concept PUBLIC "-//OASIS//DTD DITA Concept//EN" "concept.dtd">
<concept id="content-handling-authentication-reqs.xml"> 
  <title class="- topic/title ">Handling authentication requests</title> 
  <conbody> 
	 <p class="- topic/p ">The 
		<codeph class="+ topic/ph pr-d/codeph ">AuthenticationHandler</codeph>
		class is used to process authentication requests. It is used only for
		username/password authentication.
	 </p> 
	 <p class="- topic/p ">When generating the authentication token, the token
		expiration date must be specified. Custom properties may also be included in
		the token. If set, those properties will be visible to the server when the
		authentication token is sent in subsequent requests. See 
		<xref href="content-handling-license-reqs.xml"
		 class="- topic/xref ">Handling license requests 
		</xref> for information on handling custom authentication tokens.
	 </p> 
	 <p class="- topic/p ">The handler reads an authentication request and
		parses the request message when 
		<codeph class="+ topic/ph pr-d/codeph ">parseRequest()</codeph> is
		called. The server implementation examines the user credentials in the request,
		and if the credentials are valid, generates an 
		<codeph class="+ topic/ph pr-d/codeph ">AuthenticationToken</codeph>
		object by calling 
		<codeph
		 class="+ topic/ph pr-d/codeph ">getRequest().generateAuthToken()</codeph>. If 
		<codeph
		 class="+ topic/ph pr-d/codeph ">AuthenticationRequestMessage.generateAuthToken()</codeph>
		is not called before 
		<codeph class="+ topic/ph pr-d/codeph ">close()</codeph>, an
		authentication failure error code is sent.
	 </p> 
	 <p class="- topic/p "> 
	 <ul class="- topic/ul " id="ul_vmg_dgy_n4"> 
		<li class="- topic/li " id="li_172503005A4D4043AD4CAD05C663E6C9"> 
		  <p class="- topic/p ">The request handler class is 
			 <codeph
			  class="+ topic/ph pr-d/codeph ">com.adobe.flashaccess.sdk.protocol.authentication.AuthenticationHandler</codeph>
		  </p> 
		</li> 
		<li class="- topic/li " id="li_E49F836216E04927838923B7B9F9942C"> 
		  <p class="- topic/p ">The request message class is 
			 <codeph
			  class="+ topic/ph pr-d/codeph ">com.adobe.flashaccess.sdk.protocol.authentication.AuthenticationRequestMessage</codeph>
		  </p> 
		</li> 
		<li class="- topic/li " id="li_91940F4A681D43BD86C4D111398A75CD"> 
		  <p class="- topic/p ">If both the client and server support protocol
			 version 5, the request URL is "License Server URL in metadata: +
			 "/flashaccess/authn/v4". If protocol version 3 is the maximum supported by
			 either the client or server, Adobe Access clients will send authentication
			 requests to “License Server URL in metadata” + “/flashaccess/authn/v3”.
			 Otherwise, authentication requests are sent to “License Server URL in metadata”
			 + “/flashaccess/authn/v1”
		  </p> 
		</li> 
	 </ul> 
	 </p> 
  </conbody> 
</concept> 
