<?xml version="1.0" encoding="UTF-8"?>
<!DOCTYPE concept PUBLIC "-//OASIS//DTD DITA Concept//EN" "concept.dtd">
<concept id="content-requesting-certs"> 
  <title class="- topic/title ">Requesting certificates</title> 
  <conbody> 
	 <p class="- topic/p ">Enrollment is the process of requesting a certificate
		from Adobe. You can generate your keys and create a request that is sent to
		Adobe. Adobe then generates the certificate and sends it back to you. Adobe
		will not know the contents of the private key. Therefore, you must have a way
		to back up the key so that you can recover it in case of hardware failure.
	 </p> 
	 <p class="- topic/p ">Unlike the License Server, Packager or Transport
		certificate, the Domain CA certificate is not issued by Adobe. You can obtain
		this certificate from a Certificate Authority, or you can generate a
		self-signed certificate.
	 </p> 
	 <p class="- topic/p ">For instructions on how to obtain the Adobe Access
		credentials, see the 
		<i class="+ topic/ph hi-d/i ">Adobe Access Certificate Enrollment
		  Guide</i>.
	 </p> 
  </conbody> 
</concept> 
