<?xml version="1.0" encoding="UTF-8"?>
<!DOCTYPE concept PUBLIC "-//OASIS//DTD DITA Concept//EN" "concept.dtd">
<concept id="content-revoking-machine-creds"> 
  <title class="- topic/title ">Revoking machine credentials</title> 
  <conbody> 
	 <p class="- topic/p ">Adobe maintains a CRL for revoking machine
		credentials that are known to be compromised. This CRL is automatically
		enforced by the SDK. If there are additional machines to which you do not want
		your license server to issue licenses, you may create a machine revocation list
		and add the issuer name and serial number of the machine tokens you want to
		exclude (use 
		<codeph
		 class="+ topic/ph pr-d/codeph ">MachineToken.getMachineTokenId()</codeph> to
		retrieve the issuer name and serial number of the machine certificate).
	 </p> 
	 <p class="- topic/p ">Revoking machine credentials involves the usage of a 
		<codeph class="+ topic/ph pr-d/codeph ">RevocationListFactory</codeph>
		object. To create a revocation list, load an existing revocation list, and
		check whether a machine token has been revoked by using the Java API, perform
		the following steps:
	 </p> 
	 <ol class="- topic/ol " id="ol_g12_vky_n4"> 
		<li class="- topic/li " id="li_5F6543BC32114CC0880EB3B60597285C"> 
		  <p class="- topic/p ">Set up your development environment and include
			 all of the JAR files mentioned in 
			 <xref href="content-setting-up-the-dev-env.xml"
			  class="- topic/xref ">Setting up the development environment</xref> within your
			 project.
		  </p> 
		</li> 
		<li class="- topic/li " id="li_4096CAF37A1F4BCB92DF904AEF50173E"> 
		  <p class="- topic/p ">Create a 
			 <codeph
			  class="+ topic/ph pr-d/codeph ">ServerCredentialFactory</codeph> instance to
			 load the credentials needed for signing. The license server credential is used
			 to sign the revocation list.
		  </p> 
		</li> 
		<li class="- topic/li " id="li_422BD94578FF44619CAB51EE8097FC74"> 
		  <p class="- topic/p ">Create a 
			 <codeph
			  class="+ topic/ph pr-d/codeph ">RevocationListFactory</codeph> instance.
		  </p> 
		</li> 
		<li class="- topic/li " id="li_7E4DD197E184415EAF244CEBE9F6733F"> 
		  <p class="- topic/p ">Specify the issuer and serial number of the
			 machine token to be revoked by using a 
			 <codeph
			  class="+ topic/ph pr-d/codeph ">IssuerAndSerialNumber</codeph> object. All
			 Adobe Access requests contain a machine token.
		  </p> 
		</li> 
		<li class="- topic/li " id="li_060AD72ED6694D3D9596024E1E43A9DB"> 
		  <p class="- topic/p ">Create a 
			 <codeph class="+ topic/ph pr-d/codeph ">RevocationList</codeph>
			 object using the 
			 <codeph
			  class="+ topic/ph pr-d/codeph ">IssuerAndSerialNumber</codeph> object you just
			 created, and add it to the revocation list by passing it into 
			 <codeph
			  class="+ topic/ph pr-d/codeph ">RevocationListFactory.addRevocationEntry()</codeph>.
			 Generate the new revocation list by calling 
			 <codeph
			  class="+ topic/ph pr-d/codeph ">RevocationListFactory.generateRevocationList()</codeph>.
		  </p> 
		</li> 
		<li class="- topic/li " id="li_02FC7A4CBA4E49EE86580279CB8020A9"> 
		  <p class="- topic/p ">To save the revocation list, you can serialize it
			 by calling 
			 <codeph
			  class="+ topic/ph pr-d/codeph ">RevocationList.getBytes()</codeph>. To load the
			 list, call 
			 <codeph
			  class="+ topic/ph pr-d/codeph ">RevocationListFactory.loadRevocationList()</codeph>
			 and pass in the serialized list.
		  </p> 
		</li> 
		<li class="- topic/li " id="li_A89D3B1C69174E04A4AA067E7DFAA63F"> 
		  <p class="- topic/p ">Verify that the signature is valid and the list
			 was signed by the correct license server by calling 
			 <codeph
			  class="+ topic/ph pr-d/codeph ">RevocationList.verifySignature()</codeph>.
		  </p> 
		</li> 
		<li class="- topic/li " id="li_B00176C133E641C595F073A1B04A87B4"> 
		  <p class="- topic/p ">To check whether an entry was revoked, pass the 
			 <codeph
			  class="+ topic/ph pr-d/codeph ">IssuerAndSerialNumber</codeph> object into 
			 <codeph
			  class="+ topic/ph pr-d/codeph ">RevocationList.isRevoked()</codeph>. The
			 revocation list may also be passed into 
			 <codeph class="+ topic/ph pr-d/codeph ">HandlerConfiguration</codeph>
			 to have the SDK enforce the revocation list for all authentication and license
			 requests.
		  </p> 
		</li> 
	 </ol> 
	 <p class="- topic/p ">To add additional entries to an existing 
		<codeph class="+ topic/ph pr-d/codeph ">RevocationList</codeph>, load an
		existing revocation list. Create a new 
		<codeph class="+ topic/ph pr-d/codeph ">RevocationListFactory</codeph>
		instance, and be sure to increment the CRL number. Call 
		<codeph
		 class="+ topic/ph pr-d/codeph ">RevocationListFactioryEntries.addRevocationEntries</codeph>
		to add all the entries from the old list to the new list. Call 
		<codeph
		 class="+ topic/ph pr-d/codeph ">RevocationListFactory.addRevocationEntry</codeph>
		to add any new revocation entries to the RevocationList.
	 </p> 
	 <p class="- topic/p ">For sample code demonstrating how to create a
		revocation list, load an existing revocation list, and check whether a machine
		token has been revoked, see 
		<codeph
		 class="+ topic/ph pr-d/codeph ">com.adobe.flashaccess.samples.revocation.CreateRevocationList</codeph>
		in the Reference Implementation Command Line Tools “samples” directory.
	 </p> 
  </conbody> 
</concept> 
