<?xml version="1.0" encoding="UTF-8"?>
<!DOCTYPE concept PUBLIC "-//OASIS//DTD DITA Concept//EN" "concept.dtd">
<concept id="content-working-with-policies"> 
  <title class="- topic/title ">Overview</title> 
  <conbody> 
	 <p class="- topic/p ">Using Adobe® Access™, content providers can apply
		policies to media files. Using the policy management APIs, administrators can
		create, view details of, and update policies.
	 </p> 
	 <p class="- topic/p ">A 
		<i class="+ topic/ph hi-d/i ">policy</i> defines how users can view
		content; it is a collection of information that includes security settings,
		authentication requirements, and usage rights. When policies are applied,
		encryption and signing allow content providers to maintain control of their
		content no matter how widely it is distributed. Protected files can be
		delivered by using Adobe® Flash® Media Server or an HTTP server. They can be
		downloaded and played in custom players built with Adobe® AIR®, Adobe® Flash®
		Player, and Adobe® Primetime SDK for iOS. The policy is a template for the
		license server to use when it generates a license. The client may also refer to
		the policy before requesting a license to determine whether it needs to prompt
		the user to authenticate before issuing a license request to the server.
	 </p> 
	 <p class="- topic/p ">A policy specifies one or more rights that are
		granted to the client. Typically, a policy includes, at a minimum, the "Play
		Right". It is also possible to specify multiple Play Rights, each with
		different restrictions. When the client encounters a license with multiple Play
		Rights, it uses the first one for which it meets all the restrictions. For
		example, this feature can be used to enforce different output protection
		settings on different platforms. For sample code illustrating this example, see
		
		<codeph
		 class="+ topic/ph pr-d/codeph ">CreatePolicyWithOutputProtection.java</codeph>
		in the Reference Implementation Command Line Tools "samples" directory.
	 </p> 
	 <p class="- topic/p ">You can accomplish the following tasks by using the
		policy management APIs:
	 </p> 
	 <ul class="- topic/ul " id="ul_htb_3qx_n4"> 
		<li class="- topic/li " id="li_3BD145DF33C44FFD9E13FF2C3B5DDD23"> 
		  <p class="- topic/p ">Create and update policies
		  </p> 
		</li> 
		<li class="- topic/li " id="li_2724E3DCF1314C13855BF50AD8ED8203"> 
		  <p class="- topic/p ">View policy details
		  </p> 
		</li> 
		<li class="- topic/li " id="li_3ED1918F6E27467AAE9F10F627861969"> 
		  <p class="- topic/p ">Manage policy update lists
		  </p> 
		</li> 
	 </ul> 
	 <p class="- topic/p ">For details about the Java API discussed in this
		chapter, see 
		<i class="+ topic/ph hi-d/i ">Adobe Access API Reference</i>.
	 </p> 
	 <p class="- topic/p ">For information about the Policy Manager reference
		implementation, see 
		<i class="+ topic/ph hi-d/i ">Using the Adobe Access Reference
		  Implementations</i>.
	 </p> 
  </conbody> 
</concept> 
