<?xml version="1.0" encoding="UTF-8"?>
<!DOCTYPE concept PUBLIC "-//OASIS//DTD DITA Concept//EN" "concept.dtd">
<concept id="content-encrypting-script-data"> 
  <title class="- topic/title ">Encrypting script data</title> 
  <conbody> 
	 <p class="- topic/p ">Specifies whether script data embedded in the content
		is encrypted.
	 </p> 
	 <note class="- topic/note ">This rule only applies for FLV file format.
		Script data is always left in the clear for files in the F4V format.
	 </note> 
	 <p class="- topic/p ">Example use case: Use this option to leave script
		data unencrypted, which allows for metadata aggregation tools to read the
		metadata of protected content.
	 </p> 
  </conbody> 
</concept> 
