<?xml version="1.0" encoding="UTF-8"?>
<!DOCTYPE concept PUBLIC "-//OASIS//DTD DITA Concept//EN" "concept.dtd">
<concept id="content-examining-encrypted-file-content"> 
  <title class="- topic/title ">Examining encrypted file content</title> 
  <conbody> 
	 <p class="- topic/p ">To examine the contents of an FLV or an F4V file by
		using the Java API, perform the following steps:
	 </p> 
	 <ol class="- topic/ol " id="ol_qsh_ltx_n4"> 
		<li class="- topic/li " id="li_28E5B1C225384EC18EA72F23B38CE98D"> 
		  <p class="- topic/p ">Set up your development environment and include
			 all of the JAR files mentioned in 
			 <xref
			  href="settingUpSDK.xml#WS287f927bd30d4b1f4fad6c7f1304f5e91be-7fff_ver2.0"
			  class="- topic/xref ">Setting up the development environment</xref> within your
			 project.
		  </p> 
		</li> 
		<li class="- topic/li " id="li_6EA4E104FFB04715B27E45405C57E675"> 
		  <p class="- topic/p ">Create a 
			 <codeph class="+ topic/ph pr-d/codeph ">MediaEncrypter</codeph>
			 instance.
		  </p> 
		</li> 
		<li class="- topic/li " id="li_06B892C1AB744FA38877F808D4C3F9BE"> 
		  <p class="- topic/p ">Pass the encrypted file to the 
			 <codeph
			  class="+ topic/ph pr-d/codeph ">MediaEncrypter.examineEncryptedContent</codeph>
			 method, which returns a 
			 <codeph class="+ topic/ph pr-d/codeph ">KeyMetaData</codeph> object.
		  </p> 
		</li> 
		<li class="- topic/li " id="li_EC34CAEF373E4F07801ED42B1B171D12"> 
		  <p class="- topic/p ">Inspect the information within the 
			 <codeph class="+ topic/ph pr-d/codeph ">KeyMetaData</codeph> object.
		  </p> 
		</li> 
	 </ol> 
	 <p class="- topic/p ">For sample code demonstrating how to extract DRM
		metadata from an encrypted file, see 
		<codeph
		 class="+ topic/ph pr-d/codeph ">com.adobe.flashaccess.samples.mediapackager.ExamineContent</codeph>
		in the Reference Implementation Command Line Tools “samples” directory.
	 </p> 
  </conbody> 
</concept> 
