<?xml version="1.0" encoding="UTF-8"?>
<!DOCTYPE concept PUBLIC "-//OASIS//DTD DITA Concept//EN" "concept.dtd">
<concept id="content-handling-synch-reqs"> 
  <title class="- topic/title ">Handling synchronization requests</title> 
  <conbody> 
	 <p class="- topic/p ">. If a license specifies synchronization requirements
		(<xref href="requirements-for-synchronization.xml"
		class="- topic/xref ">Requirements for Synchronization,</xref>) the client will
		periodically send synchronization requests to the server, based on the
		frequency specified in the license. To enable synchronization messages, set
		SyncFrequencyRequirements in a PlayRight.
	 </p> 
	 <p class="- topic/p "> 
	 <ul class="- topic/ul " id="ul_ib3_r3y_n4"> 
		<li class="- topic/li " id="li_F5E54BD8477042459E6A95AA7C943B31"> 
		  <p class="- topic/p ">The request handler class is 
			 <codeph
			  class="+ topic/ph pr-d/codeph ">com.adobe.flashaccess.sdk.protocol.sync.SynchronizationHandler</codeph>
		  </p> 
		</li> 
		<li class="- topic/li " id="li_AB626A6575AF4CBFB3666629E0D5AFC2"> 
		  <p class="- topic/p ">The request message class is 
			 <codeph
			  class="+ topic/ph pr-d/codeph ">com.adobe.flashaccess.sdk.protocol.sync.SynchronizationRequestMessage</codeph>
		  </p> 
		</li> 
		<li class="- topic/li " id="li_8DBA68B558CA4E9AABEC0C54E1F287AC"> 
		  <p class="- topic/p ">If both the client and server support protocol
			 version 5, the request URL is "License Server URL in metadata: +
			 "/flashaccess/sync/v4". Otherwise, the request URL is “License Server URL in
			 metadata” + “/flashaccess/sync/v3”
		  </p> 
		</li> 
	 </ul> 
	 </p> 
	 <p class="- topic/p ">Synchronization messages are used to synchronize the
		client’s time with the server’s time. If licenses are embedded in the content
		and do not need to be retrieved from a license server, synchronizing the
		client’s time is important to prevent the client from modifying its clock in
		order to bypass the license expiration.
	 </p> 
	 <p class="- topic/p ">Synchronization messages can also be used to
		communicate the client state information to the server (<codeph
		class="+ topic/ph pr-d/codeph ">getClientState()</codeph>) for rollback
		detection. See 
		<xref href="content-rollback-detection.xml">Rollback Protection</xref>.
	 </p> 
  </conbody> 
</concept> 
