<?xml version="1.0" encoding="UTF-8"?>
<!DOCTYPE concept PUBLIC "-//OASIS//DTD DITA Concept//EN" "concept.dtd">
<concept id="content-working-with-policy-update-lists"> 
  <title class="- topic/title ">Working with Policy Update Lists</title> 
  <conbody> 
	 <p class="- topic/p ">For license servers that do not have access to a
		database for storing information about policies, you may wish to use a policy
		update list to notify the license server of updated policies. Policy Update
		Lists may contain updated versions of policies or a list of policy IDs that
		have been revoked. If a policy update list is supplied in 
		<codeph class="+ topic/ph pr-d/codeph ">HandlerConfiguration</codeph>,
		the SDK will enforce this list when issuing a license.
	 </p> 
	 <p class="- topic/p ">Policies may also be revoked if content owners or
		distributors want to discontinue issuing licenses under a particular policy. A
		policy update list may be used to enforce policy revocation in the SDK. Policy
		update lists may also be used to provide a list of updated policies to the SDK.
		Note that revoking a policy does not revoke licenses that have already been
		issued. It only prevents additional licenses from being issued under that
		policy.
	 </p> 
	 <p class="- topic/p ">Working with policy update lists involves the use of
		a 
		<codeph class="+ topic/ph pr-d/codeph ">PolicyUpdateListFactory</codeph>
		object. To create a policy update list, load an existing policy update list,
		and check whether a policy has been updated or revoked by using the Java API,
		perform the following steps:
	 </p> 
	 <ol class="- topic/ol " id="ol_y5n_4rx_n4"> 
		<li class="- topic/li " id="li_75D2BD0893CE4CD68FBDAB7815BC27EE"> 
		  <p class="- topic/p ">Set up your development environment and include
			 all of the JAR files mentioned in Setting up the development environment within
			 your project.
		  </p> 
		</li> 
		<li class="- topic/li " id="li_26D7B5B7AE5547CAA20B9B6235B8CFD3"> 
		  <p class="- topic/p ">Create a 
			 <codeph
			  class="+ topic/ph pr-d/codeph ">ServerCredentialFactory</codeph> instance to
			 load the credentials needed for signing.
		  </p> 
		</li> 
		<li class="- topic/li " id="li_97C6A78B5FEA4FFDA0D0A1E62819EA32"> 
		  <p class="- topic/p ">Create a 
			 <codeph
			  class="+ topic/ph pr-d/codeph ">PolicyUpdateListFactory</codeph> instance using
			 the 
			 <codeph class="+ topic/ph pr-d/codeph ">ServerCredential</codeph> you
			 created.
		  </p> 
		</li> 
		<li class="- topic/li " id="li_7349FB81A1B4416F934763331B040C3C"> 
		  <p class="- topic/p ">Specify the policy ID to be revoked. 
		  </p> 
		</li> 
		<li class="- topic/li " id="li_4033BAEA3B744803B1B96AB514E2F5E8"> 
		  <p class="- topic/p ">Create a 
			 <codeph
			  class="+ topic/ph pr-d/codeph ">PolicyRevocationEntry</codeph> object using the
			 policy ID 
			 <codeph class="+ topic/ph pr-d/codeph ">String</codeph> you just
			 created, and add it to the policy update list by passing it into 
			 <codeph
			  class="+ topic/ph pr-d/codeph ">PolicyUpdateListFactory.addRevocationEntry()</codeph>.
			 Generate the new policy update list by calling 
			 <codeph
			  class="+ topic/ph pr-d/codeph ">PolicyUpdateListFactory.generatePolicyUpdateList()</codeph>.
			 Similarly, updated policies can be added to the list using 
			 <codeph class="+ topic/ph pr-d/codeph ">PolicyUpdateEntry</codeph>.
		  </p> 
		</li> 
		<li class="- topic/li " id="li_0042F83AF5B342B9A71C2FB3D6004380"> 
		  <p class="- topic/p ">If a policy update list already exists, you can
			 serialize it for loading by calling 
			 <codeph
			  class="+ topic/ph pr-d/codeph ">PolicyUpdateList.getBytes()</codeph>. To load
			 the list, call 
			 <codeph
			  class="+ topic/ph pr-d/codeph ">PolicyUpdateListFactory.loadPolicyUpdateList()</codeph>
			 and pass in the serialized list.
		  </p> 
		</li> 
		<li class="- topic/li " id="li_51524B8CD9FD41598BA2AFDC0DCFB6E6"> 
		  <p class="- topic/p ">Verify the signature is valid and the list was
			 signed by the correct license server certificate by calling 
			 <codeph
			  class="+ topic/ph pr-d/codeph ">PolicyUpdateList.verifySignature()</codeph>.
		  </p> 
		</li> 
		<li class="- topic/li " id="li_134E9F87701A44D6B06DF2EFAA85A84C"> 
		  <p class="- topic/p ">To check whether an entry was revoked, pass the
			 policy ID 
			 <codeph class="+ topic/ph pr-d/codeph ">String</codeph> into 
			 <codeph
			  class="+ topic/ph pr-d/codeph ">PolicyUpdateList.isRevoked()</codeph>.
			 Alternatively, the list can be passed into 
			 <codeph class="+ topic/ph pr-d/codeph ">HandlerConfiguration</codeph>
			 and it will be enforced when licenses are issued.
		  </p> 
		</li> 
	 </ol> 
	 <p class="- topic/p ">To add additional entries to an existing 
		<codeph class="+ topic/ph pr-d/codeph ">PolicyUpdateList</codeph>, load
		an existing policy update list. Create a new 
		<codeph class="+ topic/ph pr-d/codeph ">PolicyUpdateListFactory</codeph>
		instance. Call P<codeph
		class="+ topic/ph pr-d/codeph ">olicyUpdateListFactory.addEntries</codeph> to
		add all the entries from the old list to the new list. Call 
		<codeph
		 class="+ topic/ph pr-d/codeph ">PolicyUpdateListFactory.addRevocationEntry</codeph>
		or 
		<codeph class="+ topic/ph pr-d/codeph ">addUpdatedEntry</codeph> to add
		any new revocation or update entries to the PolicyUpdateList.
	 </p> 
	 <p class="- topic/p ">For sample code demonstrating how to create a policy
		update list, load an existing policy update list, and check whether a policy
		has been revoked, see 
		<codeph
		 class="+ topic/ph pr-d/codeph ">com.adobe.flashaccess.samples.policyupdatelist</codeph><codeph
		class="+ topic/ph pr-d/codeph ">.CreatePolicyUpdateList</codeph> in the
		Reference Implementation Command Line Tools “samples” directory.
	 </p> 
  </conbody> 
</concept> 
