<?xml version="1.0" encoding="UTF-8"?>
<!DOCTYPE concept PUBLIC "-//OASIS//DTD DITA Concept//EN" "concept.dtd">
<concept id="content-handling-license-return-reqs"> 
  <title class="- topic/title ">Handling License Return requests</title> 
  <conbody> 
	 <p>If the client application needs to return a license, it invokes the
		DRMManager.returnVoucher() Actionscript API to initiate the process. This API
		can work in an immediateCommit mode, or a confirmFirst mode. If immediateCommit
		is set to true, the client will delete the local license(s) immediately,
		without waiting for confirmation from the license server that it has received
		the request to return the license(s). The Adobe Access license server should
		process the request and send a response to the client. Whether or not the
		license server actually does anything with the request (such as decrement a
		license count for the given user) is up to the license server to decide. 
	 </p> 
	 <ul id="ul_ozp_rsf_44"> 
		<li id="li_0C840B1FEAB34757BFE9A88C6EFB6260">- The request handler class
		  is com.adobe.flashaccess.sdk.protocol.licensereturn.LicenseReturnHandler 
		</li> 
		<li id="li_8AE2F01A783A40F48E9CBC0EA0F18DA0">- The request message class
		  is com.adobe.flashaccess.sdk.protocol.licensereturn.LicenseReturnRequestMessage
		</li> 
	 </ul> 
	 <p> The minimum Adobe Access SDK version required is version 5; the request
		URL will be "<codeph>/flashaccess/lreturn/v5</codeph>". As with Domain
		De-Registration, the server should use 
		<codeph>getRequestPhase()</codeph> to determine if the client is
		previewing a license return. 
	 </p> 
  </conbody> 
</concept> 
