<?xml version="1.0" encoding="UTF-8"?>
<!DOCTYPE concept PUBLIC "-//OASIS//DTD DITA Concept//EN" "concept.dtd">
<concept id="content-global-server-config-data"> 
  <title class="- topic/title ">Global server configuration data</title> 
  <conbody> 
	 <p class="- topic/p ">In addition to configuration used by the license
		server, 
		<codeph class="+ topic/ph pr-d/codeph ">HandlerConfiguration</codeph>
		stores configuration information that can be sent to the client to control how
		licenses are enforced. This is done by creating a 
		<codeph class="+ topic/ph pr-d/codeph ">ServerConfigData</codeph> class
		and calling 
		<codeph
		 class="+ topic/ph pr-d/codeph ">HandlerConfiguration.setServerConfigData()</codeph>
		(these settings apply only to licenses issued by this license server). The
		clock windback tolerance is one property that can be set by the license server
		to control how the client enforces licenses. By default, users may set their
		machine clock back 4 hours without invalidating licenses. If a license server
		operator wishes to use a different setting, the new value can be set in the 
		<codeph class="+ topic/ph pr-d/codeph ">ServerConfigData</codeph> class.
		When you change the value of any of these settings, be sure to increment the
		version number by calling 
		<codeph class="+ topic/ph pr-d/codeph ">setVersion()</codeph>. The new
		values will only be sent to the client if the version on the client is less
		than the current 
		<codeph class="+ topic/ph pr-d/codeph ">ServerConfigData</codeph>
		version.
	 </p> 
  </conbody> 
</concept> 
