<?xml version="1.0" encoding="UTF-8"?>
<!DOCTYPE concept PUBLIC "-//OASIS//DTD DITA Concept//EN" "concept.dtd">
<concept id="content-custom-metadata"> 
  <title class="- topic/title ">Custom metadata</title> 
  <conbody> 
	 <p class="- topic/p "><b class="+ topic/ph hi-d/b ">Specify custom
		  key/value to add to content metadata that can be interpreted by the server
		  application.</b>
	 </p> 
	 <p class="- topic/p ">The Adobe Access content metadata format allows for
		inclusion of custom key/value pairs at packaging time to be processed by the
		license server during license issuance. This metadata is separate from the
		policy and can be unique for each piece of content.
	 </p> 
	 <p class="- topic/p ">Example use case: During a Beta phase, you include
		the custom property "Release:BETA" at packaging time. License servers can vend
		licenses to this content during the Beta period, but after the Beta period
		expires, the license servers disallow access to the content.
	 </p> 
  </conbody> 
</concept> 
