<?xml version="1.0" encoding="UTF-8"?>
<!DOCTYPE concept PUBLIC "-//OASIS//DTD DITA Concept//EN" "concept.dtd">
<concept id="content-time-based-rules"> 
  <title class="- topic/title ">Defining time-based rules</title> 
  <conbody> 
	 <p>Adobe Access uses “soft enforcement” of time-based license restrictions.
		If a time right expires during playback of a video, the default behaviour of
		Adobe Access is to not restrict playback until the next time the video stream
		is recreated (by calling 
		<codeph class="+ topic/ph pr-d/codeph ">Netstream.stop()</codeph> and 
		<codeph class="+ topic/ph pr-d/codeph ">Netstream.play()</codeph>). 
	 </p> 
	 <p class="- topic/p ">While soft enforcement is the default behavior, you
		can also enable hard enforcement by performing one of the following tasks:
	 <ul class="- topic/ul " id="ul_omt_4fs_n4"> 
		<li class="- topic/li " id="li_7388DCA7BA204E6D937D295DAD5ADDED"> 
		  <p class="- topic/p ">Have your Video Player periodically poll the
			 license to make sure none of the time restrictions have expired. This can be
			 accomplished by calling 
			 <codeph
			  class="+ topic/ph pr-d/codeph ">DRMManager.loadVoucher(LOCAL_ONLY). 
			 </codeph>An error code indicates that the locally-stored license is
			 no longer valid.
		  </p> 
		</li> 
		<li class="- topic/li " id="li_0ABCBA91975A47EFABB592BFE27AAA17"> 
		  <p class="- topic/p ">Whenever the user clicks the Pause button, you
			 can record the current video timestamp and then call 
			 <codeph class="+ topic/ph pr-d/codeph ">Netstream.stop(). 
			 </codeph>When the user clicks the Play button, you can seek to the
			 recorded location and then call 
			 <codeph class="+ topic/ph pr-d/codeph ">Netstream.play()</codeph>.
		  </p> 
		</li> 
	 </ul>
	 </p> 
  </conbody> 
</concept> 
