<?xml version="1.0" encoding="UTF-8"?>
<!DOCTYPE concept PUBLIC "-//OASIS//DTD DITA Concept//EN" "concept.dtd">
<concept id="content-relative-license-playback-window"> 
  <title class="- topic/title ">Playback window</title> 
  <conbody> 
	 <p class="- topic/p ">Specifies the duration a license is valid after the
		first time it is used to play protected content.
	 </p> 
	 <p class="- topic/p ">Example use case: Some business models allow a rental
		period of 30 days but, once playback begins, it must be completed in 48 hours.
		This 48-hour longevity of the license is defined as the playback window.
	 </p> 
  </conbody> 
</concept> 
