<?xml version="1.0" encoding="UTF-8"?>
<!DOCTYPE concept PUBLIC "-//OASIS//DTD DITA Concept//EN" "concept.dtd">
<concept id="concept_lbm_rfs_n4"> 
  <title class="- topic/title ">Start date</title> 
  <conbody> 
	 <p class="- topic/p ">Specifies the date after which a license is valid.
	 </p> 
	 <p class="- topic/p ">Example use case: Use an absolute date to issue
		content licenses ahead of the availability date of an asset, or to enforce an
		"embargo" period.
	 </p> 
  </conbody> 
</concept> 
