<?xml version="1.0" encoding="UTF-8"?>
<!DOCTYPE concept PUBLIC "-//OASIS//DTD DITA Concept//EN" "concept.dtd">
<concept id="concept_bf3_hgs_n4"> 
  <title class="- topic/title ">License caching duration</title> 
  <conbody> 
	 <p class="- topic/p ">Specifies the duration a license can be cached on
		disk in the client's local License Store without requiring reacquisition from
		the license server. You can alternatively specify an absolute date/time after
		which a license can no longer be cached.
	 </p> 
	 <p class="- topic/p ">Once the cache expiration date has passed, the
		license is no longer valid, and the client must request a new license from the
		license server.
	 </p> 
	 <p class="- topic/p ">Example use case: Use the license caching duration to
		specify a fixed amount of time valid for a particular license, such as in a
		rental use case. A 30-day rental can be specified (with license caching) to
		indicate the total license duration within which to consume the content.
	 </p> 
  </conbody> 
</concept> 
