<?xml version="1.0" encoding="UTF-8"?>
<!DOCTYPE concept PUBLIC "-//OASIS//DTD DITA Concept//EN" "concept.dtd">
<concept id="content-custom-usage-rules"> 
  <title class="- topic/title ">Custom usage rules</title> 
  <conbody> 
	 <p class="- topic/p ">Specifies custom usage rules. Custom data can be
		included in licenses issued by the License Server. The interpretation/handling
		of this data is completely up to the implementation of the client application
		and license server.
	 </p> 
	 <p class="- topic/p ">Example use case: Enables extensibility of usage
		rules by allowing other business rules to be conveyed securely as part of the
		policy and/or content license. For security reasons, because these usage rules
		are enforced in custom client application code, this option should be used in
		conjunction with the AIR application or Flash Player SWF white-list options.
		For more information, see “<xref
		href="content-runtime-application-restrictions.xml"
		class="- topic/xref ">Runtime and application restrictions</xref>”.
	 </p> 
  </conbody> 
</concept> 
