<?xml version="1.0" encoding="UTF-8"?>
<!DOCTYPE concept PUBLIC "-//OASIS//DTD DITA Concept//EN" "concept.dtd">
<concept id="content-revoking-client-creds"> 
  <title class="- topic/title ">Revoking client credentials</title> 
  <conbody> 
	 <p class="- topic/p ">Under certain conditions it is necessary to revoke a
		client's credentials or check whether a given set of credentials have already
		been revoked. Credentials may be revoked if the credentials are compromised.
		When this happens, licenses will no longer be issued to compromised clients.
	 </p> 
	 <p class="- topic/p ">Adobe maintains Certificate Revocation Lists (CRLs)
		for revoking compromised clients. These CRLs are automatically enforced by the
		SDK. License servers may further restrict clients by disallowing particular
		machine credentials or particular versions of DRM and runtime credentials. A 
		<codeph class="+ topic/ph pr-d/codeph ">RevocationList</codeph> may be
		created and passed into the SDK to revoke machine credentials. Particular
		DRM/runtime versions can be revoked either at the policy level (by setting
		module restrictions in the play right) or globally (by setting module
		restrictions in the 
		<codeph class="+ topic/ph pr-d/codeph ">HandlerConfiguration</codeph>).
	 </p> 
	 <p class="- topic/p ">The discussion in this chapter will be centered on
		revoking client credentials.
	 </p> 
  </conbody> 
</concept> 
