<?xml version="1.0" encoding="UTF-8"?>
<!DOCTYPE concept PUBLIC "-//OASIS//DTD DITA Concept//EN" "concept.dtd">
<concept id="content-processing-aaxs-requests"> 
  <title class="- topic/title ">Overview</title> 
  <conbody> 
	 <p class="- topic/p ">The general approach to handling requests is to
		create a handler, parse the request, set the response data or error code, and
		close the handler.
	 </p> 
	 <p class="- topic/p ">The base class used to handle single request/response
		interaction is 
		<codeph
		 class="+ topic/ph pr-d/codeph ">com.adobe.flashaccess.sdk.protocol.MessageHandlerBase</codeph>.
		An instance of the 
		<codeph class="+ topic/ph pr-d/codeph ">HandlerConfiguration</codeph>
		class is used to initialize the handler. 
		<codeph class="+ topic/ph pr-d/codeph ">HandlerConfiguration</codeph>
		stores server configuration information, including transport credentials,
		timestamp tolerance, policy update lists, and revocation lists.The handler
		reads the request data and parses the request into an instance of 
		<codeph class="+ topic/ph pr-d/codeph ">RequestMessageBase</codeph>. The
		caller can examine the information in the request and decide whether to return
		an error or a successful response (subclasses of 
		<codeph class="+ topic/ph pr-d/codeph ">RequestMessageBase</codeph>
		provide a method for setting response data).
	 </p> 
	 <p class="- topic/p ">If the request is successful, set the response data;
		otherwise invoke 
		<codeph
		 class="+ topic/ph pr-d/codeph ">RequestMessageBase.setErrorData()</codeph> on
		failure. Always end the implementation by invoking the 
		<codeph class="+ topic/ph pr-d/codeph ">close()</codeph> method (it is
		recommended that 
		<codeph class="+ topic/ph pr-d/codeph ">close()</codeph> be called in the
		
		<codeph class="+ topic/ph pr-d/codeph ">finally</codeph> block of a 
		<codeph class="+ topic/ph pr-d/codeph ">try</codeph> statement). See the 
		<codeph class="+ topic/ph pr-d/codeph ">MessageHandlerBase</codeph> API
		reference documentation for an example of how to invoke the handler.
	 </p> 
	 <note class="- topic/note ">HTTP status code 200 (OK) should be sent in
		response to all requests processed by the handler. If the handler could not be
		created due to a server error, the server may respond with another status code,
		such as 500 (Internal Server Error).
	 </note> 
	 <p class="- topic/p ">The client uses the License Server URL specified at
		packaging time as the base URL for all requests sent to the license server. For
		example, if the server URL is specified as "http://licenseserver.com/path", the
		client will send requests to "http://licenseserver.com/path/flashaccess/...".
		See the following sections for details on the specific path used for each type
		of request. When implementing your license server, be sure the server responds
		to the paths required for each type of request.
	 </p> 
	 <p class="- topic/p ">A license request can contain an authentication
		token. If username/password authentication was used, the request may contain an
		
		<codeph class="+ topic/ph pr-d/codeph ">AuthenticationToken</codeph>
		generated by the 
		<codeph class="+ topic/ph pr-d/codeph ">AuthenticationHandler</codeph>,
		and the SDK will ensure the token is valid before issuing a license.
	 </p> 
  </conbody> 
</concept> 
