<?xml version="1.0" encoding="UTF-8"?>
<!DOCTYPE concept PUBLIC "-//OASIS//DTD DITA Concept//EN" "concept.dtd">
<concept id="content-creating-policy-using-java-api"> 
  <title class="- topic/title ">Creating a policy using the Java API</title> 
  <conbody> 
	 <p class="- topic/p ">To create a policy by using the Java API, perform the
		following steps:
	 </p> 
	 <ol class="- topic/ol " id="ol_lmf_nqx_n4"> 
		<li class="- topic/li " id="li_A59A02908A074303840AA98C1591CBB3"> 
		  <p class="- topic/p ">Set up your development environment and include
			 all of the JAR files mentioned in 
			 <xref href="content-setting-up-the-dev-env.xml"
			  class="- topic/xref ">Setting up the development environment</xref> within your
			 project.
		  </p> 
		</li> 
		<li class="- topic/li " id="li_36E6665713184E20BCA8BA4D6DD3FFD2"> 
		  <p class="- topic/p ">Create a 
			 <codeph
			  class="+ topic/ph pr-d/codeph ">com.adobe.flashaccess.sdk.policy.Policy</codeph>
			 object and specify its properties, such as the rights, license caching
			 duration, and policy end date.
			 <codeblock xml:space="preserve" class="+ topic/pre pr-d/codeblock " outputclass="syntax java">		// Create a new Policy object. 
		// False indicates the policy does not use license chaining. 
		Policy policy = new Policy(false); 
		 
		policy.setName("DemoPolicy"); 
		 
		// Specify that the policy requires authentication to obtain a license. 
		policy.setLicenseServerInfo 
			(new LicenseServerInfo(AuthenticationType.UsernamePassword)); 
		 
		// A policy must have at least one Right, typically the play right 
		PlayRight play = new PlayRight(); 
		 
		// Users may only view content for 24 hours. 
		play.setPlaybackWindow(24L * 60 * 60); 
		 
		// Add the play right to the policy. 
		List&lt;Right&gt; rightsList = new ArrayList&lt;Right&gt;(); 
		rightsList.add(play); 
		policy.setRights(rightsList); 
		 
		// Licenses may be stored on the client for 7 days after downloading 
		policy.setLicenseCachingDuration(7L * 24 * 60 * 60); 
		try { 
			// Content will expire December 31, 2010 
			SimpleDateFormat dateFormat = new SimpleDateFormat("yyyy-MM-dd"); 
			policy.setPolicyEndDate(dateFormat.parse("2010-12-31")); 
		} catch (ParseException e) { 
			// Invalid date specified in dateFormat.parse() 
			e.printStackTrace(); 
		}</codeblock>
		  </p> 
		</li> 
		<li class="- topic/li " id="li_567E606F041E4AC593EAE45F745601B6"> 
		  <p class="- topic/p ">Serialize the 
			 <codeph class="+ topic/ph pr-d/codeph ">Policy</codeph> object and
			 store it in a file or database.
			 <codeblock xml:space="preserve" class="+ topic/pre pr-d/codeblock " outputclass="syntax java">		// Serialize the policy 
		byte[] policyBytes = policy.getBytes(); 
		System.out.println("Created policy with ID: " + policy.getId()); 
			 
		// Write the policy to a file.  
		// Alternatively, the policy may be stored in a database. 
		FileOutputStream out = new FileOutputStream("demopolicy.pol"); 
		out.write(policyBytes); 
		out.close();</codeblock>
		  </p> 
		</li> 
	 </ol> 
	 <p class="- topic/p ">For the full source of this sample code, see 
		<i
		 class="+ topic/ph hi-d/i ">com.adobe.flashaccess.samples.policy.CreatePolicy</i>
		in the Reference Implementation Command Line Tools
		“<filepath>samples</filepath>” directory.
	 </p> 
  </conbody> 
</concept> 
