<?xml version="1.0" encoding="UTF-8"?>
<!DOCTYPE concept PUBLIC "-//OASIS//DTD DITA Concept//EN" "concept.dtd">
<concept id="content-handling-get-server-version-reqs"> 
  <title class="- topic/title ">Handling Get Server Version requests</title> 
  <conbody> 
	 <p class="- topic/p ">Adobe Access client 3.0 and higher send a Get Server
		Version request in order to determine the capabilities of the server. All
		servers using Adobe Access SDK 3.0 and higher must implement support for Get
		Server Version requests.
	 </p> 
	 <p class="- topic/p "> 
	 <ul class="- topic/ul " id="ul_p3y_4fy_n4"> 
		<li class="- topic/li " id="li_D2DE2595490345CFB81D5DDF72C4EA14"> 
		  <p class="- topic/p ">The request handler class is 
			 <codeph
			  class="+ topic/ph pr-d/codeph ">com.adobe.flashaccess.sdk.protocol.getversion.GetServerVersionHandler</codeph>
		  </p> 
		</li> 
		<li class="- topic/li " id="li_6806C7BF3D5D41E29E5E0661C4732B49"> 
		  <p class="- topic/p ">The request message class is 
			 <codeph
			  class="+ topic/ph pr-d/codeph ">com.adobe.flashaccess.sdk.protocol.getversion.GetServerVersionRequestMessage</codeph>
		  </p> 
		</li> 
		<li class="- topic/li " id="li_524DB6D2871147DE87F99B4CEF61CF89"> 
		  <p class="- topic/p ">The request URL must be “License Server URL in
			 metadata” + “/flashaccess/getServerVersion/v3”
		  </p> 
		</li> 
	 </ul> 
	 </p> 
	 <p class="- topic/p ">For Adobe Access SDK 4.0 and higher, the response to
		a Get Server Version request indicates to clients that the server supports
		versions 3 and 4 of the Adobe Access protocol.
	 </p> 
  </conbody> 
</concept> 
