<?xml version="1.0" encoding="UTF-8"?>
<!DOCTYPE concept PUBLIC "-//OASIS//DTD DITA Concept//EN" "concept.dtd">
<concept id="content-enhanced-license-chaining"> 
  <title class="- topic/title ">Enhanced license chaining</title> 
  <conbody> 
	 <p class="- topic/p ">Allows a license to be updated using a parent root
		license for batch updating of licenses.
	 </p> 
	 <p class="- topic/p ">Adobe Access 2.0 supported license chaining in which
		both the leaf and root licenses are bound to a specific machine. Adobe Access
		3.0, has support for enhanced license chaining, in which a leaf is bound to a
		root license, and only the root license is bound to a specific machine or
		domain. The enhanced license chaining supports embedding leaf license with the
		content, and the client only needs to acquire the root license from the license
		server in order to consume the protected content.
	 </p> 
	 <p class="- topic/p ">To enable the enhanced licence chaining, a root
		encryption key is assigned to the policy. The root encryption key is used to
		cryptographically bind the leaf license to the root license.
		<note class="- topic/note ">The enhanced license chaining is supported by
		  Adobe Access clients version 3.0 and higher. If an older client requests a
		  license for content that supports the enhanced license chaining, the license
		  server can still issue a license to this client using license chaining
		  supported by Adobe Access 2.0.
		</note>
	 </p> 
	 <p class="- topic/p ">Example use case: Use this option to update any
		linked licenses by downloading a single root license. For example, implement
		subscription models where content can be played back as long as the user renews
		the subscription on a monthly basis. The benefit of this approach is that users
		only have to do a single license acquisition to update all of their
		subscription licenses.
	 </p> 
  </conbody> 
</concept> 
