<?xml version="1.0" encoding="UTF-8"?>
<!DOCTYPE concept PUBLIC "-//OASIS//DTD DITA Concept//EN" "concept.dtd">
<concept id="content-using-machine-ids"> 
  <title class="- topic/title ">Using machine identifiers</title> 
  <conbody> 
	 <p class="- topic/p ">All Adobe Access requests (with the exception of
		requests supporting FMRMS compatibility) contain information about the machine
		token issued to the client during individualization. The machine token contains
		a Machine Id, an identifier assigned during individualization. Use this
		identifier to count the number of machines from which a user has requested a
		license or joined a domain.
	 </p> 
	 <p class="- topic/p ">There are two ways of using the identifier. The 
		<codeph class="+ topic/ph pr-d/codeph ">getUniqueId()</codeph> method
		returns a string assigned to the device during individualization. You can store
		the strings in a database and search by identifier. However, this identifier
		will change if the user reformats the hard drive and individualizes again. This
		identifier will also have a different value between Adobe® AIR® and Adobe®
		Flash® Player in different browsers on the same machine.
	 </p> 
	 <p class="- topic/p ">To more accurately count machines, you can use 
		<codeph class="+ topic/ph pr-d/codeph ">getBytes()</codeph> to store the
		whole identifier. To determine if the machine has been seen before, get all the
		identifiers for a user name and call 
		<codeph class="+ topic/ph pr-d/codeph ">matches()</codeph> to check if
		any match. Because the 
		<codeph class="+ topic/ph pr-d/codeph ">matches()</codeph> method must be
		used to compare the values returned by 
		<codeph class="+ topic/ph pr-d/codeph ">MachineId.getBytes</codeph>, this
		option is only practical when there are a small number of values to compare
		(for example, the machines associated with a particular user).
	 </p> 
  </conbody> 
</concept> 
