<?xml version="1.0" encoding="UTF-8"?>
<!DOCTYPE concept PUBLIC "-//OASIS//DTD DITA Concept//EN" "concept.dtd">
<concept id="content-license-chaining"> 
  <title class="- topic/title ">License chaining</title> 
  <conbody> 
	 <p class="- topic/p ">If the policy used to generate the license supports
		license chaining, the server must decide whether to issue a Leaf license, Root
		license, or both. To determine what type of license chaining a policy supports,
		use 
		<codeph
		 class="+ topic/ph pr-d/codeph ">Policy.getLicenseChainType()</codeph>, or call 
		<codeph
		 class="+ topic/ph pr-d/codeph ">Policy.getRootLicenseId()</codeph> to determine
		if the policy has a root license. With Adobe Access 2.0 license chaining, the
		server typically issues a leaf license the first time the user requests a
		license for a particular machine and a root license thereafter. To determine if
		the machine already has a leaf license for the specified policy, call 
		<codeph
		 class="+ topic/ph pr-d/codeph ">LicenseRequestMessage.clientHasLeafForPolicy()</codeph>.
	 </p> 
  </conbody> 
</concept> 
