<?xml version="1.0" encoding="UTF-8"?>
<!DOCTYPE concept PUBLIC "-//OASIS//DTD DITA Concept//EN" "concept.dtd">
<concept id="content-handling-domain-registration-reqs"> 
  <title class="- topic/title ">Handling Domain Registration requests</title> 
  <conbody> 
	 <p class="- topic/p ">If the DRM metadata indicates that domain
		registration is needed to play the content, the client application should
		invoke the DRMManager.addToDeviceGroup() ActionScript API or
		joinLicenseDomain() iOS API. If the client has not yet registered with the
		specified domain server (or if the application is forcing a re-join), a domain
		registration request is sent. The domain server determines whether the client
		is permitted to join a domain and issues one or more domain credentials to the
		client.
	 </p> 
	 <ul class="- topic/ul " id="ul_z43_5fy_n4"> 
		<li class="- topic/li " id="li_D8B407BBDEB84B12827FB4D5E7E46616"> 
		  <p class="- topic/p ">The request handler class is 
			 <codeph
			  class="+ topic/ph pr-d/codeph ">com.adobe.flashaccess.sdk.protocol.domain.DomainRegistrationHandler</codeph>
		  </p> 
		</li> 
		<li class="- topic/li " id="li_D32C5FDADF7B41DEA9A37594761039CB"> 
		  <p class="- topic/p ">The request message class is 
			 <codeph
			  class="+ topic/ph pr-d/codeph ">com.adobe.flashaccess.sdk.protocol.domain.DomainRegistrationRequestMessage</codeph>
		  </p> 
		</li> 
		<li class="- topic/li " id="li_B215B5FD0446458F8F14605796302E5E"> 
		  <p class="- topic/p ">If both the client and server support protocol
			 version 5, the request URL is "Domain Server URL in metadata: +
			 "/flashaccess/domain/v4". Otherwise, the request URL is Domain Server URL in
			 metadata” + “/flashaccess/domain/v3”
		  </p> 
		</li> 
	 </ul> 
	 <p class="- topic/p ">When initializing the 
		<codeph
		class="+ topic/ph pr-d/codeph ">DomainRegistrationHandler</codeph>, the domain
		server URL must be specified. This URL will be included in the domain tokens
		issued by the handler to indicate the domain server that issued the token. The
		URL must match the domain server URL specified in any policy that requires
		domain registration with the server.
	 </p> 
	 <p class="- topic/p ">To determine whether the client is permitted to join
		the domain, the server may examine the machine and user information in the
		request. See 
		<xref href="content-using-machine-ids.xml" class="- topic/xref ">Using
		  machine identifiers</xref> for information on how to identify and count
		machines joining the domain. The server may also determine which domain the
		client is permitted to join. Note that a client may only be a member of one
		domain per domain server URL. If the machine already has a domain token for
		this domain server URL, the domain registration request will include the
		current domain name (<codeph
		class="+ topic/ph pr-d/codeph ">getRequestDomainName()</codeph>). For a re-join
		request, the domain server must either return the current set of domain
		credentials for this domain or return an error (the domain server may not
		return the domain credentials for a different domain).
	 </p> 
	 <p class="- topic/p ">If the domain server requires authentication to join
		a domain, the request should contain an authentication token. Just as with a
		license request, domain registration may require username/password or custom
		authentication. See 
		<xref href="content-user-authentication" class="- topic/xref ">User
		  authentication</xref> for details on handling authentication tokens.
	 </p> 
	 <p class="- topic/p ">The domain server is responsible for storing and
		managing the domain keys associated with each domain. When a new key pair needs
		to be generated for a domain (the first domain registration for the domain),
		invoke 
		<codeph
		class="+ topic/ph pr-d/codeph ">generateDomainCredential</codeph><codeph
		class="+ topic/ph pr-d/codeph ">(String, int, Principal, Date)</codeph>. This
		method will generate a new domain key pair and domain certificate. The domain
		server must store the private key and certificate and provide those objects
		when processing subsequent requests for this domain. It is also possible to
		generate a new key pair for a domain in order to roll over the keys. When
		rolling over the keys for a particular domain, be sure to increment the key
		version in 
		<codeph class="+ topic/ph pr-d/codeph ">generateDomainCredential</codeph>
		as well.
	 </p> 
	 <p class="- topic/p ">Each subsequent time a machine registers with the
		same domain, the same domain private key and certificate should be used. Invoke
		
		<codeph class="+ topic/ph pr-d/codeph ">addDomainCredential(DomainToken,
		  PrivateKey)</codeph> to return an existing domain credential to the client. If
		there are multiple domain credentials for the domain because the domain keys
		were changed, the server should provide domain credentials for the current
		domain key and all previous domain keys so the client can consume licenses
		bound to older domain keys. This enables a license bound to an old domain token
		to be moved to a newly registered machine and still be playable.
	 </p> 
  </conbody> 
</concept> 
