<?xml version="1.0" encoding="UTF-8"?>
<!DOCTYPE concept PUBLIC "-//OASIS//DTD DITA Concept//EN" "concept.dtd">
<concept id="content-remote-key-delivery"> 
  <title class="- topic/title ">Remote and Local iOS Key Delivery</title> 
  <conbody> 
	 <p class="- topic/p ">Adobe Primetime supports two options for key delivery
		to iOS clients:
	 <ul class="- topic/ul " id="ul_jbx_xls_n4"> 
		<li class="- topic/li " id="li_340D72394A3642B39517BA8FF97D9010"> 
		  <p class="- topic/p ">Remote - Exactly as specified in the HLS
			 specification, the M3U8 manifest specifies an HTTPS path that contains an AES
			 key that should be used to decrypt the following encrypted segments in the
			 stream. When "Remote" is specified, the client device will reach out to a
			 remote HTTPS server to fetch the AES key.
		  </p> 
		</li> 
		<li class="- topic/li " id="li_E9F3FD5114F34548B6F62A729CE8643F"> 
		  <p class="- topic/p ">Local - When "Local" is specified, instead of
			 reaching out over the internet/network for the AES key, a local HTTPS server is
			 embedded into the iOS application which will handle all AES key requests. The
			 embedded HTTPS server is automatically set up and configured in the Primetime
			 application. No intervention is required by the application developer.
		  </p> 
		</li> 
	 </ul>
	 </p> 
	 <p class="- topic/p ">The remote key delivery is enabled through the policy
		used to package content (changing this setting requires repackaging of
		content), When remote key delivery is enabled, an Adobe Access Key Server must
		be deployed to handle key requests from iOS clients, but there is no change to
		the workflow for clients on other platforms.
	 </p> 
	 <p class="- topic/p "> 
		<note class="- topic/note ">The Key delivery selection only impacts iOS
		  clients. All other devices that consume HLS content will always use "Local" key
		  delivery, even if "Remote" has been specified.
		</note> 
	 </p> 
	 <p class="- topic/p ">For information, see 
		<i class="+ topic/ph hi-d/i ">Using the Adobe Access Key Server</i>.
	 </p> 
  </conbody> 
</concept> 
