<?xml version="1.0" encoding="UTF-8"?>
<!DOCTYPE concept PUBLIC "-//OASIS//DTD DITA Concept//EN" "concept.dtd">
<concept id="concept_d33_yhy_n4"> 
  <title class="- topic/title "
	id="content-identity-based-licenses">Identity-based licenses</title> 
  <conbody> 
	 <p class="- topic/p ">If identity-based licensing is used, the server
		checks for a valid authentication token before issuing a license. See 
		<xref href="content-user-authentication.xml" class="- topic/xref ">User
		  authentication</xref> for details on handling authentication tokens.
	 </p> 
	 <note class="- topic/note ">To preview a license for identity-based
		content, a client must authenticate.
	 </note> 
  </conbody> 
</concept> 
