<?xml version="1.0" encoding="UTF-8"?>
<!DOCTYPE concept PUBLIC "-//OASIS//DTD DITA Concept//EN" "concept.dtd">
<concept id="content-generating-licenses"> 
  <title class="- topic/title ">Generating licenses</title> 
  <conbody> 
	 <p class="- topic/p ">To issue a leaf license to the user, the SDK must
		decrypt the CEK contained in the content metadata and re-encrypt it for the
		machine requesting a license. To decrypt the CEK, the server must provide
		information required to decrypt the key. Call 
		<codeph
		 class="+ topic/ph pr-d/codeph ">ContentInfo.setKeyRetrievalInfo()</codeph> and
		provide an 
		<codeph class="+ topic/ph pr-d/codeph ">AsymmetricKeyRetrieval</codeph>
		object. If the metadata contains multiple policies, the server must determine
		which policy to use and call 
		<codeph
		 class="+ topic/ph pr-d/codeph ">LicenseRequestMessage.setSelectedPolicy()</codeph>.
		Then call 
		<codeph
		 class="+ topic/ph pr-d/codeph ">LicenseRequestMessage.generateLicense()</codeph>
		to generate the license. Using the 
		<codeph class="+ topic/ph pr-d/codeph ">License</codeph> object that is
		returned, you may modify the expiration or rights in the license.
	 </p> 
	 <p>If an ExternalKeyRetrieval object is specified in the 
		<codeph>ContentInfo</codeph> object, then the license server is expected
		to use the associated CEK ID to fetch the appropriate CEK that will be inserted
		into the license. For more details on how to use the External CEK workflow, see
		
		<xref href="c_aaxs_drm-external-cek-overview.xml">Adobe Access DRM
		  External CEK Overview</xref>
	 </p> 
  </conbody> 
</concept> 
