<?xml version="1.0" encoding="UTF-8"?>
<!DOCTYPE concept PUBLIC "-//OASIS//DTD DITA Concept//EN" "concept.dtd">
<concept
 id="c_aaxs_xgep_using-aaxs-for-protecting-content-policy-update-lists"> 
  <title class="- topic/title ">Policy update lists</title> 
  <conbody> 
	 <p class="- topic/p ">If you update the usage rules in a policy after
		packaging the content, the license server needs to have the latest version in
		order to issue licenses using the updated policy. One way to achieve this is
		through a policy update list. A policy update list is a file containing a list
		of updated or revoked policies. When a policy is updated, generate a new Policy
		Update List and periodically push the list out to all the license servers.
	 </p> 
	 <p class="- topic/p ">For more information creating and updating policies,
		see 
		<i class="+ topic/ph hi-d/i "><xref
		  href="content-working-with-policies.xml" format="xml" scope="peer">Working with
			 policies</xref></i>.
	 </p> 
  </conbody> 
</concept> 
