<?xml version="1.0" encoding="UTF-8"?>
<jcr:root xmlns:sling="http://sling.apache.org/jcr/sling/1.0" xmlns:jcr="http://www.jcp.org/jcr/1.0"
    jcr:primaryType="sling:OrderedFolder">
    <elements/>
    <edge-tools/>
    <edge-reflow/>
    <edge-inspect/>
    <edge-code/>
    <edge-animate/>
    <indesign/>
    <illustrator/>
    <flash/>
    <dreamweaver/>
    <digital-publishing-suite/>
    <digital-publishing-solution/>
    <creative-suite/>
    <creative-cloud/>
    <photoshop/>
    <photoshop-elements/>
    <phonegap-build/>
    <muse/>
    <connect/>
    <mobile-apps/>
    <media-encoder/>
    <coldfusion/>
    <business-catalyst/>
    <audition/>
    <lightroom/>
    <jcr:content/>
    <ink-and-slide/>
    <animate/>
    <aftereffects/>
    <acrobat/>
    <insight/>
    <ccl-test/>
    <incopy/>
    <hello/>
    <gsoc-internal/>
    <captivate/>
    <golee-test/>
    <gaming-sdk/>
    <fuse/>
    <captivate-prime/>
    <captivate_prime/>
    <campaign/>
    <wip/>
    <validator/>
    <typekit/>
    <timeline/>
    <test/>
    <tech-comm-suite/>
    <target/>
    <support/>
    <Story/>
    <story/>
    <stock/>
    <stock-contributor/>
    <speedgrade/>
    <social/>
    <framemaker/>
    <Formscentral/>
    <sign/>
    <flash-player/>
    <camera-raw/>
    <flash-catalyst/>
    <flash-builder/>
    <fireworks/>
    <extension-manager/>
    <extension-builder/>
    <extendscript-toolkit/>
    <explore/>
    <shockwave/>
    <shockwave-player/>
    <server-status/>
    <bridge/>
    <security/>
    <scout/>
    <beta/>
    <audience-manager/>
    <app-streaming/>
    <analytics/>
    <robohelp/>
    <robohelp-server/>
    <revel/>
    <air/>
    <Reader/>
    <reader/>
    <experience-manager/>
    <after-effects/>
    <AEM-forms/>
    <experience-design/>
    <experience-cloud/>
    <entp/>
    <qe/>
    <enterprise/>
    <production/>
    <primetime/>
    <encore/>
    <presenter/>
    <presenter-video-express/>
    <elements-organizer/>
    <aem-forms/>
    <EchoSign/>
    <dtm/>
    <dsc/>
    <drive/>
    <premiere/>
    <AEM_x0020_5.6/>
    <adobe-revel/>
    <adobe-media-server/>
    <premiere-pro/>
    <adobe-experience-manager/>
    <document-cloud/>
    <adobe-connect/>
    <adobe-character-animator/>
    <adobe-after-effects/>
    <adobe-access/>
    <Acrobat-com/>
    <acrobat-com/>
    <premiere-elements/>
    <premiere-elements-quick-editor/>
    <premiere-elements-editor/>
    <premiere-clip/>
    <prelude/>
    <photoshop-touch/>
    <photoshop-elements-editor/>
    <media-optimizer/>
    <marketing-cloud/>
    <marketing-cloud-core/>
    <livecycle/>
    <legal/>
    <LearnNext/>
    <learning/>
    <LeanPrint/>
    <dmacc-internal/>
    <leanprint/>
    <director/>
    <digital-editions/>
    <cq-kb/>
    <contribute/>
    <cloud-manager/>
    <chl-internal/>
    <ccx/>
    <x-productkb/>
    <xml-add-on/>
    <xd/>
    <wb-test/>
    <download-install/>
    <manage-account/>
    <team-projects/>
    <lightroom-cc/>
    <dimension/>
    <internal/>
    <customer-care-office-hours/>
    <livefyre-test/>
    <playlistmanager/>
    <exchange/>
    <alextest/>
    <community-events/>
    <framemaker-publishing-server/>
    <editorial-examples/>
    <experience-cloud-core-services/>
    <xml-documentation-solution/>
    <photoshop-express/>
    <rush/>
    <fonts/>
    <UMAPI-UST/>
    <pdf/>
</jcr:root>
