<?xml version="1.0" encoding="UTF-8"?>
<!DOCTYPE concept PUBLIC "-//OASIS//DTD DITA Concept//EN" "concept.dtd">
<concept id="c_drm_ref-impl-air-publisher-command-line-usage"> 
  <title class="- topic/title ">AIR Publisher ID utility command-line
	 usage</title> 
  <conbody> 
	 <p class="- topic/p "> 
		<codeblock xml:space="preserve" class="+ topic/pre pr-d/codeblock ">java -jar AdobePublisherIDUtility.jar <i class="+ topic/ph hi-d/i "><i class="+ topic/ph hi-d/i ">signaturefile</i></i> 
java -jar AdobePublisherIDUtility.jar -s <i class="+ topic/ph hi-d/i ">signingcert</i></codeblock> 
	 </p> 
	 <ul class="- topic/ul " id="ul_yym_hry_n4"> 
		<li class="- topic/li "
		 id="li_801624000CE440D5ACEEDECC5884F88F"><i class="+ topic/ph hi-d/i "><codeph
			 class="+ topic/ph pr-d/codeph ">signaturefile</codeph></i> specifies a path to
		  the AIR application’s 
		  <filepath>signatures.xml</filepath> file, located in the applications 
		  <filepath>META-INF</filepath> directory 
		</li> 
		<li class="- topic/li " id="li_F14C6A2AD76D4254A286F971B7D25FB6"> 
		  <codeph class="+ topic/ph pr-d/codeph "><i
			 class="+ topic/ph hi-d/i ">signingcert</i></codeph> specifies the certificate
		  that is used to sign an AIR application 
		</li> 
	 </ul> 
	 <note>To determine the publisher ID for an Android application, you need to
		use the 
		<codeph>-s</codeph> option to specify the certificate used to sign the
		Android application package (APK). Primetime DRM is required to build Android
		applications that can play Primetime DRM-protected content. 
	 </note> 
  </conbody> 
</concept> 
