<?xml version="1.0" encoding="UTF-8"?>
<!DOCTYPE concept PUBLIC "-//OASIS//DTD DITA Concept//EN" "concept.dtd">
<concept id="c_drm_ref-impl-air-publisher-id-utility"> 
  <title class="- topic/title ">Overview</title> 
  <conbody> 
	 <p>When you build an AIR file, the AIR Developer Tool (ADT) automatically
		generates a Publisher ID. The AIR Publisher ID utility
		(<filepath>AdobePublisherIDUtility.jar</filepath>) computes the Publisher ID
		for an AIR application. 
	 </p> 
	 <p class="- topic/p ">The Publisher ID is unique to the certificate that
		you use to build an AIR file. If you reuse the same certificate for multiple
		AIR applications, all AIR applications have the same Publisher ID. An AIR
		release that succeeds release 1.5.2 does not add the generated Publisher ID to
		a file. Therefore, if you plan to use an AIR application whitelist, use this
		tool to determine the Publisher ID. 
		<note class="- topic/note ">The Publisher ID that is used for AIR
		  whitelist enforcement is not the same as the Publisher ID that the application
		  publisher specifies in the application's 
		  <filepath>application.xml</filepath> file. 
		</note> 
	 </p> 
  </conbody> 
</concept> 
