<?xml version="1.0" encoding="UTF-8"?>
<!DOCTYPE concept PUBLIC "-//OASIS//DTD DITA Concept//EN" "concept.dtd">
<concept id="c_drm_ref-impl-command-line-tools"> 
  <title class="- topic/title ">Overview</title> 
  <conbody> 
	 <p>The Adobe Primetime DRM reference implementations command-line tools
		enable you to perform a variety of DRM-related tasks directly from the command
		line.
	 </p> 
	 <p class="- topic/p ">The Primetime DRM reference implementation includes
		the following command-line tools: 
	 </p> 
	 <ul class="- topic/ul " id="ul_aqv_5ny_n4"> 
		<li class="- topic/li " id="li_FADE4F72D19748B699D944097CA15FC8">Policy
		  Manager - Creates and manages DRM policies 
		</li> 
		<li class="- topic/li " id="li_71904A5C635B4AE8B7D6C5A4394C151D">Media
		  Packager - Creates encrypted files 
		</li> 
		<li class="- topic/li " id="li_4BAB224876E74459878A65ABB0D67FA6">Policy
		  Update List Manager - Creates and displays DRM policy update lists 
		</li> 
		<li class="- topic/li "
		 id="li_F1FA73CF16D146F284F45E6149FF0835">Revocation List Manager - Creates and
		  displays revocation lists 
		</li> 
		<li class="- topic/li " id="li_6CBF6DEE008F46E7A9976BC901BA83A9">AIR
		  Publisher ID - Computes the Publisher ID for an AIR application
		</li> 
		<li class="- topic/li " id="li_7DDE74A062984AE591153384F6D57223">Utility
		  License Generator - Generates licenses locally (without a license request to a
		  server)
		</li> 
		<li class="- topic/li " id="li_1BE3B63F58CD4B2496A670F7E9C21CAA">License
		  Embedder - Embeds pre-generated licenses into content
		</li> 
	 </ul> 
  </conbody> 
</concept> 
