<?xml version="1.0" encoding="UTF-8"?>
<!DOCTYPE task PUBLIC "-//OASIS//DTD DITA Task//EN" "task.dtd">
<task
 id="c_drm_ref-impl-license-server-config-prep-pws-for-server-props-files"> 
  <title class="- topic/title ">Prepare passwords using Java</title> 
  <taskbody> 
	 <context id="context_77409E34BF594CD39729331FB08D2329"> 
		<p class="- topic/p ">Run the 
		  <codeph>ScrambleUtil.class</codeph> with Java: 
		</p> 
	 </context> 
	 <steps id="steps_9E68D8A8771F4E138545569910F9F8C9"> 
		<step id="step_D8D557A3481948899F3FB7CFDE15E893"> 
		  <cmd>Navigate to 
			 <codeph>[DRM SDK DVD]\Reference Implementation\Server\Reference
				Implementation Server\refimpl/scrambler/ refimpl/scrambler/</codeph> 
		  </cmd> 
		</step> 
		<step id="step_4B219D49E8BF43039744B606FC2EA7BF"> 
		  <cmd>From the command-line, type: 
		  </cmd> 
		  <info> 
			 <codeblock xml:space="preserve" class="+ topic/pre pr-d/codeblock ">java -classpath &lt;<i>[DRM SDK DVD]/SDK/adobe-flashaccess-sdk.jar</i>&gt;; 
    com.adobe.flashaccess.refimpl.util.ScrambleUtil your_pfx_password</codeblock> 
		  </info> 
		</step> 
	 </steps> 
	 <result id="result_CF931E4207D74CD78B9B0FC0A63757B7"/> 
  </taskbody> 
</task> 
