<?xml version="1.0" encoding="UTF-8"?>
<!DOCTYPE task PUBLIC "-//OASIS//DTD DITA Task//EN" "task.dtd">
<task id="t_drm_ref-impl-config-server-for-demo-mode"> 
  <title>Configure usage model demo mode</title> 
  <taskbody> 
	 <context id="context_729146A3D5BB47B5939645DC18123178"> 
		<p class="- topic/p ">Before the Reference Implementation server can
		  issue licenses for the usage model demo, you must configure the server to
		  specify how licenses are generated for each of the four usage models. This
		  means you need to specify a DRM policy for each usage model. The Reference
		  Implementation includes the following sample DRM policies in the 
		  <filepath>Reference Implementation/Server/Reference Implementation
			 Server/resources/</filepath> directory: 
		<ul id="ul_8DCF18A4F50549A293196C113C5073CF"> 
		  <li
			id="li_A6661E1A54944F7FAE254A7E1F1EB9A5"><codeph>dto-policy.pol</codeph> -
			 (Download-To-Own)
		  </li> 
		  <li
			id="li_13666915CBE94B91904E42E087896FAD"><codeph>vod-policy.pol</codeph> -
			 (Rental/Video-On-Demand)
		  </li> 
		  <li
			id="li_80B191594E6047319A4B89AB297931C3"><codeph>sub-policy.pol</codeph> -
			 (Subscription)
		  </li> 
		  <li
			id="li_89B7DBD222E84DDDA7A32295F346196B"><codeph>ad-policy.pol</codeph> -
			 (Ad-funded)
		  </li> 
		</ul> 
		</p> 
		<note>You can substitute these sample policies with your own DRM
		  policies. 
		</note> 
	 </context> 
	 <steps id="steps_98EC8EC1F5D34F81888D28FFF031F34D"> 
		<step id="step_0FE411361B7743E29748B65CBA72FE4F"> 
		  <cmd>Set these properties in 
			 <filepath>flashaccess-refimpl.properties</filepath> to specify the
			 DRM policy that you plan to apply to each usage model:
		  </cmd> 
		  <info> 
			 <codeblock xml:space="preserve" class="+ topic/pre pr-d/codeblock "># DRM Policy file name for Download To Own usage 
RefImpl.UsageModelDemo.Policy.DTO=dto-policy.pol 
# DRM Policy file name for Rental usage 
RefImpl.UsageModelDemo.Policy.VOD=vod-policy.pol 
# DRM Policy file name for Subscription usage 
RefImpl.UsageModelDemo.Policy.Subscribe=sub-policy.pol 
# DRM Policy file name for Ad Supported (free) usage 
RefImpl.UsageModelDemo.Policy.Free=ad-policy.pol</codeblock> 
		  </info> 
		</step> 
		<step id="step_F6DC8806CA0C4534BE8F086F7B095CDC"> 
		  <cmd>Copy your sample policy files to the directory you specify in the 
			 <codeph
			  class="+ topic/ph pr-d/codeph ">config.resourcesDirectory</codeph> property in 
			 <filepath>flashaccess-refimpl.properties</filepath>.
		  </cmd> 
		</step> 
	 </steps> 
  </taskbody> 
</task> 
