<?xml version="1.0" encoding="UTF-8"?>
<!DOCTYPE task PUBLIC "-//OASIS//DTD DITA Task//EN" "task.dtd">
<task id="task_ssn_hkx_fs"> 
  <title>Configure the license server database</title> 
  <taskbody> 
	 <context id="context_0D8D94B6AF234697AF7C494197743DE1"> 
		<p>To configure the sample database by setting up the database schema and
		  populating the database with sample data: 
		</p> 
	 </context> 
	 <steps id="steps_3A4BDC7DD0E6458FA712A67CB50F0ABB"> 
		<step id="step_8BE8AE4243FA4FDEAB371EE05CAD101D"> 
		  <cmd>Bring up the MySQL command line. 
		  </cmd> 
		  <info> 
			 <p><b>On Windows -</b> Click 
				<menucascade> 
				  <uicontrol>Window's Start Menu 
				  </uicontrol> 
				  <uicontrol>MySQL</uicontrol> 
				  <uicontrol>MySQL Server 5.1</uicontrol> 
				  <uicontrol>MySQL Command Line Client</uicontrol> 
				</menucascade> 
			 </p> 
			 <p><b>On Linux, etc.</b> - Type 
				<codeph>MySQL</codeph>. 
			 </p> 
		  </info> 
		</step> 
		<step id="step_E93C81DB99CF476587D692296AD5047E"> 
		  <cmd>Execute the following SQL script: 
		  </cmd> 
		  <info>mysql&gt; source “<codeph>"[DRM SDK DVD]\Reference
				Implementation\Server\Reference Implementation
				Server\dbscript\createsampledb.sql" dbscript\createsampledb.sql</codeph>” 
			 <p>This script adds the user account 
				<codeph class="+ topic/ph pr-d/codeph ">dbuser</codeph>,
				establishes a connection through a web application, and creates a database
				schema. 
				<note>Ensure that there is no semicolon (<codeph>;</codeph>) at the
				  end of the script. 
				</note> 
			 </p> 
		  </info> 
		</step> 
		<step id="step_FDBCB46DD7EE498884F75C27EBAD04BF"> 
		  <cmd>Edit the 
			 <codeph>PopulateSampleDB.sql</codeph> script that populates sample
			 data in the tables to include data for your testing. 
		  </cmd> 
		  <info>This script is located in the 
			 <codeph>[DRM SDK DVD]\Reference Implementation\Server\Reference
				Implementation Server\dbscript\ dbscript\</codeph> folder. 
		  </info> 
		</step> 
		<step id="step_4211DDD56D2C44D88588E75CAECD58D3"> 
		  <cmd>Execute the 
			 <filepath>PopulateSampleDB</filepath> script to populate the data as
			 you did in step 2. 
		  </cmd> 
		  <info> 
			 <note class="- topic/note ">The first time that you run the 
				<filepath>CreateSampleDB.sql</filepath> script the following error
				occurs: 
				<msgph>ERROR 1396 (HY000): Operation DROP USER failed for
				  'dbuser'@'localhost' Query OK, 0 rows affected (0.00 sec).</msgph> 
			 </note> 
			 <p class="- topic/p ">You can safely ignore this error. It only
				occurs the first time you run this script. 
			 </p> 
		  </info> 
		</step> 
	 </steps> 
	 <postreq id="postreq_A9BBC33932A9483289C9D4EC3867A536">

		<p class="- topic/p ">You need to configure the Database Connection
		  Pooling (DBCP), which uses the Jakarta-Commons Database Connection Pool. A JNDI
		  Datasource TestDB is configured to take advantage of this application server
		  connection pooling. To change the database connection to point to a MySQL
		  server that is not on localhost, modify one of the following files: 
		<ul id="ul_89E46E5DA51E4D80B4BF1135DBAD9B30"> 
		  <li id="li_574CD0F43C8B45E285FF54474BEFAF49">The 
			 <filepath>META-INF\context.xml</filepath> file, which specifies the
			 location, username, and password of the license server's database that is in
			 the 
			 <filepath>flashaccess.war</filepath> file. 
		  </li> 
		  <li id="li_C9A95DE0E98C4B4B888029CCB0E98BFB">The 
			 <codeph>[DRM SDK DVD]\Reference Implementation\Server\Reference
				Implementation Server\refimpl\WebContent/META-INF\context.xml</codeph> file. 
		  </li> 
		</ul> 
		</p> 
		<p>and recreate the WAR file by using the updated files. 
		</p> 
		<p>To change any of these parameters, edit the 
		  <filepath>context.xml</filepath> file in the 
		  <filepath>WebContent</filepath> directory and use the Ant script to
		  recreate the WAR file. To tune the database, change the JNDI datasource
		  settings in this file. 
		</p> 
		<p class="- topic/p ">If you debug the Reference Implementation project
		  in Eclipse, add 
		  <codeph>$CATALINA_HOME\lib\tomcat-dbcp.jar</codeph> to your run/debug
		  configuration. 
		</p> 
		<note>If you run the 
		  <filepath>flashaccess.war</filepath> file on a standalone Tomcat 6.0
		  server, this step is not required. 
		</note> 
	 </postreq> 
  </taskbody> 
</task> 
