<?xml version="1.0" encoding="UTF-8"?>
<!DOCTYPE task PUBLIC "-//OASIS//DTD DITA Task//EN" "task.dtd">
<task
 id="c_drm_ref-impl-license-server-config-prep-pws-for-server-props-files"> 
  <title class="- topic/title ">Prepare passwords for the Server properties
	 files</title> 
  <taskbody> 
	 <context id="context_006836D53098409A8D03EF4B1FBD5C72"> 
		<p class="- topic/p ">The reference implementation provides 
		  <codeph>ScrambleUtil.class</codeph>, a class that ensures the security
		  of your credential's password. 
		</p> 
	 </context> 
	 <steps id="steps_5DF2747764804F53AD4775B1E421D4C3"> 
		<step id="step_670678DB965D4B8DB0E0CF13BADB7D05"> 
		  <cmd>Use this tool to encrypt the password before you include it in the
			 
			 <filepath>flashaccess-refimpl.properties</filepath> file. 
		  </cmd> 
		  <info>To run the tool, you can use either an Ant script or Java. 
		  </info> 
		</step> 
	 </steps> 
	 <result id="result_7C1FF2E3134045659F78EE8DAE316EFB"> 
		<p class="- topic/p ">The utility generates the encrypted password, which
		  you must copy to the 
		  <filepath>flashaccess-refimpl.properties</filepath> file. 
		</p> 
		<note class="- topic/note ">Passwords that have been encoded with the 
		  <codeph>ScrambleUtil.class</codeph> that has been provided with the
		  reference implementation do not work with the Primetime DRM Server for
		  Protected Streaming. 
		</note> 
	 </result> 
  </taskbody> 
</task> 
