<?xml version="1.0" encoding="UTF-8"?>
<!DOCTYPE task PUBLIC "-//OASIS//DTD DITA Task//EN" "task.dtd">
<task id="t_drm_ref-impl-deploy-a-license-server"> 
  <title class="- topic/title ">Deploy the license server</title> 
  <taskbody> 
	 <steps id="steps_1726DFFA4A8A41B6BDBDA87CC4E01668"> 
		<step id="step_7B4F14A50F4D47268DD7E7D255101174"> 
		  <cmd>Copy your reference implementation war files to the 
			 <codeph>webapps</codeph> directory on your Tomcat server. 
		  </cmd> 
		  <info> 
			 <p class="- topic/p ">To use the reference implementation license
				server as is, you can simply copy the license server WAR file (<codeph>[DRM SDK
				  DVD]\Reference Implementation\Server\Reference Implementation
				  Server\\flashaccess.war</codeph>) to the 
				<codeph>webapps</codeph> directory on your Tomcat server. 
			 </p> 
			 <p class="- topic/p ">If you are customizing the reference
				implementation license server, copy the server war files you built from 
				<codeph>DRM SDK DVD]\Reference Implementation\Server\Reference
				  Implementation Server\refimpl-build\wars</codeph> to the 
				<codeph>webapps</codeph> directory. 
				<note>If you previously deployed license server WAR files, you
				  might need to delete the unpacked WAR directories in the 
				  <filepath>webapps</filepath> directory on the Tomcat server: 
				  <ul id="ul_b1g_1zz_lt"> 
					 <li
					  id="li_973704A10E4C440FB8AC9A6A1B9FFF6C"><filepath>webapps/flashaccess</filepath>
						
					 </li> 
					 <li
					  id="li_16979B6E233744A2B6A7EA3142EE670F"><filepath>webapps/edcws</filepath> 
					 </li> 
				  </ul> 
				  <p> 
					 <note>Do not deploy 
						<filepath>edsws.war</filepath> unless you require backwards
						compatibility with Flash Media Rights Management (FMRMS) v1.5 content. (This is
						a very rare requirement.) 
					 </note> 
				  </p> 
				  <p>If you prefer to prevent Tomcat from unpacking WAR files, edit
					 
					 <codeph>server.xml</codeph> in the 
					 <codeph>conf</codeph> directory and set 
					 <codeph>unpackWARs</codeph> to 
					 <codeph>false</codeph> 
				  </p> 
				</note>. 
			 </p> 
		  </info> 
		</step> 
		<step id="step_AE3C24ABE1164404827C5851D05EC6C0"> 
		  <cmd>Copy the entire contents of the 
			 <codeph>[DRM SDK DVD]\Reference Implementation\Server\Reference
				Implementation Server\resources\</codeph> directory into your 
			 <filepath>tomcat</filepath> directory. 
		  </cmd> 
		  <info>The 
			 <filepath>resources</filepath> directory includes: 
			 <ul id="ul_xpd_zhk_b5"> 
				<li
				 id="li_FBC2C167565A4E3D93E131619D040028"><filepath>flashaccesstools.properties</filepath>
				  - The license server properties file. 
				</li> 
				<li
				 id="li_3873025851124CBAB6FFB9F8A085F42E"><filepath>log4j.xml</filepath> -
				  License server logging configuration 
				</li> 
				<li
				 id="li_FA80D064AECD47C3B701D147523DA2ED"><filepath>*.pol</filepath> - Sample
				  DRM policy files. 
				</li> 
			 </ul> 
			 <p>In addition, you may also choose to copy the Adobe certification
				files to this location. 
			 </p> 
		  </info> 
		</step> 
		<step id="step_8CCDCBD57EA6444C939917207FDABE44"> 
		  <cmd>Modify license server settings in 
			 <filepath>flashaccesstools.properties</filepath> to reflect your
			 server setup. 
		  </cmd> 
		  <info> 
			 <p>At a minimum, set values for the following properties: 
			 <ul id="ul_l5m_f4l_zt"> 
				<li
				 id="li_F224C16622524128BE5562937B40F54F"><codeph>config.resourcesDirectory</codeph>
				  
				</li> 
				<li
				 id="li_A476DE536CBA405EB02D852907655310"><codeph>HandlerConfiguration.ServerTransportCredential</codeph>
				  
				</li> 
				<li
				 id="li_EA6A3C24C593468FA8B5B69D8261BE9D"><codeph>HandlerConfiguration.ServerTransportCredential.password</codeph>
				  
				</li> 
				<li
				 id="li_BBFCA961A6E44258A06C0465D3A0AC32"><codeph>LicenseHandler.ServerCredential</codeph>
				  
				</li> 
				<li
				 id="li_9EAE2AE21F8843F596619D8D7FF92D5B"><codeph>LicenseHandler.ServerCredential.password</codeph>
				  
				</li> 
				<li
				 id="li_FC8DCE34D4E046D1BDA9212D9EE0D039"><codeph>MetaDataConverter.SignatureParameters.ServerCredential</codeph>
				  
				</li> 
				<li
				 id="li_4FAD40C963D14E3A955FD97808C9043B"><codeph>MetaDataConverter.SignatureParameters.ServerCredential.password</codeph>
				  
				</li> 
				<li
				 id="li_CD4A3BE93B3945F398F5BC04767AB5BA"><codeph>V2KeyParameters.LicenseServerUrl</codeph>
				  
				</li> 
				<li
				 id="li_8281F9C3B8894E8FA8C29EBD9EC2E75E"><codeph>V2KeyParameters.KeyOptions.AsymmetricKeyOptions.Certificate</codeph>
				  
				</li> 
				<li id="li_5EE94064B8D546F7BFE4BE729D203E07"> 
				  <p>V2KeyParameters.LicenseServerTransportCertificate 
				  </p> 
				</li> 
			 </ul> 
			 </p> 
		  </info> 
		</step> 
		<step id="step_32F311958A6A4FB0854628472C208C9A"> 
		  <cmd>Edit the 
			 <codeph>catalina.properties</codeph> file in your Tomcat 
			 <codeph>conf</codeph> directory; add the location of your 
			 <filepath>resources</filepath> directory (or the alternate location
			 where you have stored your properties file and other resource files) to the 
			 <codeph>shared.loader</codeph> property. 
		  </cmd> 
		  <info>For example, if you have 
			 <codeph>flashaccess-refimpl.properties</codeph> located in 
			 <filepath>[Tomcat home]\resources\</filepath>: 
			 <codeblock>shared.loader=..\resources</codeblock>This places 
			 <codeph>flashaccess-refimpl.properties</codeph> on the classpath. 
		  </info> 
		</step> 
		<step id="step_EA13867DA7D54BE89FB59B429CA7816C"> 
		  <cmd>Ensure that your other resource files
			 (<filepath>log4j.xml</filepath>, policy files, certifications) are either in
			 the 
			 <filepath>resources</filepath> directory or are otherwise on the
			 classpath and their location specified in 
			 <filepath>flashaccess-refimpl.properties</filepath>. 
		  </cmd> 
		  <info>You will likely want to initially run 
			 <codeph>log4j</codeph> in debug mode. In 
			 <filepath>log4j.xml</filepath>, set 
			 <codeph>debug</codeph> to true: 
			 <codeblock>&lt;log4j:configuration xmlns:log4j="http://jakarta.apache.org/log4j/" <b>debug="true"</b>&gt;
...
</codeblock> 
		  </info> 
		</step> 
		<step id="step_DBD2D69817B942C5ACB35F7424A02148"> 
		  <cmd>From the Tomcat 
			 <filepath>bin</filepath> directory, start your server. 
		  </cmd> 
		  <info> 
			 <p>On Linux: 
				<codeblock>catalina.sh start</codeblock> 
			 </p> 
			 <p>On Windows: 
				<codeblock>catalina.bat start</codeblock> 
			 </p> 
		  </info> 
		</step> 
	 </steps> 
  </taskbody> 
</task> 
