<?xml version="1.0" encoding="UTF-8"?>
<!DOCTYPE concept PUBLIC "-//OASIS//DTD DITA Concept//EN" "concept.dtd">
<concept id="c_drm_ref-impl-impl-domain-registration"> 
  <title class="- topic/title ">Overview</title> 
  <conbody> 
	 <p>The reference implementation license server demonstrates two variations
		on domain registration business logic: 
	 <ul id="ul_cqn_3xc_b5"> 
		<li id="li_8E111CEBEE52499FB48330DB7203E227"><b>Identity-based</b> - Each
		  authenticated user has a domain and a specific number of devices that can join
		  the domain.
		</li> 
		<li id="li_2101941967D34A97A594E26E37695E6F"><b>Anonymous</b> - A large
		  number of devices belong to one domain, and authentication may not be required.
		  
		</li> 
	 </ul> 
	 </p> 
  </conbody> 
</concept> 
