<?xml version="1.0" encoding="UTF-8"?>
<!DOCTYPE concept PUBLIC "-//OASIS//DTD DITA Concept//EN" "concept.dtd">
<concept id="c_drm_ref-impl-impl-domain-registration-id-based-domains"> 
  <title class="- topic/title ">Identity-based domain registration
	 logic</title> 
  <conbody> 
	 <section id="section_149C247458954877AF158B4A09A8526B"> 
		<title>Domain registration logic</title> 
		<p>The reference implementation applies the following logic for
		  identity-based domain registration: 
		</p> 
		<ol class="- topic/ol " id="ol_jsw_h1z_n4"> 
		  <li class="- topic/li "
			id="li_F00977479D684CA49D2B844BAFC5CBA0">Determine the domain name to assign to
			 a designated user. 
			 <p>The domain name (<codeph
				class="+ topic/ph pr-d/codeph ">namequalifier:username</codeph>) is extracted
				from the authentication token. If a token is not available, error 
				<msgph>DOM_AUTHENTICATION_REQUIRED (503)</msgph> is thrown. 
			 </p> 
		  </li> 
		  <li class="- topic/li " id="li_AD44FC7CCDC14B8A971475ECC41D9654">Look
			 up the domain name in the 
			 <codeph class="+ topic/ph pr-d/codeph ">DomainServerInfo</codeph>
			 table. 
			 <p>If no entry is found, insert an entry. The default values are: 
			 <ul id="ul_jmt_5dd_b5"> 
				<li id="li_97C713DB848841F68D8621DA4173C97F"><codeph>authentication
					 required</codeph> 
				</li> 
				<li id="li_D1365695C6164BC2AF904A431DE57CF1"><codeph>max domain
					 membership=5</codeph>
				</li> 
			 </ul>. 
			 </p> 
		  </li> 
		  <li class="- topic/li " id="li_B0D796F1BE264177A4524601370DCE06">To
			 verify that the device has been registered with the domain: 
			 <ol class="- topic/ol " id="ol_atw_h1z_n4"> 
				<li class="- topic/li "
				 id="li_CBA3CE2F644D474F840698D1F4F43A1A">Look up the 
				  <codeph>domainname</codeph> in the 
				  <codeph
					class="+ topic/ph pr-d/codeph ">UserDomainMembership</codeph> table: 
				  <ol id="ol_B2765B37411A47ADA25814B4BB367960"> 
					 <li id="li_FD8F49124E5A4D189CBCB774D3703459">For each machine
						ID that is located, compare the ID with the machine ID in the request. 
					 </li> 
					 <li id="li_67986092A0B7434B93791B6C03FBEA6A">If this is a new
						machine, add an entry to the 
						<codeph
						 class="+ topic/ph pr-d/codeph ">UserDomainMembership</codeph> table. 
					 </li> 
					 <li id="li_A73C718C1B1F4558BBDC2DF6871A1167">Search for the
						matching records in 
						<codeph
						 class="+ topic/ph pr-d/codeph ">UserDomainRefCount</codeph> table. 
					 </li> 
					 <li id="li_633F4D803BB64A5FA50CE3731F3D7D08">If an entry does
						not exist for this machine GUID, add a record. 
					 </li> 
				  </ol> 
				</li> 
				<li class="- topic/li " id="li_25AE5BE560914F5D812FE33CC98242D1">If
				  it is a new device, and the 
				  <codeph>Max Membership</codeph> value has been reached, return
				  error 
				  <msgph>DOM_LIMIT_REACHED (502)</msgph>. 
				</li> 
			 </ol> 
		  </li> 
		  <li class="- topic/li " id="li_4A3050AF47184D5E9A5E6DF7DB887F48">Look
			 up all the domain keys for this domain in the 
			 <codeph>DomainKeys</codeph> table: 
			 <ol class="- topic/ol " id="ol_ltw_h1z_n4"> 
				<li class="- topic/li " id="li_9004CBC752464E60AD0BE24D430949EF">If
				  
				  <codeph class="+ topic/ph pr-d/codeph ">DomainServerInfo</codeph>
				  indicates that the keys need to be rolled over, generate a new key pair, 
				</li> 
				<li class="- topic/li "
				 id="li_59540C3A4CAB4125B99DDBB024DC4C95">Save the pair in the 
				  <codeph class="+ topic/ph pr-d/codeph ">DomainKeys</codeph>
				  table, with a key version that is one higher than the highest existing key. 
				</li> 
				<li class="- topic/li "
				 id="li_4D91CE88D28E473FAAD9B86449C04E65">Reset the 
				  <codeph>Key Rollover Required</codeph> flag in 
				  <codeph
					class="+ topic/ph pr-d/codeph ">DomainServerInfo</codeph>. 
				</li> 
				<li class="- topic/li "
				 id="li_F88696379E8143D398BA2977C8597F28">For each domain key, generate a domain
				  credential. 
				</li> 
			 </ol> 
		  </li> 
		</ol> 
	 </section> 
	 <section id="section_78AFA63D8F744BE6BCA10A51B4FCBA22"> 
		<title>Domain de-registration logic</title> 
		<p class="- topic/p ">The reference implementation applies the following
		  logic for identity-based domain de-registration: 
		<ol class="- topic/ol " id="ol_vtw_h1z_n4"> 
		  <li class="- topic/li "
			id="li_4C919B59F5FD472D955EBB14A0492C22">Determine the domain name to assign to
			 this user. 
			 <p>The domain name is 
				<codeph
				 class="+ topic/ph pr-d/codeph ">namequalifier:username</codeph>, which is
				extracted from the authentication token. If no token is available, return error
				
				<codeph>DOM_AUTHENTICATION_REQUIRED (503)</codeph> occurs. 
			 </p> 
		  </li> 
		  <li class="- topic/li " id="li_5D5F16B68EEE45DB8C5B358882547223">Look
			 up the requested domain name in the 
			 <codeph class="+ topic/ph pr-d/codeph ">DomainServerInfo</codeph>
			 table. 
		  </li> 
		  <li class="- topic/li " id="li_695A2D88822C4D7783DA1EE3544BA9FD">Look
			 up the domain name in the 
			 <codeph class="+ topic/ph pr-d/codeph ">UserDomainMembership</codeph>
			 table. 
		  </li> 
		  <li id="li_DEEC7B8F9A744A41A235754985D08817">Compare each machine ID
			 that you find with the machine ID in the request. 
		  </li> 
		  <li id="li_579D0B1E3DB14FD8A2994355D35D16CB">Locate the corresponding
			 entry in the 
			 <codeph class="+ topic/ph pr-d/codeph ">UserDomainRefCount</codeph>
			 table. 
			 <p>If a matching entry is not located, return error 
				<msgph>DEREG_DENIED (401)</msgph>. 
			 </p> 
		  </li> 
		  <li class="- topic/li " id="li_FE1BE36CA6704C78971B77448DE35AEF">If
			 this is not a preview request, delete the entry from the 
			 <codeph class="+ topic/ph pr-d/codeph ">UserDomainRefCount</codeph>
			 table. 
		  </li> 
		  <li id="li_73B9F807B6E54A74B096A98733125D66">If there are no additional
			 entries in that table for the machine, delete the entry from 
			 <codeph class="+ topic/ph pr-d/codeph ">UserDomainMembership</codeph>
			 and set the 
			 <filepath>Key Rollover Required</filepath> flag in the 
			 <codeph class="+ topic/ph pr-d/codeph ">DomainServerInfo</codeph>
			 property. 
		  </li> 
		</ol> 
		</p> 
		<p class="- topic/p ">Each user can register a small number of machines,
		  so you can use the full machine ID and the 
		  <codeph class="+ topic/ph pr-d/codeph ">matches()</codeph> method to
		  count machines. Because a user can register multiple times, through multiple
		  AIR applications or Players in different browsers, the server needs to maintain
		  a reference count so that de-registration can also be counted. 
		</p> 
		<note>De-registration is not complete until all of the domain tokens on
		  the machine are surrendered. 
		</note> 
	 </section> 
  </conbody> 
</concept> 
