<?xml version="1.0" encoding="UTF-8"?>
<!DOCTYPE concept PUBLIC "-//OASIS//DTD DITA Concept//EN" "concept.dtd">
<concept id="c_drm_ref-impl-deploying-license-impl-usage-models"> 
  <title class="- topic/title ">Overview</title> 
  <conbody> 
	 <p class="- topic/p ">The Reference Implementation includes a demo mode
		option that demonstrates how to implement different usage models for a segment
		of packaged content. The demo mode features business logic for these usage
		models: 
	 <ul class="- topic/ul " id="ul_xy3_qyy_n4"> 
		<li class="- topic/li "
		 id="li_D2E6FB1CEB304256839EB78C6A33691C"><b>Download-To-Own (DTO)</b> - Users
		  can download the content online or offline, and are issued a permanent license
		  for the content. 
		</li> 
		<li class="- topic/li "
		 id="li_95BD515F11934A478755B80523F45149"><b>Rental/Video-On-Demand (VOD)</b> -
		  The available content comes with time-based restrictions. For example, users
		  can play content during a 30-day period. Once playback begins, the user has up
		  to 48 hours to finish watching the content. The content must be viewed in 30
		  days. 
		</li> 
		<li class="- topic/li "
		 id="li_3F5EF674950F42FDB2F64208A5CEC408"><b>Subscription (all-you-can-eat)</b>
		  - Some services offer paid subscriptions that give users unlimited access to a
		  large library of content as long as they continue to pay a monthly fee. The
		  license server issues a unique license for each segment of content and also
		  issues a root license that expires at the end of the subscription period. Each
		  month, when users renew their subscription, the root license must also be
		  renewed. 
		  <note>For the preceding usage models, after acquiring a license, users
			 must enter their credentials so that the server can verify that the users have
			 a rental account. 
		  </note> 
		</li> 
		<li class="- topic/li "
		 id="li_10F6C03E973D40E1AA455B35D626185F"><b>Ad-funded</b> - Content is
		  monetized by including advertising as part of the experience. With this model,
		  content can be distributed and does not require user authentication. 
		</li> 
	 </ul> 
	 </p> 
	 <p class="- topic/p ">In usage model demo mode, the business logic on the
		server controls the attributes for generated licenses. At packaging time your
		DRM policy only has to indicate whether or not authentication is required. 
	 </p> 
	 <p class="- topic/p ">To enable all four usage models, you only need to
		include two DRM policies: 
	 <ul id="ul_mhq_zvd_b5"> 
		<li id="li_5BA935DBAF2741FF8D1A5DAD69CB82CD">One DRM policy that allows
		  anonymous access for the Ad-funded model 
		</li> 
		<li id="li_EC32D3C157E24995B7E19543E031CC97">One DRM policy that requires
		  user name/password authentication for the other three usage models. 
		</li> 
	 </ul>When a user requests a license, a client application can determine
	 whether to prompt the user for authentication based on the authentication
	 information in the DRM policies. 
	 </p> 
  </conbody> 
</concept> 
