<?xml version="1.0" encoding="UTF-8"?>
<!DOCTYPE task PUBLIC "-//OASIS//DTD DITA Task//EN" "task.dtd">
<task id="t_drm_ref-impl-install-command-line-tools"> 
  <title>Install the command-line tools</title> 
  <taskbody> 
	 <steps id="steps_BDDB2B8E5CDB4771921A1D893948570E"> 
		<step id="step_A0B2A4391DB24439B1BD70332EBF136E"> 
		  <cmd>Copy the contents of the [DRM SDK DVD]\Reference
			 Implementation\Command Line Tools\ directory to a working directory on your
			 system.
		  </cmd> 
		  <info><filepath>.../Command Line Tools/</filepath> contents:
			 <ul id="ul_yfj_w3j_pt"> 
				<li
				 id="li_149499AEFEE746638B450040D1B758D3"><filepath>flashaccesstools.properties</filepath>
				  - The default configuration file for the command-line tools. 
				</li> 
				<li
				 id="li_99AA7B671F834B52B0A4B0A9C23E2796"><filepath>libs/</filepath> - Contains
				  the command-line tools JAR files
				</li> 
				<li
				 id="li_13AADB5E55F44C33A7F1E182C2CFA5D7"><filepath>samples/</filepath> -
				  Contains the ant build script (<filepath>build-samples.xml</filepath>) and Java
				  source files. 
				  <note> 
					 <p>The Java source files demonstrate how to use the Primetime
						DRM SDK APIs. To build and run the samples, run the 
						<filepath>build-samples.xml</filepath> Ant script in 
						<filepath>samples/</filepath>. 
					 </p> 
				  </note>
				</li> 
			 </ul>
		  </info> 
		</step> 
	 </steps> 
	 <result id="result_565F3A783A414110AC2C116259C7B187"/> 
  </taskbody> 
</task> 
