<?xml version="1.0" encoding="UTF-8"?>
<!DOCTYPE concept PUBLIC "-//OASIS//DTD DITA Concept//EN" "concept.dtd">
<concept id="c_drm_ref-impl-license-generator-config-file-props"> 
  <title class="- topic/title ">Configuration file properties</title> 
  <conbody> 
	 <p>Before running the License Generator, you need to specify values for the
		License Generator properties in the configuration file. 
		<note>For property names that include 
		  <i class="+ topic/ph hi-d/i ">n</i>, 
		  <i class="+ topic/ph hi-d/i ">n</i> represents an integer that starts
		  with 1 and increases for each instance of the property.
		</note> 
	 </p> 
	 <table frame="all" colsep="1" rowsep="1"
	  class="+ topic/table adobe-d/table " id="table_qk1_rry_n4"> 
		<tgroup cols="2" colsep="1" rowsep="1" outputclass="Table.format"
		 class="- topic/tgroup "> 
		  <colspec colnum="1" colname="1" colwidth="2.000in"
			class="- topic/colspec "/> 
		  <colspec colnum="2" colname="2" colwidth="3.056in"
			class="- topic/colspec "/> 
		  <thead class="- topic/thead "> 
			 <row rowsep="1" class="- topic/row "> 
				<entry colname="1" class="- topic/entry ">Property 
				</entry> 
				<entry colname="2" class="- topic/entry ">Description 
				</entry> 
			 </row> 
		  </thead> 
		  <tbody class="- topic/tbody "> 
			 <row rowsep="1" class="- topic/row "> 
				<entry colname="1" class="- topic/entry "><codeph
				  class="+ topic/ph pr-d/codeph ">licensegen.minClientVersion</codeph> 
				</entry> 
				<entry colname="2" class="- topic/entry "> 
				  <p>Sets the currently supported minimum client version. If you do
					 not set this property, all versions are automatically supported by default. 
				  </p> 
				  <p>You can set this value to control how older clients respond to
					 the license requirements that they do not support. Specify 
					 <codeph>x</codeph> (for Adobe Primetime DRM x.0) where 
					 <codeph>x</codeph> represents a major release number. 
				  </p> 
				</entry> 
			 </row> 
			 <row rowsep="1" class="- topic/row "> 
				<entry colname="1" class="- topic/entry "><codeph
				  class="+ topic/ph pr-d/codeph ">licensegen.keyServerCert</codeph> 
				</entry> 
				<entry colname="2" class="- topic/entry ">Key Server Certificate,
				  which is an Adobe-issued License Server certificate that is used by the Key
				  Server. This certificate is applied only if the metadata/DRM policy indicates
				  that a Key Server is required for key delivery to iOS devices. 
				</entry> 
			 </row> 
			 <row rowsep="1" class="- topic/row "> 
				<entry colname="1" class="- topic/entry "><codeph
				  class="+ topic/ph pr-d/codeph ">licensegen.sign.certfile</codeph> 
				</entry> 
				<entry colname="2" class="- topic/entry ">The PKCS12 file that
				  includes the License Server credentials for signing licenses. This property
				  needs to refer to a .pfx file that includes a certificate and private key. 
				</entry> 
			 </row> 
			 <row rowsep="1" class="- topic/row "> 
				<entry colname="1" class="- topic/entry "><codeph
				  class="+ topic/ph pr-d/codeph ">licensegen.sign.certpass</codeph> 
				</entry> 
				<entry colname="2" class="- topic/entry ">The password that
				  protects the file that you have specified with the 
				  <codeph
					class="+ topic/ph pr-d/codeph ">licensegen.sign.certfile</codeph> option. 
				</entry> 
			 </row> 
			 <row rowsep="1" class="- topic/row "> 
				<entry colname="1" class="- topic/entry "><codeph
				  class="+ topic/ph pr-d/codeph ">licensegen.domainca.<i
					 class="+ topic/ph hi-d/i ">n</i></codeph> 
				</entry> 
				<entry colname="2" class="- topic/entry "> 
				  <p>If you generate domain-bound licenses, you must specify one or
					 more Domain CA certificates to indicate the domain authorities that the license
					 issuer can trust. 
				  </p> 
				  <p>If the license recipient is a domain certificate, which was
					 not issued by one of the specified Domain CAs, then a license cannot be
					 generated. This property specifies a 
					 <filepath>.cer</filepath> file that includes the certificate in
					 the PEM or the DER format. 
					 <codeph><i>n</i></codeph> must increase monotonically, starting
					 from 1. 
				  </p> 
				</entry> 
			 </row> 
			 <row rowsep="1" class="- topic/row "> 
				<entry colname="1" class="- topic/entry "> 
				  <lines><codeph class="+ topic/ph pr-d/codeph ">licensegen.keys.asymmetric.
licenseServerCredential.<i class="+ topic/ph hi-d/i ">n</i></codeph></lines> 
				</entry> 
				<entry colname="2" class="- topic/entry "> 
				  <p class="- topic/p ">Optional PKCS12 file that includes
					 additional License Server credentials for decrypting the CEK in the metadata
					 and DRM policy. You can configure additional credentials if content has
					 previously been packaged with a License Server certificate other than those
					 credential that have been specified with 
					 <codeph>licensegen.sign.certfile</codeph>. This property needs
					 to refer to a 
					 <filepath>.pfx</filepath> file that includes a certificate and
					 private key. 
					 <codeph><i>n</i></codeph> must increase monotonically, starting
					 from 1. 
				  </p> 
				</entry> 
			 </row> 
			 <row rowsep="0" class="- topic/row "> 
				<entry colname="1" class="- topic/entry "> 
				  <lines><codeph class="+ topic/ph pr-d/codeph ">licensegen.keys.asymmetric.
licenseServerCredential.<i class="+ topic/ph hi-d/i ">n</i>.password</codeph></lines> 
				</entry> 
				<entry colname="2" class="- topic/entry "> 
				  <p>The password is applied to protect the file that you have
					 specified with the<codeph
					 class="+ topic/ph pr-d/codeph ">licensegen.keys.asymmetric.licenseServerCredential.n</codeph>
					 property. 
				  </p> 
				</entry> 
			 </row> 
		  </tbody> 
		</tgroup> 
	 </table> 
  </conbody> 
</concept> 
