<?xml version="1.0" encoding="UTF-8"?>
<!DOCTYPE concept PUBLIC "-//OASIS//DTD DITA Concept//EN" "concept.dtd">
<concept id="c_drm_ref-impl-license-generator"> 
  <title class="- topic/title ">Overview</title> 
  <conbody> 
	 <p>Use 
		<filepath>AdobeLicenseGenerator.jar</filepath> to generate licenses
		without requiring the client to send a license request to a server. You can
		then embed a pre-generated license in the content, or deliver the license to
		the client through other mechanisms, such as a simple HTTP web server. 
	 </p> 
  </conbody> 
</concept> 
