<?xml version="1.0" encoding="UTF-8"?>
<!DOCTYPE concept PUBLIC "-//OASIS//DTD DITA Concept//EN" "concept.dtd">
<concept id="c_drm_ref-impl-license-generator-command-line-usage"> 
  <title class="- topic/title ">License Generator command-line usage</title> 
  <conbody> 
	 <p class="- topic/p "><b>Generate a license:</b> 
	 </p> 
	 <p class="- topic/p "> 
		<codeblock>java -jar AdobeLicenseGenerator.jar -m <i class="+ topic/ph hi-d/i ">metadata</i> <i class="+ topic/ph hi-d/i ">[options]</i></codeblock> 
	 </p> 
	 <ul class="- topic/ul " id="ul_tyy_spy_n4"> 
		<li class="- topic/li " id="li_DAF7599972AA452AB63A3A99A04A309B"><codeph
		  class="+ topic/ph pr-d/codeph "><i>metadata</i></codeph> - Includes the Adobe
		  Primetime DRM metadata. 
		  <p>You can retrieve this file from protected content with the 
			 <codeph class="+ topic/ph pr-d/codeph ">-d -m</codeph> options in the
			 Media Packager. 
		  </p> 
		</li> 
	 </ul> 
	 <p class="- topic/p "><b>Display a previously generated license:</b> 
	 </p> 
	 <p> 
		<codeblock>java -jar AdobeLicenseGenerator.jar -d <i class="+ topic/ph hi-d/i ">license</i></codeblock> 
	 </p> 
	 <ul id="ul_hzc_d1r_yt"> 
		<li id="li_873E1CAB98554D5AB2D2EB687182570B"><codeph
		  class="+ topic/ph pr-d/codeph "><i>license</i></codeph> - Contains a Adobe
		  Primetime DRM license generated by the License Generator. 
		</li> 
	 </ul> 
	 <table frame="all" colsep="1" rowsep="1"
	  class="+ topic/table adobe-d/table " id="table_skr_vry_n4"> 
	 <title>Options:</title> 
	 <tgroup cols="2" colsep="1" rowsep="1" outputclass="Table.format"
	  class="- topic/tgroup "> 
		<colspec colnum="1" colname="1" colwidth="3in" class="- topic/colspec "/>
		
		<colspec colnum="2" colname="2" colwidth="5in" class="- topic/colspec "/>
		
		<thead class="- topic/thead "> 
		  <row rowsep="1" class="- topic/row "> 
			 <entry colname="1" class="- topic/entry "> 
				<p class="- topic/p ">Command Line Option 
				</p> 
			 </entry> 
			 <entry colname="2" class="- topic/entry "> 
				<p class="- topic/p ">Description 
				</p> 
			 </entry> 
		  </row> 
		</thead> 
		<tbody class="- topic/tbody "> 
		  <row rowsep="1" class="- topic/row "> 
			 <entry colname="1" class="- topic/entry "><codeph
				class="+ topic/ph pr-d/codeph ">-c 
				  <i class="+ topic/ph hi-d/i ">configfile</i></codeph> 
			 </entry> 
			 <entry colname="2" class="- topic/entry "> 
				<p class="- topic/p ">Specifies the name and location of the
				  configuration file. 
				</p> 
				<p class="- topic/p ">If you do not specify a name or a location,
				  the DRM License Generator searches for 
				  <filepath>flashaccesstools.properties</filepath> in the current
				  working directory. 
				</p> 
				<note>Options that you specify on the command line take precedence
				  over the options you specify in the configuration file. 
				</note> 
			 </entry> 
		  </row> 
		  <row rowsep="1" class="- topic/row "> 
			 <entry colname="1" class="- topic/entry "> 
				<p class="- topic/p ">-d 
				  <i class="+ topic/ph hi-d/i "><codeph
					 class="+ topic/ph pr-d/codeph ">licensefile</codeph></i> 
				</p> 
			 </entry> 
			 <entry colname="2" class="- topic/entry ">Displays information about
				a license that has already been generated. 
			 </entry> 
		  </row> 
		  <row rowsep="1" class="- topic/row "> 
			 <entry colname="1" class="- topic/entry "><codeph
				class="+ topic/ph pr-d/codeph ">-leaf 
				  <i>leaf-filename</i></codeph> 
			 </entry> 
			 <entry colname="2" class="- topic/entry ">Generates a leaf license
				and saves the output in a specified file. 
			 </entry> 
		  </row> 
		  <row rowsep="1" class="- topic/row "> 
			 <entry colname="1" class="- topic/entry "><codeph
				class="+ topic/ph pr-d/codeph ">-m 
				  <i class="+ topic/ph hi-d/i ">metadata-filename</i></codeph> 
			 </entry> 
			 <entry colname="2" class="- topic/entry ">Specifies the content
				metadata for which you need to generate a license. This option is required to
				generate a license. 
			 </entry> 
		  </row> 
		  <row rowsep="1" class="- topic/row "> 
			 <entry colname="1" class="- topic/entry "><codeph>-noprompt</codeph> 
			 </entry> 
			 <entry colname="2" class="- topic/entry ">Do not ask if the
				destination file should be overwritten. If the destination file already exists
				and the 
				<codeph>-o</codeph> has not been set, an error occurs. 
			 </entry> 
		  </row> 
		  <row rowsep="1" class="- topic/row "> 
			 <entry colname="1" class="- topic/entry "><codeph>-o</codeph> 
			 </entry> 
			 <entry colname="2" class="- topic/entry ">If the destination file
				already exists, you can overwrite it without being prompted. 
			 </entry> 
		  </row> 
		  <row rowsep="1" class="- topic/row "> 
			 <entry colname="1" class="- topic/entry "><codeph
				class="+ topic/ph pr-d/codeph ">-policy 
				  <i>policy-num</i></codeph> 
			 </entry> 
			 <entry colname="2" class="- topic/entry "> 
				<p>If the metadata includes multiple DRM policies, you can specify
				  the number of DRM policies that you can use to generate a license. 
				</p> 
				<p>If you do not specify the number of DRM policies, the first DRM
				  policy is automatically applied. 
				</p> 
			 </entry> 
		  </row> 
		  <row rowsep="1" class="- topic/row "> 
			 <entry colname="1" class="- topic/entry "><codeph
				class="+ topic/ph pr-d/codeph ">-r 
				  <i>recipient-cert</i></codeph> 
			 </entry> 
			 <entry colname="2" class="- topic/entry ">Generates a license for a
				specified recipient. You can use a device or domain certificate, and you can
				specify multiple 
				<codeph class="+ topic/ph pr-d/codeph ">-r 
				</codeph>options to create a license for multiple recipients. 
			 </entry> 
		  </row> 
		  <row rowsep="0" class="- topic/row "> 
			 <entry colname="1" class="- topic/entry "><codeph
				class="+ topic/ph pr-d/codeph ">-root 
				  <i>root-filename</i></codeph> 
			 </entry> 
			 <entry colname="2" class="- topic/entry ">Generates a root license
				and saves the output to a file that you specify. 
			 </entry> 
		  </row> 
		</tbody> 
	 </tgroup> 
	 </table> 
  </conbody> 
</concept> 
