<?xml version="1.0" encoding="UTF-8"?>
<!DOCTYPE concept PUBLIC "-//OASIS//DTD DITA Concept//EN" "concept.dtd">
<concept id="c_drm_ref-impl-license-server-and-wfp"> 
  <title class="- topic/title ">License server</title> 
  <shortdesc>The reference implementation server can help you create a fully
	 functional license server that uses all of the features of the Adobe Primetime
	 DRM Java SDK. 
  </shortdesc> 
  <conbody> 
	 <p>In this implementation, users are authenticated based on user entries in
		a database. The server includes demonstration business logic for issuing
		licenses and provides compatibility support for Flash Media Rights Management
		Server 1.0 and 1.5. 
	 </p> 
  </conbody> 
</concept> 
