<?xml version="1.0" encoding="UTF-8"?>
<!DOCTYPE concept PUBLIC "-//OASIS//DTD DITA Concept//EN" "concept.dtd">
<concept id="c_drm_ref-impl-media-packager"> 
  <title class="- topic/title ">Overview</title> 
  <conbody> 
	 <p>Use the Media Packager (<filepath>AdobePackager.jar</filepath>) to
		specify a DRM policy to apply to your content, and to specify which part of the
		content to encrypt. For example, you can specify that the packager should
		encrypt the video data, but not the audio data. 
	 </p> 
	 <p>Before you run 
		<filepath>AdobePackager.jar</filepath>, you must set properties in the
		Media Packager Properties section of your configuration file. 
		<note>You can also specify all Media Packager properties from the command
		  line. 
		</note> 
	 </p> 
  </conbody> 
</concept> 
