<?xml version="1.0" encoding="UTF-8"?>
<!DOCTYPE reference PUBLIC "-//OASIS//DTD DITA Reference//EN" "reference.dtd">
<reference id="r_drm_ref-impl-media-packager-config-file-props"> 
  <title>Configuration properties</title> 
  <refbody> 
	 <section id="section_3081C60BE54D47569FD1E3793513A2D9"> 
		<p class="- topic/p "> 
		  <note>For property names that include<i class="+ topic/ph hi-d/i ">
				n</i>, 
			 <i class="+ topic/ph hi-d/i ">n</i> represents an integer that starts
			 with 1 and increases for each instance of the property. 
		  </note> 
		</p> 
		<table frame="all" colsep="1" rowsep="1"
		 class="+ topic/table adobe-d/table " id="table_dx4_mpy_n4"> 
		  <tgroup cols="2" colsep="1" rowsep="1"
			outputclass="Table.format" class="- topic/tgroup "> 
			 <colspec colnum="1" colname="1" colwidth="4in"
			  class="- topic/colspec "/> 
			 <colspec colnum="2" colname="2" colwidth="4in"
			  class="- topic/colspec "/> 
			 <thead class="- topic/thead "> 
				<row rowsep="1" class="- topic/row "> 
				  <entry colname="1" class="- topic/entry "> 
					 <p class="- topic/p ">Property 
					 </p> 
				  </entry> 
				  <entry colname="2" class="- topic/entry "> 
					 <p class="- topic/p ">Description 
					 </p> 
				  </entry> 
				</row> 
			 </thead> 
			 <tbody class="- topic/tbody "> 
				<row rowsep="1" class="- topic/row "> 
				  <entry colname="1"
					class="- topic/entry "><codeph>encrypt.contents.video</codeph> 
				  </entry> 
				  <entry colname="2" class="- topic/entry ">Indicates whether to
					 encrypt video content. 
				  </entry> 
				</row> 
				<row rowsep="1" class="- topic/row "> 
				  <entry colname="1"
					class="- topic/entry "><codeph>encrypt.contents.audio</codeph> 
				  </entry> 
				  <entry colname="2" class="- topic/entry ">Indicates whether to
					 encrypt audio. 
				  </entry> 
				</row> 
				<row rowsep="1" class="- topic/row "> 
				  <entry colname="1"
					class="- topic/entry "><codeph>encrypt.contents.script</codeph> 
				  </entry> 
				  <entry colname="2" class="- topic/entry "> 
					 <p>Indicates whether to encrypt script data in mp4s. 
					 </p> 
					 <p><i class="+ topic/ph hi-d/i ">onMetaData</i> and 
						<i class="+ topic/ph hi-d/i ">onXMP</i> script data tags are
						never encrypted even if you enable this option. 
					 </p> 
				  </entry> 
				</row> 
				<row rowsep="1" class="- topic/row "> 
				  <entry colname="1"
					class="- topic/entry "><codeph>encrypt.contents.video.level</codeph> 
				  </entry> 
				  <entry colname="2" class="- topic/entry "> 
					 <p class="- topic/p ">Indicates the video encryption level. 
					 </p> 
					 <p class="- topic/p ">A value of 
						<codeph>high</codeph> is used to encrypt all video content,
						while values of 
						<codeph>medium</codeph> and 
						<codeph>low</codeph> are used to encrypt portions of the
						video content for mp4 files that include H.264 content. 
					 </p> 
					 <p class="- topic/p ">value = 
						<codeph>high | medium | low</codeph> 
					 </p> 
				  </entry> 
				</row> 
				<row rowsep="1" class="- topic/row "> 
				  <entry colname="1"
					class="- topic/entry "><codeph>encrypt.contents.secondsUnencrypted</codeph> 
				  </entry> 
				  <entry colname="2" class="- topic/entry "> 
					 <p class="- topic/p ">If a value is greater than 0, then the
						specified number of seconds of content at the beginning of the file are not
						encrypted. 
					 </p> 
				  </entry> 
				</row> 
				<row rowsep="1" class="- topic/row "> 
				  <entry colname="1"
					class="- topic/entry "><codeph>encrypt.keys.asymmetric.certfile</codeph> 
				  </entry> 
				  <entry colname="2" class="- topic/entry "> 
					 <p class="- topic/p ">The license server certificate file used
						to encrypt the key. 
					 </p> 
					 <p class="- topic/p ">The 
						<codeph>encrypt.keys.asymmetric.certfile</codeph> property
						specifies a file that includes the certificate only (either PEM or DER format
						is acceptable). 
					 </p> 
				  </entry> 
				</row> 
				<row rowsep="1" class="- topic/row "> 
				  <entry colname="1" class="- topic/entry "><codeph
					 class="+ topic/ph pr-d/codeph ">encrypt.keys.policyFile.<i
						class="+ topic/ph hi-d/i ">n</i></codeph> 
				  </entry> 
				  <entry colname="2" class="- topic/entry "> 
					 <p class="- topic/p ">This property is used repeatedly to
						create a list of DRM policies to apply to the content. 
						<codeph>n</codeph> represents an integer whose value is 1 or
						greater. The client uses the first instance by default. 
					 </p> 
				  </entry> 
				</row> 
				<row rowsep="1" class="- topic/row "> 
				  <entry colname="1"
					class="- topic/entry "><codeph>encrypt.license.serverurl</codeph> 
				  </entry> 
				  <entry colname="2" class="- topic/entry "> 
					 <p class="- topic/p ">The license server URL 
					 </p> 
				  </entry> 
				</row> 
				<row rowsep="1" class="- topic/row "> 
				  <entry colname="1"
					class="- topic/entry "><codeph>encrypt.license.servercert</codeph> 
				  </entry> 
				  <entry colname="2" class="- topic/entry "> 
					 <p class="- topic/p ">The transport certificate for the license
						server. 
					 </p> 
					 <p class="- topic/p ">This property specifies a 
						<filepath>.cer</filepath> file that includes the certificate
						only (either PEM or DER format is acceptable). 
					 </p> 
				  </entry> 
				</row> 
				<row rowsep="1" class="- topic/row "> 
				  <entry colname="1"
					class="- topic/entry "><codeph>encrypt.sign.certfile</codeph> 
				  </entry> 
				  <entry colname="2" class="- topic/entry "> 
					 <p class="- topic/p ">The PKCS12 file that includes packager
						credentials for signing content. 
					 </p> 
					 <p class="- topic/p ">The 
						<codeph>encrypt.sign.certfile</codeph> needs to refer to a 
						<filepath>.pfx</filepath> file that includes a certificate
						and private key. 
					 </p> 
				  </entry> 
				</row> 
				<row rowsep="1" class="- topic/row "> 
				  <entry colname="1"
					class="- topic/entry "><codeph>encrypt.sign.certpass</codeph> 
				  </entry> 
				  <entry colname="2" class="- topic/entry "> 
					 <p class="- topic/p ">The password that you can apply to
						protect the file which has been specified by 
						<codeph>encrypt.sign.certfile</codeph>. 
					 </p> 
				  </entry> 
				</row> 
				<row rowsep="1" class="- topic/row "> 
				  <entry colname="1"
					class="- topic/entry "><codeph>encrypt.license.minServerVersion</codeph> 
				  </entry> 
				  <entry colname="2" class="- topic/entry "> 
					 <p class="- topic/p ">Sets the minimum server version that is
						required to issue licenses for the content being packaged. 
					 </p> 
					 <p class="- topic/p ">Specify x (for Primetime DRM x.0) where x
						represents a major release number. Any versions of servers that precede Adobe
						Primetime version 3.0 do not support this setting. 
					 </p> 
				  </entry> 
				</row> 
				<row rowsep="1" class="- topic/row "> 
				  <entry colname="1"
					class="- topic/entry "><codeph>encrypt.keys.policyFile.<i
						class="+ topic/ph hi-d/i ">n</i> .domain.transportcert 
					 </codeph> 
				  </entry> 
				  <entry colname="2" class="- topic/entry "> 
					 <p class="- topic/p ">If a DRM policy 
						<codeph
						 class="+ topic/ph pr-d/codeph ">encrypt.keys.policyFile.n</codeph> requires
						domain registration with a server that supports a transport certificate other
						than the one that you have specified in 
						<codeph
						 class="+ topic/ph pr-d/codeph ">encrypt.license.servercert</codeph>, then you
						need to provide the domain transport certificate needs. 
					 </p> 
					 <p class="- topic/p ">This property specifies a file that
						includes the certificate only (either PEM or DER format is acceptable). 
					 </p> 
				  </entry> 
				</row> 
				<row rowsep="1" class="- topic/row "> 
				  <entry colname="1"
					class="- topic/entry "><codeph>encrypt.keys.licenseKey</codeph> 
				  </entry> 
				  <entry colname="2" class="- topic/entry "> 
					 <p class="- topic/p ">Specifies a license key. 
					 </p> 
					 <p class="- topic/p ">If you do not specify a key, then the key
						is randomly generated. When you do not enable key rotation, then you can use
						this key to encrypt content. 
					 </p> 
					 <p class="- topic/p ">When you enable key rotation, you can use
						this key to protect the rotation keys. The key must be 16 bytes in length and
						be specified as Hex values. Whitespace between the Hex values is optional. 
					 </p> 
				  </entry> 
				</row> 
				<row rowsep="1" class="- topic/row "> 
				  <entry colname="1"
					class="- topic/entry "><codeph>encrypt.keys.rotation.enable</codeph> 
				  </entry> 
				  <entry colname="2" class="- topic/entry "> 
					 <p class="- topic/p ">Specifies whether key rotation is
						enabled. 
					 </p> 
					 <p class="- topic/p ">If set to false, which is the default
						setting, then key rotation is disabled and the master CEK is used to encrypt
						all samples in the content. 
					 </p> 
					 <p class="- topic/p ">If set to true, key rotation is enabled
						and different keys can be used to encrypt segments of any content. 
					 </p> 
				  </entry> 
				</row> 
				<row rowsep="1" class="- topic/row "> 
				  <entry colname="1"
					class="- topic/entry "><codeph>encrypt.keys.rotation.key.<i
						class="+ topic/ph hi-d/i ">n</i></codeph> 
				  </entry> 
				  <entry colname="2" class="- topic/entry "> 
					 <p class="- topic/p ">Sequence of rotated keys that you can
						specify to encrypt content when key rotation is enabled. 
					 </p> 
					 <p class="- topic/p ">If you do not specify any keys, then keys
						are randomly generated. The keys must be 16 bytes in length and specified as
						Hex values. 
					 </p> 
					 <p class="- topic/p ">Whitespace between the Hex values is
						optional. 
						<i class="+ topic/ph hi-d/i ">n</i> must be monotonically
						increasing, starting from 1. When you specify multiple keys, then keys are
						cycled through in the order that you indicated. 
					 </p> 
				  </entry> 
				</row> 
				<row rowsep="1" class="- topic/row "> 
				  <entry colname="1"
					class="- topic/entry "><codeph>encrypt.keys.rotation.interval</codeph> 
				  </entry> 
				  <entry colname="2" class="- topic/entry "> 
					 <p class="- topic/p ">Specifies the interval of time in seconds
						during which you can apply a rotation key to encrypt content samples. 
					 </p> 
					 <p class="- topic/p ">After the interval of time has elapsed in
						which the content has been encrypted, then the next rotation key is then
						applied. If you have enabled key rotation but have not specified any interval
						of time, then the keys are automatically rotated every 15 minutes. 
					 </p> 
				  </entry> 
				</row> 
				<row rowsep="0" class="- topic/row "> 
				  <entry colname="1"
					class="- topic/entry "><codeph>encrypt.license.serverless</codeph> 
				  </entry> 
				  <entry colname="2" class="- topic/entry "> 
					 <p class="- topic/p ">If this option is set to true, then a
						license server from which licenses can be obtained is not available. 
					 </p> 
					 <p class="- topic/p ">Licenses must be embedded or obtained
						out-of-band. The default value is set to false unless you specify a different
						value. This option is only supported in Primetime DRM Professional. 
					 </p> 
				  </entry> 
				</row> 
			 </tbody> 
		  </tgroup> 
		</table> 
	 </section> 
  </refbody> 
</reference> 
