<?xml version="1.0" encoding="UTF-8"?>
<!DOCTYPE concept PUBLIC "-//OASIS//DTD DITA Concept//EN" "concept.dtd">
<concept id="c_drm_ref-impl-license-server-migrating-fmrms-drm"> 
  <title class="- topic/title ">Migrate from FMRMS 1.0 or 1.5 to Adobe
	 Primetime DRM 2.0 or later</title> 
  <shortdesc>To continue issuing licenses for content that has been packaged
	 with Flash Media Rights Management Server (FMRMS) 1.0 or 1.5, you must migrate
	 license and DRM policy data from the LiveCycle ES server to the customer's new
	 server that is based on the Adobe Primetime DRM SDK. 
  </shortdesc> 
  <conbody> 
	 <p class="- topic/p ">To migrate, complete the following tasks: 
	 </p> 
	 <ol class="- topic/ol " id="ol_wxb_51z_n4"> 
		<li class="- topic/li " id="li_7FBE016B71754E4698F89722C09CE790">Import
		  license information: 
		  <ol id="ol_495C54410DF14C91B0152D9344F64AC7"> 
			 <li id="li_DDFDD91A48E547C3B970B697FF36B22E">To import license
				information from LiveCycle ES to your Primetime DRM -based server, see the
				sample database scripts in the 
				<filepath>Reference Implementation\Server\migration\db</filepath>
				folder. 
			 </li> 
			 <li id="li_2C7CA35BA82542D9912F46176AB6DEC5">Run the sample scripts
				to export relevant data from a MySQL, Oracle, or SQL Server database to a CSV
				file format. 
			 </li> 
			 <li id="li_CA73C1E718264C5FB11013E8E403ECEB">After you export the
				data from LiveCycle ES, import the data to your database. 
				<p>The exported license information includes the following: 
				<ul id="ul_681500B033364E63861A7FE4F1BC7776"> 
				  <li id="li_16468FC18F6B44B390575252BFC7E4A3">A license ID 
				  </li> 
				  <li id="li_C0E7A031408B4DE999041F6956540F1F">A Content ID that is
					 assigned at packaging time 
				  </li> 
				  <li id="li_7C6926C81CF14FF1AC0F1BC3109B203D">The ID of the DRM
					 policy that is being applied 
				  </li> 
				  <li id="li_87CAF563060D4B8B8FBF49D19FA02031">The time the content
					 was packaged 
				  </li> 
				  <li id="li_7D59C923C5774588A4112614B0CB05B1">The content
					 encryption key 
				  </li> 
				</ul> 
				</p> 
				<p class="- topic/p ">This information is required before you can
				  convert the 1.x content metadata to the Primetime DRM metadata format. In the
				  reference implementation, this data is stored in the License database table and
				  is used by 
				  <codeph
				  class="+ topic/ph pr-d/codeph ">RefImplMetadataConvReqHandler</codeph>. For
				  more information, see 
				  <codeph
				  class="+ topic/ph pr-d/codeph ">FMRMSv1RequestHandler</codeph> and 
				  <codeph
				  class="+ topic/ph pr-d/codeph ">FMRMSv1MetadataHandler</codeph>. 
				</p> 
			 </li> 
		  </ol> 
		</li> 
		<li class="- topic/li " id="li_30B5093985F346F6AAB12536772C05FB">Convert
		  FMRMS policies to the Primetime DRM format: 
		  <ol id="ol_90A47AFE3195400796240E178F5A18FB"> 
			 <li id="li_F43D94D0F5B142EA930CAF77F5269D41">Before you can apply the
				DRM policies to convert metadata and issue licenses for version 1.0 or version
				1.5 content, convert existing DRM policies to the Primetime DRM format. 
				<p>The 
				  <codeph>Reference Implementation\Server\migration</codeph> folder
				  includes sample code to create a Primetime DRM policy that is based on older
				  DRM policies. To migrate from FMRMS 1.0 to Primetime DRM , see the 
				  <codeph>V1_0PolicyConverter.java</codeph> sample. 
				</p> 
			 </li> 
			 <li id="li_C843B7211F8F4B0FB97E6E22A5E709C1">Compile the sample code
				by running 
				<codeph class="+ topic/ph pr-d/codeph ">ant-f build-migration.xml
				  build-1.0-converter</codeph> script, which searches for the 1.0 and Primetime
				DRM libraries in the 
				<filepath>libs/1.0</filepath> and 
				<filepath>libs/flashaccess</filepath> directories. 
			 </li> 
			 <li id="li_79FA191122964588A6008ECFA2EB0A78">Edit the 
				<filepath>converter.properties</filepath> file to point to your
				LiveCycle ES server. 
			 </li> 
			 <li id="li_C0927562390649F28626053B288B7EC6">Run 
				<codeph class="+ topic/ph pr-d/codeph ">ant -f build-migration.xml
				  migrate-all-1.0-policies</codeph> to convert all FMRMS 1.0 DRM policies to
				Primetime DRM format. 
				<p class="- topic/p ">To migrate from FMRMS 1.5 to Primetime DRM ,
				  see the 
				  <codeph>V1_5PolicyConverter.java</codeph> sample. 
				</p> 
			 </li> 
			 <li id="li_EF8B50AF50424722947133FF939442EC">Compile the sample code
				by running 
				<codeph class="+ topic/ph pr-d/codeph ">ant-f build-migration.xml
				  build-1.5-converter</codeph> script, which expects the 1.5 and 3.0 libraries to
				be in the 
				<filepath>libs/1.5</filepath> and 
				<filepath>libs/flashaccess</filepath> directories. 
			 </li> 
			 <li id="li_D9D2AB6583984FE48896AF632390A8E3">Edit the 
				<filepath>converter.properties</filepath> file to point to your
				LiveCycle ES server. 
			 </li> 
			 <li id="li_CE615ECBCCE44CE6853ABF8456E711FF">Run 
				<codeph class="+ topic/ph pr-d/codeph ">ant -f build-migration.xml
				  migrate-all-1.5-policies</codeph> to convert all FMRMS 1.5 DRM policies to
				Primetime DRM format. 
				<p class="- topic/p ">The converted DRM policies are saved as a set
				  of files. The 
				  <codeph>DRM PolicyConverter</codeph> generates a CSV-formatted
				  file that includes the mapping of the old DRM policy IDs to the new DRM policy
				  IDs. You can import this file to the 
				  <filepath>PolicyConversion</filepath> table in the reference
				  implementation database, where it is used by 
				  <codeph
				  class="+ topic/ph pr-d/codeph ">RefImplMetadataConvReqHandler</codeph>. 
				</p> 
			 </li> 
		  </ol> 
		</li> 
		<li class="- topic/li " id="li_034387D88D3E44DC97663F222E543791">Support
		  the 1.x compatibility requests with the 
		  <codeph class="+ topic/ph pr-d/codeph ">FMRMSv1RequestHandler</codeph>
		  and 
		  <codeph class="+ topic/ph pr-d/codeph ">FMRMSv1MetadataHandler</codeph>
		  properties: 
		  <ol id="ol_DC2C16CFB50943CF868BE1B3DC8B9FD4"> 
			 <li id="li_4BDCAF87A2AD459F8E7B9D5810836B9E">After the relevant data
				has been migrated to an Primetime DRM-based server, implement support for 1.x
				compatibility requests. 
				<p>For examples about how to process these types of requests, see 
				  <codeph
				  class="+ topic/ph pr-d/codeph ">RefImplUpgradeV1ClientHandler</codeph> and 
				  <codeph
				  class="+ topic/ph pr-d/codeph ">RefImplMetadataConvReqHandler</codeph> in the
				  reference implementation. 
				</p> 
			 </li> 
		  </ol> 
		</li> 
	 </ol> 
  </conbody> 
</concept> 
