<?xml version="1.0" encoding="UTF-8"?>
<!DOCTYPE concept PUBLIC "-//OASIS//DTD DITA Concept//EN" "concept.dtd">
<concept id="concept_axq_fvq_mv"> 
  <title>Non-SWF Application Whitelisting</title> 
  <conbody> 
	 <p>AIR was the first platform that featured application whitelisting, and
		the name of the property you use to whitelist non-SWF applications (Adobe AIR,
		iOS, Android, etc.) retains its original name: 
		<codeph class="+ topic/ph pr-d/codeph ">policy.allowedAIRApplication.<i
		  class="+ topic/ph hi-d/i ">n</i></codeph>. This allows the content to be played
		back by all non-Flash applications that are signed with a Signing Certificate
		prior to publishing. This is referred to as the 
		<i>Application ID</i>. You can extract the Application ID by using the 
		<filepath>AdobePublisherIDUtility.jar</filepath> tool. This whitelisting
		will be enforced on any client that supports Primetime DRM. 
	 </p> 
	 <p>The Application ID is derived from the public key of the signing
		certificate used to sign a particular application. If the public key in the
		certificate ever expires, then all previous content whitelisted to only play on
		apps signed with the old certificate will not play on the new app (signed with
		the new certificate). 
	 </p> 
	 <p>If you are in the situation where you have a library of content
		whitelisted to applications that were signed with a particular signing
		certificate, and that certificate expires and you are issued a new certificate
		(with a different public/private keypair), your old content will not play on
		your new app 
		<i>unless</i> you do any of the following: 
	 <ul id="ul_nf5_5wq_mv"> 
		<li id="li_9DDCCF237B014C70812FFCA1B08CACF3">Use a 
		  <codeph>PolicyUpdateList</codeph> on your license server to override
		  the incoming policy and insert a new Application Whitelist entry with your new
		  signing certificate's digest .
		</li> 
		<li id="li_9245B743B8DA4AFAB2C84EB365E596AD">Update your license server's
		  logic to override the incoming policy and insert a new Application Whitelist
		  entry. 
		</li> 
		<li id="li_3F8D4A3CB86F4090960D16AEF6C2BEDE">Request that your signing
		  certificate issuer issues you a new certificate that uses the same
		  public/private keypair that your previous certificate used.
		</li> 
		<li id="li_1CB139914DFA467EA265E0FC49EB970A">If you are delivering
		  HDS/HLS content that is referencing a URL endpoint to retrieve the 
		  <codeph>DRMMetadata</codeph>, you can regenerate the 
		  <codeph>DRMMetadata</codeph> (using the Primetime DRM Java SDK) to
		  insert a new DRM Policy that contains an updated Application Whitelist entry. 
		</li> 
		<li id="li_3377336F4B84405AAD7799D96BE8FF43">Repackage all of your old
		  content with a new DRM policy that has the digest of your new signing
		  certificate.
		</li> 
	 </ul>
	 </p> 
	 <p>See 
		<codeph class="+ topic/ph pr-d/codeph ">policy.allowedAIRApplication.<i
		  class="+ topic/ph hi-d/i ">n</i></codeph> in 
		<i>Configuration properties</i> for details.
	 </p> 
	 <note>Whitelisting an iOS application requires you a special approach. See 
		<xref
		 href="http://help.adobe.com/en_US/primetime/psdk/ios/index.html#PSDKs-task-Whitelist_your_iOS_application"
		 format="html" scope="external">Whitelist your iOS application</xref> in the 
		<i>TVSDK for iOS Programmer's Guide</i>.
	 </note> 
  </conbody> 
</concept> 
