<?xml version="1.0" encoding="UTF-8"?>
<!DOCTYPE concept PUBLIC "-//OASIS//DTD DITA Concept//EN" "concept.dtd">
<concept id="c_drm_ref-impl-overview"> 
  <title class="- topic/title ">About the reference implementations</title> 
  <shortdesc> 
  </shortdesc> 
  <conbody> 
	 <p> This guide describes the installation, configuration, and operation of
		the Adobe Primetime DRM reference implementations. 
		<note>Primetime DRM was previously called Adobe Access, and before that,
		  Flash Access. 
		</note>
	 </p> 
	 <p>The Primetime DRM reference implementations include these components: 
	 <ul class="- topic/ul " id="ul_xkh_dmy_n4"> 
		<li class="- topic/li "
		 id="li_051EADB428F041FA90530C0239036B27"><b>Command line tools</b> - These
		  tools are based on the same Primetime DRM SDK code used in the Primetime DRM
		  license server. You can perform packaging, licensing, and other DRM tasks from
		  the command line, and alternate seamlessly between using the command-line tools
		  and the license server. 
		</li> 
		<li class="- topic/li "
		 id="li_A264243A87E048958D44F80969D97D6E"><b>License server</b> - A fully
		  functional, customizable license server (described below as one of your license
		  server options).
		</li> 
	 </ul>
	 </p> 
	 <p><b>License Server options:</b> 
	 <ul id="ul_z4n_5kz_wt"> 
		<li id="li_3BFECC9560124C0FBF31A9551EE73141"><b>The Primetime DRM
			 reference implementations</b> - The subject of this guide, this reference
		  implementation features a robust DRM license server that showcases all of the
		  features provided by the Primetime DRM SDK. This implementation is delivered
		  with source code and instructions for building the code. This implementation is
		  not intended to be used as is (although a 
		  <filepath>.war</filepath> file is included that you can deploy
		  quickly). It is primarily intended as a reference you can use to build your own
		  custom license server. 
		  <p class="- topic/p ">License Server Features: 
		  <ul class="- topic/ul " id="ul_izc_nsy_n4"> 
			 <li class="- topic/li "
			  id="li_E16511CF71A14E3A96A22F9FFD81D994">Manages authentication requests by
				using a database to validate username/password. 
			 </li> 
			 <li class="- topic/li "
			  id="li_DADF5AE501554D94A0EB4CDDBD017DCF">Manages license requests and
				determines the type of license that is being issued when license chaining is
				applied. 
			 </li> 
			 <li class="- topic/li "
			  id="li_C36CAB449ABD44E789D2BD2D7CD4B35A">Issues licenses for content that
				includes multiple Primetime DRM policies.
			 </li> 
			 <li class="- topic/li "
			  id="li_557A6B3CD1DF4085A154A818EDB836F6">Issues licenses that support Remote
				Key delivery to iOS clients, which requires Primetime DRM.
			 </li> 
			 <li id="li_4C22302F93784070A6EC99AA9EB64C58">Issues licenses that
				require an external lookup and retrieval of the Content Encryption Key (CEK). 
			 </li> 
			 <li class="- topic/li "
			  id="li_ACBCD6EAB0704521B3863E6786C439CD">Searches a database to determine if a
				user is authorized to view content. 
			 </li> 
			 <li class="- topic/li "
			  id="li_D49A3E58712749A99669FF50DC85CFD0">Searches Primetime DRM policy update
				lists. 
			 </li> 
			 <li class="- topic/li "
			  id="li_9080DAEE3E9B41A9B7F77B66D74A2A29">Searches machine revocation lists. 
			 </li> 
			 <li class="- topic/li " id="li_22B6A59593BA438EAEF2F5C7C255B123">Uses
				an HSM or PKCS12 file to store credentials. 
			 </li> 
			 <li class="- topic/li "
			  id="li_BF4D2043C185494A8EEDB55A7A6AD173">Encrypts passwords that you specified
				in a properties file. 
			 </li> 
			 <li class="- topic/li "
			  id="li_1DA97939975E4F58888D9AB4DD82B936">Specifies multiple license server or
				transport credentials after the credentials were renewed. 
				<p>The old credentials are maintained on the server so users can
				  continue to view existing content without having to repackage. 
				</p> 
			 </li> 
			 <li class="- topic/li "
			  id="li_FFEFA7A975614583B26DF3380D9E7BEB">Restricts DRM/Runtime versions that
				are allowed to make requests to a license server. 
			 </li> 
			 <li class="- topic/li " id="li_CD5668A274314664B091B3B2BECA3D42">Sets
				client clock windback preferences. 
			 </li> 
			 <li class="- topic/li "
			  id="li_9BFFEB991C154809827961EA8F184218">Restricts the time difference that is
				allowed between the request time and the server time to prevent replay attacks.
				
			 </li> 
			 <li class="- topic/li "
			  id="li_5EC4B745E0A34B088EECA54AB9F5B70D">Manages requests from FMRMS 1.x
				clients 
				<p>For example, the FMRMS 1.x client is triggered to upgrade to
				  Primetime DRM 2.0 or later.
				</p> 
			 </li> 
			 <li class="- topic/li "
			  id="li_777EE4A465AB45D3A36C046F3B9CDDFB">Converts FMRMS 1.x metadata to
				Primetime DRM metadata on demand by using FMRMS 1.x license information that is
				stored in a database. 
			 </li> 
			 <li class="- topic/li "
			  id="li_D9F3F850EFA94B71B478A21688A5D0DF">Converts FMRMS 1.x policies to
				Primetime DRM policies for sample code. 
			 </li> 
			 <li class="- topic/li " id="li_B180D0ACCCB8406C9FC71EBBF2F6A18D">
				Imports FMRMS 1.x license information from an existing database for sample
				scripts. 
			 </li> 
			 <li class="- topic/li " id="li_470E7C06ECEB4CFAAD62B5413DB665AE">Gets
				the server version 
			 </li> 
			 <li class="- topic/li "
			  id="li_15C2ADE6D295434581C82A707FF58178">Domain registration 
			 </li> 
			 <li class="- topic/li "
			  id="li_9874E15B618245F99B0697AEC35D0E1C">Domain de-registration 
			 </li> 
			 <li class="- topic/li "
			  id="li_BE931AADAF464CFBAAF6B7C724314F96">Synchronization requests 
			 </li> 
			 <li id="li_E9FAA04C71554A28A1BB5304DA011A4B">License Return 
			 </li> 
		  </ul>
		  </p>
		</li> 
		<li id="li_C4A0533DBF6C482FBCEAC75B2AEC1487"><b>The Primetime DRM Server
			 for Protected Streaming</b> - This is a ready-to-go binary that you can
		  implement quickly with minimal effort. It is a good option for customers that
		  want to quickly show Proof of Concept, or it 
		  <i>could</i> be a production option if your custom DRM needs are
		  minimal. For more information, see Related Information below.
		</li> 
		<li id="li_EAA2C24D6401434BBDF1CC14B4DF63C1"><b>The Primetime Cloud DRM
			 Service</b> - This is an Adobe-hosted license server that you can use for
		  license serving. (You must be a Primetime licensee to use this service.) This
		  Adobe cloud service relieves you of the expense, maintenance, and engineering
		  required to build your own service. For more information, see Related
		  Information below.
		</li> 
	 </ul>
	 </p> 
  </conbody> 
</concept> 
