<?xml version="1.0" encoding="UTF-8"?>
<!DOCTYPE reference PUBLIC "-//OASIS//DTD DITA Reference//EN" "reference.dtd">
<reference id="r_drm_ref-impl-configuration-file-properties_mt"> 
  <title>Configuration properties</title> 
  <refbody> 
	 <section id="section_20A96CDCC5C340DEAF455C6E300E5712"> 
		<note>For property names that include 
		  <codeph class="+ topic/ph pr-d/codeph ">.n</codeph>, the 
		  <codeph class="+ topic/ph pr-d/codeph ">n</codeph> represents an
		  integer that starts with 1 and increases for each instance of the property. For
		  example: 
		  <codeph
			class="+ topic/ph pr-d/codeph ">policy.license.customProp.<b>n</b></codeph>. 
		</note> 
		<table class="+ topic/table " id="table_p3x_54y_n4"> 
		  <tgroup cols="2" class="- topic/tgroup "> 
			 <colspec colnum="1" colname="1" colwidth="4.50pt"
			  class="- topic/colspec "/> 
			 <colspec colnum="2" colname="2" colwidth="2.94in"
			  class="- topic/colspec "/> 
			 <thead class="- topic/thead "> 
				<row rowsep="1" class="- topic/row "> 
				  <entry colname="1" class="- topic/entry ">Property/Command Line
					 Option 
				  </entry> 
				  <entry colname="2" class="- topic/entry ">Description 
				  </entry> 
				</row> 
			 </thead> 
			 <tbody class="- topic/tbody "> 
				<row rowsep="1" class="- topic/row "> 
				  <entry colname="1"
					class="- topic/entry "><codeph>policy.name</codeph> 
					 <p class="- topic/p "><codeph>-n</codeph> 
						<i class="+ topic/ph hi-d/i ">policyname</i> 
					 </p> 
				  </entry> 
				  <entry colname="2" class="- topic/entry ">The human-readable DRM
					 policy name. 
				  </entry> 
				</row> 
				<row rowsep="1" class="- topic/row "> 
				  <entry colname="1"
					class="- topic/entry "><codeph>policy.requireKeyServer</codeph> 
					 <p class="- topic/p "><codeph>-keyServer</codeph> 
						<i class="+ topic/ph hi-d/i ">boolean</i> 
					 </p> 
				  </entry> 
				  <entry colname="2" class="- topic/entry ">The following
					 conditions apply: 
					 <ul id="ul_AF4EBD6C19DC4DFAAB4756EF24BAC57D"> 
						<li id="li_6CC48ABF78EC426E9FC51458BD946BC9">If true, an
						  HTTPS Key Server is required for key delivery to iOS. 
						</li> 
						<li id="li_63046A4ED7354C1E9E823B475E4AEFF7">If not
						  specified, the default is false. 
						</li> 
					 </ul> 
				  </entry> 
				</row> 
				<row rowsep="1" class="- topic/row "> 
				  <entry colname="1"
					class="- topic/entry "><codeph>policy.enforceJailbreak</codeph> 
					 <p class="- topic/p "><codeph>-enforceJailbreak</codeph> 
						<i class="+ topic/ph hi-d/i ">boolean</i> 
					 </p> 
				  </entry> 
				  <entry colname="2" class="- topic/entry ">For devices that
					 support jailbreak detection, if true, do not allow playback when jailbreak is
					 detected. 
				  </entry> 
				</row> 
				<row rowsep="1" class="- topic/row "> 
				  <entry colname="1"
					class="- topic/entry "><codeph>policy.critical</codeph> 
					 <p class="- topic/p "><codeph>-critical</codeph> 
						<i class="+ topic/ph hi-d/i ">boolean</i> 
					 </p> 
				  </entry> 
				  <entry colname="2" class="- topic/entry ">Sets the criticality of
					 the DRM policy: 
					 <ul id="ul_63F1994798894233A67AC4F8220AB642"> 
						<li id="li_D05DD9AD70464D6B9DB9DFF95846E589">If true, the
						  server must understand all parts of the DRM policy, which represents default
						  behavior. 
						</li> 
						<li id="li_0211473DAF1F426787CC4A68F47643C6">If false, the
						  server can ignore DRM policy attributes that it does not recognize. 
						</li> 
					 </ul> 
				  </entry> 
				</row> 
				<row rowsep="1" class="- topic/row "> 
				  <entry colname="1"
					class="- topic/entry "><codeph>policy.chaining.asymmetric.certfile</codeph> 
				  </entry> 
				  <entry colname="2" class="- topic/entry ">License server
					 certificate whose public key is used to encrypt the root encryption key for the
					 
					 <xref
					  href="http://help.adobe.com/en_US/primetime/drm/5.3/protecting_content/index.html#DRM-concept-Enhanced_License_Chaining"
					  class="- topic/xref " format="http" scope="external">Enhanced License
						Chaining</xref>. This property specifies a file that only includes the
					 certificate. 
					 <note>Both PEM or DER formats are supported. 
					 </note> 
				  </entry> 
				</row> 
				<row rowsep="1" class="- topic/row "> 
				  <entry colname="1"
					class="- topic/entry "><codeph>policy.chaining.rootKey</codeph> 
					 <p class="- topic/p "><codeph>-rootKey</codeph> 
						<i class="+ topic/ph hi-d/i ">root-key</i> 
					 </p> 
				  </entry> 
				  <entry colname="2" class="- topic/entry "> 
					 <p>Specifies the root encryption key for the 
						<xref
						 href="http://help.adobe.com/en_US/primetime/drm/5.3/protecting_content/index.html#DRM-concept-Enhanced_License_Chaining"
						 class="- topic/xref " format="http" scope="external">Enhanced License
						  Chaining</xref>. If no key is specified and Enhanced License Chaining is
						enabled, a random key is automatically generated. 
					 </p> 
					 <p>The key must be 16 bytes long and specified as hex values.
						Whitespace between the hex values is optional. For updates, the command-line
						option is not available, and the property is ignored. 
					 </p> 
				  </entry> 
				</row> 
				<row rowsep="1" class="- topic/row "> 
				  <entry colname="1"
					class="- topic/entry "><codeph>policy.domain.url</codeph> 
					 <p class="- topic/p "><codeph>-domainURL</codeph> 
						<i class="+ topic/ph hi-d/i ">url</i> 
					 </p> 
				  </entry> 
				  <entry colname="2" class="- topic/entry ">If domain registration
					 is required, 
					 <i>url</i> specifies the URL of a domain server. For updates,
					 the command-line option is not available, and the property is ignored. 
				  </entry> 
				</row> 
				<row rowsep="1" class="- topic/row "> 
				  <entry colname="1"
					class="- topic/entry "><codeph>policy.domain.anonymous</codeph> 
					 <p class="- topic/p "><codeph>-domainAnon</codeph> 
					 </p> 
				  </entry> 
				  <entry colname="2" class="- topic/entry ">Specifies whether
					 anonymous domain registration is allowed. Sets the property to true or includes
					 this command-line option to allow anonymous access. 
					 <note>This option cannot be used with 
						<codeph>-domainAuthNS</codeph>. 
					 </note> 
				  </entry> 
				</row> 
				<row rowsep="1" class="- topic/row "> 
				  <entry colname="1"
					class="- topic/entry "><codeph>policy.domain.authNamespace</codeph> 
					 <p class="- topic/p "><codeph>-domainAuthNS</codeph> 
						<i class="+ topic/ph hi-d/i ">namespace</i> 
					 </p> 
				  </entry> 
				  <entry colname="2" class="- topic/entry "> 
					 <p>The authentication namespace for domain registration. If
						specified, the client needs to authenticate with a user name and password that
						were issued by the specified authority. 
					 </p> 
					 <p>For updates, the command-line option is not available, and
						the property is ignored. 
					 </p> 
					 <note>This option cannot be used with 
						<codeph>-domainAnon</codeph>. 
					 </note> 
				  </entry> 
				</row> 
				<row rowsep="1" class="- topic/row "> 
				  <entry colname="1"
					class="- topic/entry "><codeph>policy.outputProtection.analog</codeph> 
					 <p class="- topic/p "><codeph>-opAnalog</codeph> 
						<i class="+ topic/ph hi-d/i ">AnalogOption</i> 
					 </p> 
				  </entry> 
				  <entry colname="2" class="- topic/entry ">Analog output
					 protection constraints, and the following values are supported: 
					 <ul class="- topic/ul " id="ul_h4x_54y_n4"> 
						<li class="- topic/li "
						 id="li_F920EC01159C4231AFBE579D487C8770"><codeph
						  class="+ topic/ph pr-d/codeph ">NO_PROTECTION</codeph> 
						</li> 
						<li class="- topic/li "
						 id="li_2DE0494AF8C446EB9E4567915F5E97C3"><codeph
						  class="+ topic/ph pr-d/codeph ">USE_IF_AVAILABLE</codeph> 
						</li> 
						<li class="- topic/li "
						 id="li_207D2D6256D6423FBDABA7A8627A9B7D"><codeph
						  class="+ topic/ph pr-d/codeph ">USE_IF_AVAILABLE_ACP</codeph> 
						</li> 
						<li class="- topic/li "
						 id="li_E17D944BED5F403FAE94708EE6AE4BBE"><codeph
						  class="+ topic/ph pr-d/codeph ">USE_IF_AVAILABLE_CGMSA</codeph> 
						</li> 
						<li class="- topic/li "
						 id="li_66D5A0C8FE154445A522D91EFB05B7ED"><codeph
						  class="+ topic/ph pr-d/codeph ">REQUIRED</codeph> 
						</li> 
						<li class="- topic/li "
						 id="li_AF2024F212A249ED99AEECCF3E844A11"><codeph
						  class="+ topic/ph pr-d/codeph ">REQUIRED_ACP</codeph> 
						</li> 
						<li class="- topic/li "
						 id="li_FFF9B7DAE77740EE895EC35D1606A527"><codeph
						  class="+ topic/ph pr-d/codeph ">REQUIRED_CGMSA</codeph> 
						</li> 
						<li class="- topic/li "
						 id="li_52DED572F3AE495EB6A6450C611B440E"><codeph
						  class="+ topic/ph pr-d/codeph ">NO_PLAYBACK</codeph> 
						</li> 
					 </ul> 
				  </entry> 
				</row> 
				<row rowsep="1" class="- topic/row "> 
				  <entry colname="1"
					class="- topic/entry "><codeph>policy.drmVersionBlacklist.n</codeph> 
					 <p class="- topic/p "><codeph>-drmBlacklist</codeph> 
						<i class="+ topic/ph hi-d/i ">name/value-pairs</i> 
					 </p> 
				  </entry> 
				  <entry colname="2" class="- topic/entry "> 
					 <p>DRM clients that are restricted from accessing protected
						content. This option specifies a list of versions of DRM modules that may not
						be used (blacklist). 
					 </p> 
					 <p>The value consists of comma separated 
						<codeph>name=value</codeph> pairs in the following format: 
					 </p> 
					 <p class="- topic/p "><codeph
						class="+ topic/ph pr-d/codeph ">os|release|arch|model|vendor|env|screen=value</codeph>
						
					 </p> 
					 <p class="- topic/p ">Additional name/value pairs must be
						comma-separated. For example, 
						<codeph>os=Win,release=2.0,arch=32</codeph>. 
					 </p> 
				  </entry> 
				</row> 
				<row rowsep="1" class="- topic/row "> 
				  <entry colname="1"
					class="- topic/entry "><codeph>policy.runtimeVersionBlacklist.n</codeph> 
					 <p class="- topic/p "><codeph>-runtimeBlacklsit</codeph> 
						<i class="+ topic/ph hi-d/i ">name/value-pairs</i> 
					 </p> 
				  </entry> 
				  <entry colname="2" class="- topic/entry "> 
					 <p>Application runtimes are restricted from accessing protected
						content. This option specifies a list of versions of runtime modules that may
						not be used (blacklist). 
					 </p> 
					 <p>The value consists of comma-separated 
						<codeph>name=value</codeph> pairs in the following format: 
					 </p> 
					 <p class="- topic/p "><codeph
						class="+ topic/ph pr-d/codeph ">os|release|application|arch|model|vendor|env|screen=value</codeph>
						
					 </p> 
					 <p class="- topic/p ">Additional name/value pairs must be
						comma-separated. For example, 
						<codeph>os=Win,application=AIR</codeph>. 
					 </p> 
				  </entry> 
				</row> 
				<row rowsep="1" class="- topic/row "> 
				  <entry colname="1"
					class="- topic/entry "><codeph>policy.v1DeviceCapabilities</codeph> 
					 <p class="- topic/p "><codeph>-devCapabilitiesV1</codeph> 
						<i class="+ topic/ph hi-d/i ">name/value-pairs</i> 
					 </p> 
				  </entry> 
				  <entry colname="2" class="- topic/entry "> 
					 <p class="- topic/p ">Specifies the device capabilities that
						are required to access protected content. The value consists of comma separated
						
						<codeph>name=value</codeph> pairs in the following format: 
					 </p> 
					 <p class="- topic/p "><codeph
						class="+ topic/ph pr-d/codeph ">nonUserAccessibleBus|hardwareRootOfTrust=true|false</codeph>
						
					 </p> 
					 <p class="- topic/p ">For example, 
						<codeph>nonUserAccessibleBus=false,hardwareRootOfTrust=true</codeph>.
						
					 </p> 
					 <p>During an update, you need to apply 
						<codeph>-devCapabilitiesV1</codeph> without the remaining
						arguments that remove the device capabilities restriction. 
					 </p> 
				  </entry> 
				</row> 
				<row rowsep="1" class="- topic/row "> 
				  <entry colname="1"
					class="- topic/entry "><codeph>policy.syncFrequency</codeph> 
					 <p class="- topic/p "><codeph>-sync</codeph> 
						<i class="+ topic/ph hi-d/i ">name/value-pairs</i> 
					 </p> 
				  </entry> 
				  <entry colname="2" class="- topic/entry "> 
					 <p class="- topic/p ">Specifies how often clients are required
						to send synchronization messages to the server. 
					 </p> 
					 <p>If the property is not set, clients will not send
						synchronization messages when they play content that is protected with a DRM
						policy. The value consists of comma-separated 
						<codeph>name=value</codeph> pairs in the following format: 
					 </p> 
					 <p class="- topic/p "><codeph
						class="+ topic/ph pr-d/codeph ">start|force=numberValue</codeph> 
					 </p> 
					 <p class="- topic/p ">The following list provides additional
						information about the options: 
					 <ul id="ul_a5j_q4t_44"> 
						<li id="li_FD2C0C6DA19E455AA1917A56E09A7F84">(required) 
						  <codeph>start</codeph> specifies that the client needs to
						  start synchronizing with the server in the specified minutes since the last
						  synchronization. 
						</li> 
						<li id="li_9DEBC57385A442C3929AE3D0E3FA8992">(optional) 
						  <codeph>force</codeph> is the probability (0-100) with
						  which the client needs to force a synchronization message during playback. 
						</li> 
					 </ul>During update, use 
					 <codeph>-sync</codeph> without the remaining arguments to
					 remove the synchronization requirements. 
					 </p> 
				  </entry> 
				</row> 
				<row rowsep="1" class="- topic/row "> 
				  <entry colname="1"
					class="- topic/entry "><codeph>policy.useRootLicense</codeph> 
				  </entry> 
				  <entry colname="2" class="- topic/entry ">Indicates whether this
					 DRM policy has a root license. 
					 <p>For more information, see 
						<xref
						 href="http://help.adobe.com/en_US/primetime/drm/5.3/protecting_content/index.html#DRM-concept-Enhanced_License_Chaining"
						 class="- topic/xref " format="http" scope="external">Enhanced License
						  Chaining</xref>. 
					 </p> 
				  </entry> 
				</row> 
				<row rowsep="1" class="- topic/row "> 
				  <entry colname="1"
					class="- topic/entry "><codeph>policy.startDate</codeph> 
				  </entry> 
				  <entry colname="2" class="- topic/entry ">The date after which
					 content becomes valid. You can apply one of the following formats: 
					 <ul id="ul_6610B44D0C16485098F6F45DE3F151D7"> 
						<li id="li_986707D4C6164C44B3CCBE2EEB4C09B6"><codeph
						  class="+ topic/ph pr-d/codeph "><i
							 class="+ topic/ph hi-d/i ">yyyy-mm-dd</i></codeph> 
						  <p>For example, 
							 <codeph>2009-01-31</codeph> means January 31 at 12:00 AM.
							 
						  </p> 
						</li> 
						<li id="li_E15B782716124F6EAEFB04D16E5280DB"><codeph
						  class="+ topic/ph pr-d/codeph "><i
							 class="+ topic/ph hi-d/i ">yyyy-mm-dd-h24:min:sec</i></codeph> 
						  <p>For example, 
							 <codeph>2009-01-31-14:30:00</codeph> means January 31 at
							 2:30 PM. 
						  </p> 
						</li> 
					 </ul> 
				  </entry> 
				</row> 
				<row rowsep="1" class="- topic/row "> 
				  <entry colname="1"
					class="- topic/entry "><codeph>policy.expiration.endDate</codeph> 
				  </entry> 
				  <entry colname="2" class="- topic/entry "> 
					 <p class="- topic/p ">The date before content becomes invalid. 
					 </p> 
					 <note>You cannot specify 
						<codeph>policy.expiration.endDate</codeph> and 
						<codeph>policy.expiration.duration</codeph> concurrently. 
					 </note> 
					 <p>For example, 2009-01-31-14:30:00 means that the content will
						expire on January 31 at 2:30 PM. 
					 </p> 
				  </entry> 
				</row> 
				<row rowsep="1" class="- topic/row "> 
				  <entry colname="1"
					class="- topic/entry "><codeph>policy.expiration.duration</codeph> 
				  </entry> 
				  <entry colname="2" class="- topic/entry "> 
					 <p class="- topic/p ">The time in minutes when the content
						becomes invalid. The time starts when you package content. 
					 </p> 
					 <note>You cannot specify 
						<codeph>policy.expiration.endDate</codeph> and 
						<codeph>policy.expiration.duration</codeph> concurrently. 
					 </note> 
				  </entry> 
				</row> 
				<row rowsep="1" class="- topic/row "> 
				  <entry colname="1"
					class="- topic/entry "><codeph>policy.licenseCaching.duration</codeph> 
				  </entry> 
				  <entry colname="2" class="- topic/entry "> 
					 <p class="- topic/p ">The time in minutes when a license can be
						cached on the client. You can set this property to 0 to prevent license
						caching. The value must be 0 or higher. 
					 </p> 
					 <note>You cannot specify 
						<codeph>policy.licenseCaching.duration</codeph> and 
						<codeph>policy.licenseCaching.endDate</codeph> concurrently. 
					 </note> 
					 <p class="- topic/p ">This DRM policy setting is applied only
						to the license caching on the disk and does not control memory-cached license
						duration. The license can be cached in memory even if you do not specify a DRM
						policy with a duration of zero. 
					 </p> 
				  </entry> 
				</row> 
				<row rowsep="1" class="- topic/row "> 
				  <entry colname="1"
					class="- topic/entry "><codeph>policy.licenseCaching.endDate</codeph> 
				  </entry> 
				  <entry colname="2" class="- topic/entry "> 
					 <p class="- topic/p ">The date after which you can no longer
						cache licenses. 
					 </p> 
					 <note>You cannot specify 
						<codeph>policy.licenseCaching.duration</codeph> and 
						<codeph>policy.licenseCaching.endDate</codeph> concurrently. 
					 </note> 
				  </entry> 
				</row> 
				<row rowsep="1" class="- topic/row "> 
				  <entry colname="1"
					class="- topic/entry "><codeph>policy.anonymous</codeph> 
				  </entry> 
				  <entry colname="2" class="- topic/entry "> 
					 <p class="- topic/p ">Indicates whether anonymous license
						acquisition is allowed. The default is set to 
						<codeph>false</codeph>, which means that a username and
						password is required. 
					 </p> 
				  </entry> 
				</row> 
				<row rowsep="1" class="- topic/row "> 
				  <entry colname="1"
					class="- topic/entry "><codeph>policy.authNamespace</codeph> 
				  </entry> 
				  <entry colname="2" class="- topic/entry "> 
					 <p class="- topic/p ">If a username and password is required,
						this property specifies an optional name qualifier for user names. 
					 </p> 
				  </entry> 
				</row> 
				<row rowsep="1" class="- topic/row "> 
				  <entry colname="1" class="- topic/entry "><codeph
					 class="+ topic/ph pr-d/codeph ">policy.customProp.<i
						class="+ topic/ph hi-d/i ">n</i></codeph> 
				  </entry> 
				  <entry colname="2" class="- topic/entry "> 
					 <p class="- topic/p ">Custom name/value pairs to be used by the
						server during license acquisition. You can apply the following format to
						specify properties: 
						<codeph class="+ topic/ph pr-d/codeph ">policy.customProp.<i
						  class="+ topic/ph hi-d/i ">n</i></codeph>=<codeph
						class="+ topic/ph pr-d/codeph "><i
						  class="+ topic/ph hi-d/i ">name</i></codeph>=<codeph
						class="+ topic/ph pr-d/codeph "><i
						  class="+ topic/ph hi-d/i ">value</i></codeph> 
					 </p> 
				  </entry> 
				</row> 
				<row rowsep="1" class="- topic/row "> 
				  <entry colname="1"
					class="- topic/entry "><codeph>policy.playbackWindow 
					 </codeph> 
				  </entry> 
				  <entry colname="2" class="- topic/entry "> 
					 <p class="- topic/p ">Specifies the playback window in minutes.
						This value represents how long the license is valid after the first time that
						protected content is played. 
					 </p> 
				  </entry> 
				</row> 
				<row rowsep="1" class="- topic/row "> 
				  <entry colname="1"
					class="- topic/entry "><codeph>policy.outputProtection.digital</codeph> 
				  </entry> 
				  <entry colname="2" class="- topic/entry "> 
					 <p class="- topic/p ">Output protection constraints, which must
						be one of the following values: 
					 <ul id="ul_wsb_kfp_fs"> 
						<li
						 id="li_FE012306F22F4F3FB981FE167C7A8B94"><codeph>NO_PROTECTION</codeph> 
						</li> 
						<li
						 id="li_A5591DC8983848FE9823C2A261BF7713"><codeph>USE_IF_AVAILABLE</codeph> 
						</li> 
						<li
						 id="li_74102C36ADE841C4B9ED71156E0A4C2C"><codeph>REQUIRED</codeph> 
						</li> 
						<li
						 id="li_769E15C85B4E4DD48213DBD019D60BA7"><codeph>NO_PLAYBACK</codeph> 
						</li> 
					 </ul> 
					 </p> 
				  </entry> 
				</row> 
				<row> 
				  <entry colname="1"
					class="- topic/entry "><codeph>policy.outputProtection.ota</codeph> 
				  </entry> 
				  <entry colname="2" class="- topic/entry ">Specifies the over the
					 air (OTA) connection types that should be whitelisted. Valid connection types
					 include: 
					 <ul id="ul_iz5_4fp_fs"> 
						<li
						 id="li_FB07519EFEFE4B95B3B1F5BFD4DE6591"><codeph>MIRACAST</codeph> 
						</li> 
						<li
						 id="li_51E7DE83679F4630B01264407DAD0E84"><codeph>AIRPLAY</codeph> 
						</li> 
						<li
						 id="li_D499A0487AAC409CB2CEA6164265D3CF"><codeph>DLNA</codeph> 
						</li> 
						<li
						 id="li_4FCC0EC4A0FC48F99A13EC8A1B78D6A1"><codeph>WIDI</codeph> 
						</li> 
					 </ul> 
				  </entry> 
				</row> 
				<row> 
				  <entry colname="1"
					class="- topic/entry "><codeph>policy.outputProtection.resolution</codeph> 
				  </entry> 
				  <entry colname="2" class="- topic/entry ">Specifies the
					 configuration file in which the resolution-based constraints are defined. 
				  </entry> 
				</row> 
				<row rowsep="1" class="- topic/row "> 
				  <entry colname="1"
					class="- topic/entry "><codeph>policy.drmMinSecurityLevel</codeph> 
				  </entry> 
				  <entry colname="2" class="- topic/entry "> 
					 <p class="- topic/p ">Specifies the minimum security level to
						allow the DRM module to access protected content. 
					 </p> 
				  </entry> 
				</row> 
				<row rowsep="1" class="- topic/row "> 
				  <entry colname="1"
					class="- topic/entry "><codeph>policy.runtimeMinSecurityLevel</codeph> 
				  </entry> 
				  <entry colname="2" class="- topic/entry "> 
					 <p class="- topic/p ">The application runtime module must have
						at least the specified minimum security level to access protected content. 
					 </p> 
				  </entry> 
				</row> 
				<row rowsep="1" class="- topic/row "> 
				  <entry colname="1" class="- topic/entry "><codeph
					 class="+ topic/ph pr-d/codeph ">policy.allowedAIRApplication.<i
						class="+ topic/ph hi-d/i ">n</i></codeph> 
				  </entry> 
				  <entry colname="2" class="- topic/entry "> 
					 <p class="- topic/p ">A whitelist of non-Flash applications
						(Adobe AIR, iOS, Android, etc.) that are allowed to play protected content. The
						property must use the following format: 
						<codeph class="+ topic/ph pr-d/codeph "><i
						  class="+ topic/ph hi-d/i ">pubId</i></codeph>[:<codeph
						class="+ topic/ph pr-d/codeph "><i
						  class="+ topic/ph hi-d/i ">appId</i></codeph>[:[<codeph
						class="+ topic/ph pr-d/codeph "><i
						  class="+ topic/ph hi-d/i ">min</i></codeph>]:[<codeph
						class="+ topic/ph pr-d/codeph "><i
						  class="+ topic/ph hi-d/i ">max</i></codeph>]]] 
					 </p> 
				  </entry> 
				</row> 
				<row rowsep="1" class="- topic/row "> 
				  <entry colname="1" class="- topic/entry "><codeph
					 class="+ topic/ph pr-d/codeph ">policy.allowedSWFApplication.<i
						class="+ topic/ph hi-d/i ">n</i></codeph> 
				  </entry> 
				  <entry colname="2" class="- topic/entry "> 
					 <p class="- topic/p ">A whitelist of SWF applications that are
						allowed to play protected content. The property must use the following format: 
					 </p> 
					 <p class="- topic/p "> 
					 <ul id="ul_EC20F52AD95C4BE3B7F703048A43CDF0"> 
						<li id="li_3E4A47D925C24834A2C25BC5943279D4"><codeph
						  class="+ topic/ph pr-d/codeph "><i class="+ topic/ph hi-d/i ">URL</i></codeph> 
						</li> 
						<li id="li_9A7CAF081C5F488FB5CDA6D38C5552F6"><codeph
						  class="+ topic/ph pr-d/codeph ">file=<i
							 class="+ topic/ph hi-d/i ">swf_file</i></codeph> 
						</li> 
						<li id="li_E10EA4223137489CBE4015DE999F7154"><codeph>time=<i
							 class="+ topic/ph hi-d/i ">max_time_to_verify</i></codeph> 
						</li> 
					 </ul> 
					 <i class="+ topic/ph hi-d/i ">swf_file</i> is the SWF file that
					 is used to compute the hash, and 
					 <i class="+ topic/ph hi-d/i ">max_time_to_verify</i> is the
					 maximum time in seconds that is allowed for downloading and verifying the SWF
					 to complete. 
					 </p> 
				  </entry> 
				</row> 
				<row rowsep="0" class="- topic/row "> 
				  <entry colname="1" class="- topic/entry "><codeph
					 class="+ topic/ph pr-d/codeph ">policy.license.customProp.<i
						class="+ topic/ph hi-d/i ">n</i></codeph> 
				  </entry> 
				  <entry colname="2" class="- topic/entry "> 
					 <p class="- topic/p ">Custom name/value pairs that you must
						include in licenses when the licenses are issued to users. You need to specify
						the following format: 
					 </p> 
					 <p class="- topic/p "><codeph
						class="+ topic/ph pr-d/codeph ">policy.license.customProp.<i
						  class="+ topic/ph hi-d/i ">n</i>=<i
						  class="+ topic/ph hi-d/i ">name</i></codeph> 
					 </p> 
					 <p class="- topic/p ">You can define this option multiple times
						for multiple custom properties. 
					 </p> 
				  </entry> 
				</row> 
			 </tbody> 
		  </tgroup> 
		</table> 
	 </section> 
  </refbody> 
</reference> 
