<?xml version="1.0" encoding="UTF-8"?>
<!DOCTYPE concept PUBLIC "-//OASIS//DTD DITA Concept//EN" "concept.dtd">
<concept id="c_drm_ref-impl-policy-update-config-file-props"> 
  <title class="- topic/title ">Configuration properties</title> 
  <conbody> 
	 <p>The following Primetime DRM Policy Update List Manager properties
		specify a PKCS12 file that includes credentials for signing revocation lists
		(License Server Certificate), along with a password. 
	 </p> 
	 <ul class="- topic/ul " id="ul_dy3_fqy_n4"> 
		<li class="- topic/li "
		 id="li_854EEC1253BC43F3A1B65190B3628328"><codeph>revocation.sign.certfile=license-server-credentials.pfx</codeph>
		  
		</li> 
		<li class="- topic/li "
		 id="li_BC180EDCF5E640CA8F2E17C85068C501"><codeph>revocation.sign.certpass=password</codeph>
		  
		</li> 
	 </ul> 
  </conbody> 
</concept> 
