<?xml version="1.0" encoding="UTF-8"?>
<!DOCTYPE concept PUBLIC "-//OASIS//DTD DITA Concept//EN" "concept.dtd">
<concept id="c_drm_ref-impl-policy-update-command-line-usage"> 
  <title class="- topic/title ">Policy Update List Manager command-line
	 usage</title> 
  <conbody> 
	 <p><b>Create a policy update list:</b>
		<codeblock xml:space="preserve" class="+ topic/pre pr-d/codeblock ">java -jar AdobePolicyUpdateListManager.jar <i class="+ topic/ph hi-d/i ">destfile</i> [<i class="+ topic/ph hi-d/i ">options</i>] </codeblock>
		<ul class="- topic/ul " id="ul_bfb_jqy_n4"> 
		  <li class="- topic/li "
			id="li_7296D70F4A0D4DE29E0CA55B0336F319"><codeph
			 class="+ topic/ph pr-d/codeph "><i
				class="+ topic/ph hi-d/i ">destfile</i></codeph> indicates the name of the file
			 into which the DRM policy update list is written. 
		  </li> 
		</ul>
	 </p> 
	 <p class="- topic/p "><b>View an existing policy update list:</b> 
		<codeblock xml:space="preserve" class="+ topic/pre pr-d/codeblock ">java -jar AdobePolicyUpdateListManager.jar -d <i class="+ topic/ph hi-d/i ">filename</i></codeblock> 
		<ul class="- topic/ul " id="ul_xwb_g5q_yt"> 
		  <li class="- topic/li "
			id="li_9A28AB63FFE34BEFA85CC21E17FA779E"><codeph
			 class="+ topic/ph pr-d/codeph "><i
				class="+ topic/ph hi-d/i ">filename</i></codeph> The name of the policy update
			 list file. 
		  </li> 
		</ul>
	 </p> 
	 <table frame="all" colsep="1" rowsep="1"
	  class="+ topic/table adobe-d/table " id="table_ghb_jqy_n4"> 
	 <title>Command-line options</title> 
	 <tgroup cols="2" colsep="1" rowsep="1" outputclass="Table.format"
	  class="- topic/tgroup "> 
		<colspec colnum="1" colname="1" colwidth="4in" class="- topic/colspec "
		 colsep="1"/> 
		<colspec colnum="2" colname="2" colwidth="4in" class="- topic/colspec "
		 colsep="1"/> 
		<thead class="- topic/thead "> 
		  <row rowsep="1" class="- topic/row "> 
			 <entry colname="1" class="- topic/entry "> 
				<p class="- topic/p ">Command line option 
				</p> 
			 </entry> 
			 <entry colname="2" class="- topic/entry "> 
				<p class="- topic/p ">Description 
				</p> 
			 </entry> 
		  </row> 
		</thead> 
		<tbody class="- topic/tbody "> 
		  <row rowsep="1" class="- topic/row "> 
			 <entry colname="1" class="- topic/entry "><codeph
				class="+ topic/ph pr-d/codeph ">-c 
				  <i class="+ topic/ph hi-d/i ">configfile</i></codeph> 
			 </entry> 
			 <entry colname="2" class="- topic/entry "> 
				<p class="- topic/p ">Specifies the name and location of the
				  configuration file. 
				</p> 
				<p class="- topic/p ">If you do not specify a name or a location,
				  the DRM Policy Update List Manager searches for 
				  <filepath>flashaccesstools.properties</filepath> in the current
				  working directory. 
				</p> 
				<note>Options that you specify on the command line take precedence
				  over the options you specify in the configuration file. 
				</note> 
			 </entry> 
		  </row> 
		  <row rowsep="1" class="- topic/row "> 
			 <entry colname="1" class="- topic/entry "> 
				<p class="- topic/p "><codeph class="+ topic/ph pr-d/codeph ">-d 
					 <i class="+ topic/ph hi-d/i ">filename</i></codeph> 
				</p> 
			 </entry> 
			 <entry colname="2" class="- topic/entry "> 
				<p class="- topic/p ">Displays information about the DRM policy
				  update list. 
				</p> 
			 </entry> 
		  </row> 
		  <row rowsep="1" class="- topic/row "> 
			 <entry colname="1" class="- topic/entry "><codeph
				class="+ topic/ph pr-d/codeph ">-e 
				  <i class="+ topic/ph hi-d/i ">date</i></codeph> 
			 </entry> 
			 <entry colname="2" class="- topic/entry "> 
				<p>(Optional) The expiration date of the DRM policy update list. 
				</p> 
				<p>Use the format 
				  <codeph class="+ topic/ph pr-d/codeph "><i
					 class="+ topic/ph hi-d/i ">yyyy-mm-dd</i></codeph> or 
				  <codeph class="+ topic/ph pr-d/codeph "><i
					 class="+ topic/ph hi-d/i ">yyyy-mm-dd-h24:min:sec</i></codeph> (for example,
				  2009-01-31-14:30:00 represents January 31 at 2:30 PM). 
				</p> 
			 </entry> 
		  </row> 
		  <row rowsep="1" class="- topic/row "> 
			 <entry colname="1" class="- topic/entry "> 
				<codeph class="+ topic/ph pr-d/codeph ">-f 
				  <i class="+ topic/ph hi-d/i ">filename [certfile]</i></codeph> 
			 </entry> 
			 <entry colname="2" class="- topic/entry "> 
				<p class="- topic/p ">Adds all entries from the existing DRM policy
				  update list. You can only specify one existing file. 
				</p> 
				<p class="- topic/p ">If the existing list has been signed with a
				  credential other than the one being used to sign the new list, then you need to
				  specify its certificate file to verify its signature. 
				</p> 
			 </entry> 
		  </row> 
		  <row rowsep="1" class="- topic/row "> 
			 <entry colname="1" class="- topic/entry "><codeph
				class="+ topic/ph pr-d/codeph ">-noprompt</codeph> 
			 </entry> 
			 <entry colname="2" class="- topic/entry "> 
				<p class="- topic/p ">Do not ask if the destination file should be
				  overwritten. If the destination file already exists and 
				  <codeph>-o</codeph> is not set, an error occurs. 
				</p> 
			 </entry> 
		  </row> 
		  <row rowsep="1" class="- topic/row "> 
			 <entry colname="1" class="- topic/entry "><codeph>-o</codeph> 
			 </entry> 
			 <entry colname="2" class="- topic/entry "> 
				<p class="- topic/p ">If the destination file already exists,
				  overwrite it without prompting. 
				</p> 
			 </entry> 
		  </row> 
		  <row rowsep="1" class="- topic/row "> 
			 <entry colname="1" class="- topic/entry "><codeph
				class="+ topic/ph pr-d/codeph ">-r 
				  <i class="+ topic/ph hi-d/i ">policyID</i></codeph> 
				<codeph class="+ topic/ph pr-d/codeph "><i
				  class="+ topic/ph hi-d/i ">date</i></codeph> "<codeph
				class="+ topic/ph pr-d/codeph "><i
				  class="+ topic/ph hi-d/i ">reasonCode</i></codeph>" "<codeph
				class="+ topic/ph pr-d/codeph "><i
				  class="+ topic/ph hi-d/i ">reasonText</i></codeph>" "<codeph
				class="+ topic/ph pr-d/codeph "><i
				  class="+ topic/ph hi-d/i ">reasonURL</i></codeph>" 
			 </entry> 
			 <entry colname="2" class="- topic/entry "> 
				<p class="- topic/p ">(Optional) Revokes the DRM policy ID on the
				  specified date. You can provide an optional reason code, reason text, and
				  reason URL. You need to specify an empty string "" to indicate that no value is
				  provided for the optional parameters. You can specify the date in 
				  <codeph class="+ topic/ph pr-d/codeph "><i
					 class="+ topic/ph hi-d/i ">yyyy-mm-dd</i></codeph> or 
				  <codeph class="+ topic/ph pr-d/codeph "><i
					 class="+ topic/ph hi-d/i ">yyyy-mm-dd-h24:min:sec</i></codeph> in these
				  formats. For example, 2008-12-1 or 2008-12-1-00:00:00 represents midnight on
				  December 1, 2008). If you do not specify a date, then the current date is
				  automatically applied. Therefore the reason code must be greater than or equal
				  to 0. You can also specify multiple -r options. 
				</p> 
			 </entry> 
		  </row> 
		  <row rowsep="1" class="- topic/row "> 
			 <entry colname="1" class="- topic/entry "> 
				<p class="- topic/p ">-rf 
				  <codeph class="+ topic/ph pr-d/codeph "><i
					 class="+ topic/ph hi-d/i ">policyFilename</i></codeph> 
				  <codeph class="+ topic/ph pr-d/codeph "><i
					 class="+ topic/ph hi-d/i ">date</i></codeph> "<codeph
				  class="+ topic/ph pr-d/codeph "><i
					 class="+ topic/ph hi-d/i ">reasonCode</i></codeph>" "<codeph
				  class="+ topic/ph pr-d/codeph "><i
					 class="+ topic/ph hi-d/i ">reasonText</i></codeph>" "<codeph
				  class="+ topic/ph pr-d/codeph "><i
					 class="+ topic/ph hi-d/i ">reasonURL</i></codeph>" 
				</p> 
			 </entry> 
			 <entry colname="2" class="- topic/entry "> 
				<p class="- topic/p ">Performs the same action as the 
				  <codeph>-r</codeph> option. However, it extracts the DRM policy
				  identifier from a specified file. 
				</p> 
			 </entry> 
		  </row> 
		  <row rowsep="0" class="- topic/row "> 
			 <entry colname="1" class="- topic/entry "><codeph>-u 
				  <i class="+ topic/ph hi-d/i ">policyFilename</i> "<i
				  class="+ topic/ph hi-d/i ">reasonCode</i>" "<i
				  class="+ topic/ph hi-d/i ">reasonText</i>" "<i
				  class="+ topic/ph hi-d/i ">reasonURL</i>"</codeph> 
			 </entry> 
			 <entry colname="2" class="- topic/entry "> 
				<p>Replaces any matching DRM policy in a license request with this
				  DRM policy by using the given reason code (optional), reason text (optional),
				  and reason URL (optional). 
				</p> 
				<p>An empty string "" indicates that you have not provided any
				  value for the optional parameters. 
				</p> 
				<p>The reason code must be greater than or equal to 
				  <codeph>0</codeph>. You can specify multiple 
				  <codeph>-u</codeph> options. 
				</p> 
			 </entry> 
		  </row> 
		</tbody> 
	 </tgroup> 
	 </table> 
  </conbody> 
</concept> 
