<?xml version="1.0" encoding="UTF-8"?>
<!DOCTYPE concept PUBLIC "-//OASIS//DTD DITA Concept//EN" "concept.dtd">
<concept id="c_drm_ref-impl-policy-revocation-list-manager"> 
  <title class="- topic/title ">Overview</title> 
  <conbody> 
	 <p>Use the Primetime DRM Revocation List Manager command-line tool
		(<filepath>AdobeRevocationListManager.jar</filepath>) to create and manage
		revocation lists, and to check whether policies have been revoked. 
	 </p> 
	 <p>Before you run 
		<filepath>AdobeRevocationListManager.jar</filepath>, you must set
		properties in the 
		<i>Policy Update List Manager and Revocation List Manager Properties</i>
		section of your configuration file. 
		<note>You can also specify all Revocation List Manager properties from
		  the command line. 
		</note> 
	 </p> 
  </conbody> 
</concept> 
