<?xml version="1.0" encoding="UTF-8"?>
<!DOCTYPE concept PUBLIC "-//OASIS//DTD DITA Concept//EN" "concept.dtd">
<concept id="c_drm_ref-impl-license-server-properties-file"> 
  <title class="- topic/title ">License server properties file</title> 
  <conbody> 
	 <p>The license server references properties set in the 
		<filepath>flashaccess-refimpl.properties</filepath> file. You can refer
		to that file directly for details about specific values, and for usage
		information about each property. A fully functional sample is provided in the 
		<filepath>resources</filepath> directory of the reference implementation
		(<codeph>([DRM SDK DVD]\Reference Implementation\Server\Reference
		  Implementation Server\resources/).</codeph>). 
	 </p> 
	 <p><b>Credentials</b> - The properties file includes settings for the
		location of the credentials that Adobe issues to you. You can specify these
		credentials in a 
		<filepath>.pfx</filepath> file with a password, or provide an alias and
		password for a credential that is stored on an HSM. You need to at least
		configure the properties that are related to the Transport Credential and the
		License Server Credential. Specify the locations of your credential files
		relative to the directory that you specifiy in the 
		<codeph>config.resourcesDirectory</codeph> property. 
	 </p> 
	 <p><b>Flash Media Rights Management Server</b> - The 
		<codeph>flashaccess-refimpl.properties</codeph> file also includes
		several properties that are related to packaging content. These properties are
		used only for the Flash Media Rights Management Server 1.x metadata conversion.
		After modifying the values in this property file, for the changes take effect,
		restart the license server. 
	 </p> 
  </conbody> 
</concept> 
