<?xml version="1.0" encoding="UTF-8"?>
<!DOCTYPE concept PUBLIC "-//OASIS//DTD DITA Concept//EN" "concept.dtd">
<concept id="c_drm_ref-impl-revocation-config-file-props"> 
  <title class="- topic/title ">Configuration properties</title> 
  <conbody> 
	 <p class="- topic/p ">You need to apply credentials to sign revocation
		lists. The following Revocation List Manager properties specify a PKCS12 file
		that includes credentials for signing revocation lists (License Server
		Certificate), along with the password for the cert: 
	 <ul class="- topic/ul " id="ul_pvb_tqy_n4"> 
		<li class="- topic/li "
		 id="li_1531D7B75AFE4F7BB4CA191298E61012"><codeph>revocation.sign.certfile=license-server-credentials.pfx</codeph>
		  
		</li> 
		<li class="- topic/li "
		 id="li_C2BEBDCA336847B4A55FED30D87034D9"><codeph>revocation.sign.certpass=password</codeph>
		  
		</li> 
	 </ul> 
	 </p> 
  </conbody> 
</concept> 
