<?xml version="1.0" encoding="UTF-8"?>
<!DOCTYPE concept PUBLIC "-//OASIS//DTD DITA Concept//EN" "concept.dtd">
<concept id="c_drm_ref-impl-deploying-license-server-and-wfp-troubleshooting"> 
  <title class="- topic/title ">Troubleshooting</title> 
  <conbody> 
	 <p>Following are some problems and solutions you may encounter during
		deployment. 
	 <ul class="- topic/ul " id="ul_pzm_gyy_n4"> 
		<li class="- topic/li " id="li_3DD40C7DF3064F2E86EC76DE0B89360D">If the
		  following error message is displayed: 
		  <codeblock xml:space="preserve" class="+ topic/pre pr-d/codeblock ">"Error decoding the password for HandlerConfiguration.ServerTransportCredential.password 
    javax.crypto.IllegalBlockSizeException: Input length must be multiple of 8 when decrypting with padded cipher"</codeblock> 
		  <p class="- topic/p ">Ensure that the password has been encrypted with
			 the 
			 <codeph>ScrambleUtil</codeph> class. 
		  </p> 
		</li> 
		<li class="- topic/li " id="li_48BE3803A4634226B4BD598AC81D57ED">If the
		  following error message is displayed: 
		  <codeblock xml:space="preserve" class="+ topic/pre pr-d/codeblock ">"Unable to load credential from file.pfx -- possibly wrong password."</codeblock> 
		  <p class="- topic/p ">Make sure that you have specified the correct
			 encrypted password in the PFX file. 
		  </p> 
		</li> 
		<li class="- topic/li " id="li_E5828AB1F79E4B12A495F84E99426622"> If the
		  following error message is displayed: 
		  <codeblock xml:space="preserve" class="+ topic/pre pr-d/codeblock ">"javax.crypto.BadPaddingException: Given final block not properly padded"</codeblock> 
		  <p class="- topic/p ">Ensure that you use the password scrambler class 
			 <i>that has been provided with the Reference Implementation</i>. This
			 scrambler utility is different from the one that has been provided with the
			 Adobe Primetime DRM Server for Protected Streaming. 
		  </p> 
		</li> 
	 </ul> 
	 </p> 
  </conbody> 
</concept> 
