<?xml version="1.0" encoding="UTF-8"?>
<!DOCTYPE task PUBLIC "-//OASIS//DTD DITA Task//EN" "task.dtd">
<task id="task_yth_f5c_gs"> 
  <title>Check whether the license server started properly</title> 
  <taskbody> 
	 <context id="context_531984543B7140899BE8565E8B2BEF65"> There are several
		ways to determine whether your Reference Implementation License Server has
		started correctly. One way is to check the 
		<filepath>catalina.log</filepath> logs, but this may not be sufficient,
		as the license server logs to its own log files. 
	 </context> 
	 <steps id="steps_68A3AD31D2C94DCAB54B65AEAC53467E"> 
		<step id="step_02C716D9B5BA438C92F1EDDD76D008C8"> 
		  <cmd>Check your 
			 <filepath>AdobeFlashAccess.log</filepath> file. 
		  </cmd> 
		  <info>This is where the Reference Implementation license server writes
			 log information. The location of this log file is indicated by your 
			 <filepath>log4j.xml</filepath> file and can be modified to point to
			 any location. By default, the log file is copied to the working directory where
			 you run your 
			 <codeph>catalina</codeph> Tomcat script. 
		  </info> 
		</step> 
		<step id="step_38DF521F97B6492FBDAD91D5BC901D45"> 
		  <cmd>Go to the following URL, and verify that the text "License Server
			 is setup correctly" is displayed: 
		  </cmd> 
		  <info><filepath>http://localhost:8080/flashaccess/license/v4</filepath>
		  </info> 
		</step> 
	 </steps> 
  </taskbody> 
</task> 
