<?xml version="1.0" encoding="UTF-8"?>
<!DOCTYPE concept PUBLIC "-//OASIS//DTD DITA Concept//EN" "concept.dtd">
<concept id="concept_tcb_ssq_mv"> 
  <title>SWF Application Whitelisting</title> 
  <conbody> 
	 <p>To whitelist a SWF application, you can follow one of these two
		strategies: 
	 <ul id="ul_vwl_1tq_mv"> 
		<li id="li_DF75CB6FB1FA447FAA511157AD57CC24">You can specify a URL to a
		  SWF. This is a very flexible approach, especially in a development environment
		  in which you are rebuilding your SWF regularly.
		</li> 
		<li id="li_5DFC534317B8430EBFA224AAE25C5ECA">You can specify a SWF HASH.
		  This is a cryptographic digest value of your SWF. This approach is less
		  flexible (but much more strict), since the SWF HASH will change when the
		  application changes and is rebuilt. In this situation, all content bound to the
		  previous HASH will fail to play on the new player and will have to be
		  repackaged. The 
		  <filepath>PolicyManager.jar</filepath> tool will automatically compute
		  the hash if you specify a 
		  <filepath>.swf</filepath> file. 
		  <p>On the other hand, if you are using Primetime DRM via Flash/Adobe
			 Media Server (FMS/AMS), you can supply the path to your particular SWF(s), and
			 FMS/AMS will automatically hash the SWFs for you to insert into the DRM policy
			 that is used to package the content streamed by FMS/AMS.
		  </p>
		</li> 
	 </ul>
	 </p> 
	 <p>See 
		<codeph class="+ topic/ph pr-d/codeph ">policy.allowedSWFApplication.<i
		  class="+ topic/ph hi-d/i ">n</i></codeph> in 
		<i>Configuration properties</i> for details.
	 </p> 
  </conbody> 
</concept> 
