<?xml version="1.0" encoding="UTF-8"?>
<!DOCTYPE concept PUBLIC "-//OASIS//DTD DITA Concept//EN" "concept.dtd">
<concept id="c_drm_ref-impl-typical-scenario"> 
  <title>Typical workflow</title> 
  <conbody> 
	 <p>This is a typical Primetime DRM reference implementations workflow that
		features both the command-line tools and the license server: 
	 <ol id="ol_m5q_bmn_xt"> 
		<li id="li_411996B7E71540D2B8578867E4814BBA">Create a DRM policy using
		  the Policy command-line tool. 
		</li> 
		<li id="li_35A2848A1F544EDE8000A778A3AA3A11">Encrypt content using the
		  Packager command-line tool. 
		</li> 
		<li id="li_4113F507A2454B11BDF46885916F5DD7">Deploy the reference
		  implementations license server. 
		</li> 
		<li id="li_64EEE2EAF5CC45069CFB0A685B0E1786">Upload a video player to a
		  web server. 
		</li> 
		<li id="li_73208A97A92241FDB1F0B134C504F64C">Use the uploaded video
		  player to acquire a license and play your encrypted content. 
		</li> 
	 </ol> 
	 </p> 
	 <p>As this typical workflow uses both the command-line tools and the
		license server, you will want to install and configure both of those components
		before you proceed. 
	 </p> 
  </conbody> 
</concept> 
