<?xml version="1.0" encoding="UTF-8"?>
<!DOCTYPE task PUBLIC "-//OASIS//DTD DITA Task//EN" "task.dtd">
<task id="t_drm_ref-impl-update-db"> 
  <title>Update the reference implementation DB</title> 
  <taskbody> 
	 <context id="context_1819BC4394424E62B748E16D1B7706D7"> 
		<p class="- topic/p ">To control usage models under which a license is
		  issued to a designated user, add entries to the reference implementation
		  database. 
		</p> 
	 </context> 
	 <steps id="steps_D347F3D55B56480E8DB2149D253DC8CE"> 
		<step id="step_A00402289F174896AE93473E6046B706"> 
		  <cmd>Add entries to the 
			 <codeph>Customer</codeph> table.
		  </cmd> 
		  <info> 
			 <p class="- topic/p ">The 
				<codeph>Customer</codeph> table includes user names and passwords
				to authenticate users. It also indicates whether a user has a subscription (a
				license that is issued under the 
				<i>Subscription</i> usage model). 
			 </p> 
		  </info> 
		</step> 
		<step id="step_D3B88FFAAFD44A0994AB9FC4F3DA4143"> 
		  <cmd>Grant a user access under the Download-to-own or Video-on-demand
			 usage models.
		  </cmd> 
		  <info>Add entries to the 
			 <codeph>CustomerAuthorization</codeph> table to specify:
			 <ul id="ul_f5x_kzd_b5"> 
				<li id="li_0E76AA72967140E59664FD2AB6D57F2A">The usage model
				</li> 
				<li id="li_BF7CF876B52549398235205893B7CA17">Each segment of
				  content that a user can access
				</li> 
			 </ul>
		  </info> 
		</step> 
	 </steps> 
	 <postreq id="postreq_B06C3236AD844C5A8870172B1F7F058A">

		<p class="- topic/p ">For more information on how to populate each table,
		  see the 
		  <filepath>PopulateSampleDB.sql</filepath> script (included on your
		  Primetime DRM DVD in the 
		  <filepath>Reference Implementation/Server/Reference Implementation
			 Server/dbscript/</filepath> directory). 
		</p> 
	 </postreq> 
  </taskbody> 
</task> 
