<?xml version="1.0" encoding="UTF-8"?>
<!DOCTYPE task PUBLIC "-//OASIS//DTD DITA Task//EN" "task.dtd">
<task id="task_qh3_nbd_gs"> 
  <title class="- topic/title ">Set up a domain server</title> 
  <taskbody> 
	 <context id="context_FD2B55A51A184AB7AC56E36550CC5FD0"> 
		<p>To configure a domain server on an existing license server
		  installation: 
		</p> 
	 </context> 
	 <steps id="steps_CB21AB307D7D41F09FE9A92FD3CEF3B5"> 
		<step id="step_7856E6A7D9E94F68B4F769299372317E"> 
		  <cmd>In the 
			 <filepath>tomcat/lib</filepath> directory, open the 
			 <filepath>flashaccess-refimpl.properties</filepath> file. 
		  </cmd> 
		</step> 
		<step id="step_87381D4501FD4F24860623A8E9C4F2B6"> 
		  <cmd>Under the 
			 <codeph>Domain CA certificate</codeph> option, complete the Domain CA
			 certificate. 
		  </cmd> 
		  <info>This certificate is then used for accepting the domain tokens. 
		  </info> 
		</step> 
		<step id="step_6B124635131D47699DBC91ED8B785EA3"> 
		  <cmd>Under the 
			 <codeph>Domain CA credential</codeph> option, complete the 
			 <codeph>Domain CA credential certificate (PFX)</codeph> details. 
		  </cmd> 
		  <info>This certificate is then used for signing domain certificates and
			 tokens. 
		  </info> 
		</step> 
		<step id="step_0B930863FBEB4CA4A9DB48B7D6665714"> 
		  <cmd>Specify the value for 
			 <codeph>DomainServerlURL</codeph>. 
		  </cmd> 
		  <info>If this value is set to 
			 <codeph>NULL</codeph>, the domain authentication may succeed.
			 However, while joining the domain, a join domain error might occur. 
		  </info> 
		</step> 
	 </steps> 
  </taskbody> 
</task> 
