<?xml version="1.0" encoding="UTF-8"?>
<!DOCTYPE reference PUBLIC "-//OASIS//DTD DITA Reference//EN" "technicalContent/dtd/reference.dtd">
<reference id="mediaplayeritemloader-loaderlistener"
 xmlns:ditaarch="http://dita.oasis-open.org/architecture/2005/"> 
  <title>Loader events</title> 
  <shortdesc>TVSDK dispatches media
	 player item events in response to loading a media item. 
  </shortdesc> 
  <refbody> 
	 <refsyn> 
		<p>These events provide an alternative workflow. You are not required to implement this interface
				when creating a MediaPlayer. Use this when you want to have a
					<codeph>MediaPlayerItemLoader</codeph>.  </p> 
		<p>To be notified about events related to loading a media player resource, register an
				implementation of <codeph>MediaPlayerItemLoader.LoaderListener</codeph> including
				the following events.</p> 
		<table frame="all" colsep="1" rowsep="1"> 
		  <tgroup cols="2" colsep="1" rowsep="1" outputclass="FormatA"> 
			 <colspec colnum="1" colname="1" colwidth="41*"/> 
			 <colspec colnum="2" colname="2" colwidth="59*"/> 
			 <thead> 
				<row rowsep="1"> 
				  <entry colname="1">Event 
				  </entry> 
				  <entry colname="2">Meaning 
				  </entry> 
				</row> 
			 </thead> 
			 <tbody> 
				<row rowsep="1" > 
				  <entry colname="1"><codeph><xref
										href="http://help.adobe.com/en_US/primetime/api/psdk/javadoc_1.4/com/adobe/mediacore/MediaPlayerItemLoader.LoaderListener.html#onLoadComplete(com.adobe.mediacore.MediaPlayerItem)"
										format="html" scope="external">onLoadComplete</xref>(<xref
										href="http://help.adobe.com/en_US/primetime/api/psdk/javadoc_1.4/com/adobe/mediacore/MediaPlayerItem.html"
										format="html" scope="external">mediaPlayerItem</xref>
									playerItem)</codeph>
							</entry> 
				  <entry colname="2">Media resource loading completed successfully.
					 
				  </entry> 
				</row> 
				<row rowsep="1" > 
				  <entry colname="1"><codeph><xref
										href="http://help.adobe.com/en_US/primetime/api/psdk/javadoc_1.4/com/adobe/mediacore/MediaPlayerItemLoader.LoaderListener.html#onError(com.adobe.ave.MediaErrorCode,%20java.lang.String)"
										format="html" scope="external">onError</xref>
								</codeph></entry> 
				  <entry colname="2">A problem occurred with media resource
					 loading. 
				  </entry> 
				</row> 
			 </tbody> 
		  </tgroup> 
		</table> 
		<note>Also see <codeph>onLoadInfo (loadInfo)</codeph> under QoS events.  </note> 
	 </refsyn> 
  </refbody> 
</reference> 
