<?xml version="1.0" encoding="UTF-8"?>
<!DOCTYPE concept PUBLIC "-//OASIS//DTD DITA Concept//EN" "technicalContent/dtd/concept.dtd">
<concept id="video-analytics"
 xmlns:ditaarch="http://dita.oasis-open.org/architecture/2005/"> 
  <title>Video analytics</title> 
  <shortdesc>You can track video use by integrating TVSDK with Adobe Analytics.
	 
  </shortdesc> 
  <conbody> 
	 <p>Video tracking in TVSDK uses the 
		<b>Adobe Analytics Video Essentials</b> service, which provides video
		engagement metrics, such as video views, video completes, ad impressions, time
		spent on video, and so on. For more information about this service, contact
		your Adobe representative. 
	 </p> 
	 <p>The following procedure summarizes the steps to activate video tracking
		in your player: 
	 </p> 
	 <ol id="ol_F33052E1A2E94AF38CBA9048C2E65D46"> 
		<li id="li_C9480F0682004DE8AA7AE1BF8C761D51">Initialize and/or configure
		  the following video tracking components: 
		  <p>On Android, these components are part of TVSDK: 
		  </p> 
		  <ul id="ul_AD59494E58034487AB6D069DE7D200B4"> 
			 <li id="li_A9D83D0064A84DE8A6316A811396AF5B">JSON configuration file 
			 </li> 
			 <li id="li_E128460A11524DC3BD6E21692EE85684">Video analytics metadata
				object 
			 </li> 
			 <li id="li_82FE82CEB410438CA728DEC033D3245F">Global metadata object 
			 </li> 
		  </ul>
		</li> 
		<li id="li_C8F7D201FEA94B98AE0C1986503651D9">Set up video analytics
		  reporting on the server side by using Adobe Analytics Admin Tools. 
		</li> 
	 </ol> 
  </conbody> 
</concept> 
