<?xml version="1.0" encoding="UTF-8"?>
<!DOCTYPE reference PUBLIC "-//OASIS//DTD DITA Reference//EN" "technicalContent/dtd/reference.dtd">
<reference id="r_psdk_notifications-classes"
 xmlns:ditaarch="http://dita.oasis-open.org/architecture/2005/"> 
  <title>Notification classes</title> 
  <shortdesc>These classes describe messages about errors, warnings, and some activities that the
			TVSDK
		issues for logging and debugging purposes.  </shortdesc> 
  <refbody> 
	 <refsyn id="refsyn_28F6F355518E4E61BC45A22D7BBCDEAB">Package: <xref
				href="http://help.adobe.com/en_US/primetime/api/psdk/javadoc_1.4/com/adobe/mediacore/package-summary.html"
				format="html" scope="external">com.adobe.mediacore</xref>
		</refsyn> 
	 <refsyn id="refsyn_0620A4EC9E21417AA0BBA9209AD9A373"
	  >Package: 
		<xref
		 href="http://help.adobe.com/en_US/primetime/api/psdk/javadoc_1.4/com/adobe/mediacore/session/package-summary.html"
		 format="html" scope="external">com.adobe.mediacore.session</xref> 
	 </refsyn> 
	 <table frame="all" colsep="1" rowsep="1"
	  id="table_39B94AAEC9E146FB83E0BAE60F53A7F0"> 
		<tgroup cols="2" colsep="1" rowsep="1" outputclass="FormatA"> 
		  <colspec colnum="1" colname="1" colwidth="39*"/> 
		  <colspec colnum="2" colname="2" colwidth="61*"/> 
		  <thead> 
			 <row rowsep="1"> 
				<entry colname="1">Class name 
				</entry> 
				<entry colname="2">Description 
				</entry> 
			 </row> 
		  </thead> 
		  <tbody> 
			 <row rowsep="1" > 
				<entry colname="1"><codeph>MediaPlayerNotification.<xref
									href="http://help.adobe.com/en_US/primetime/api/psdk/javadoc_1.4/com/adobe/mediacore/MediaPlayerNotification.Error.html"
									format="html" scope="external">Error</xref></codeph></entry> 
				<entry colname="2">Class that describes the notification for an error that causes the player to
							stop playback. This is a <xref
								href="http://help.adobe.com/en_US/primetime/api/psdk/javadoc_1.4/com/adobe/mediacore/MediaPlayerNotification.html"
								format="html" scope="external">MediaPlayerNotification</xref> of
							notification type ERROR. </entry> 
			 </row> 
			 <row rowsep="1" > 
				<entry colname="1"><codeph>MediaPlayerNotification.<xref
									href="http://help.adobe.com/en_US/primetime/api/psdk/javadoc_1.4/com/adobe/mediacore/MediaPlayerNotification.Info.html"
									format="html" scope="external">Info</xref></codeph>
						</entry> 
				<entry colname="2">Class that describes an informational notification. This is a <xref
								href="http://help.adobe.com/en_US/primetime/api/psdk/javadoc_1.4/com/adobe/mediacore/MediaPlayerNotification.html"
								format="html" scope="external">MediaPlayerNotification</xref> of
							notification type INFO.</entry> 
			 </row> 
			 <row rowsep="1" > 
				<entry colname="1"><codeph>MediaPlayerNotification.<xref
									href="http://help.adobe.com/en_US/primetime/api/psdk/javadoc_1.4/com/adobe/mediacore/MediaPlayerNotification.Warning.html"
									format="html" scope="external">Warning</xref></codeph>
						</entry> 
				<entry colname="2">Class that describes a warning notification. This is a <xref
								href="http://help.adobe.com/en_US/primetime/api/psdk/javadoc_1.4/com/adobe/mediacore/MediaPlayerNotification.html"
								format="html" scope="external">MediaPlayerNotification</xref> of
							notification type WARNING. </entry> 
			 </row> 
			 <row rowsep="1" > 
				<entry colname="1"><xref
								href="http://help.adobe.com/en_US/primetime/api/psdk/javadoc_1.4/com/adobe/mediacore/MediaPlayerNotification.html"
								format="html" scope="external">MediaPlayerNotification</xref>
						</entry> 
				<entry colname="2">Class that provides informational messages, warnings, and errors.
							Encapsulates the object representation of a single notification event
							within <xref
								href="http://help.adobe.com/en_US/primetime/api/psdk/javadoc_1.4/com/adobe/mediacore/session/NotificationHistory.html"
								format="html" scope="external">NotificationHistory</xref>. </entry> 
			 </row> 
			 <row rowsep="1" > 
				<entry colname="1"><codeph>MediaPlayerNotification.<xref
									href="http://help.adobe.com/en_US/primetime/api/psdk/javadoc_1.4/com/adobe/mediacore/MediaPlayerNotification.NotificationCode.html"
									format="html" scope="external">NotificationCode</xref></codeph>
						</entry> 
				<entry colname="2">Returns the description associated with the provided notification code. </entry> 
			 </row> 
			 <row rowsep="1" > 
				<entry colname="1"><xref
								href="http://help.adobe.com/en_US/primetime/api/psdk/javadoc_1.4/com/adobe/mediacore/session/NotificationHistory.html"
								format="html" scope="external">NotificationHistory</xref>
						</entry> 
				<entry colname="2">Class that stores a log of notification objects. A circular list of <xref
								href="http://help.adobe.com/en_US/primetime/api/psdk/javadoc_1.4/com/adobe/mediacore/session/NotificationHistory.Item.html"
								format="html" scope="external">NotificationHistory.Item</xref>
							objects that provides access to a notification events history list. That
							is, it maintains a list of elements, each element containing a separate
							instance of the <xref
								href="http://help.adobe.com/en_US/primetime/api/psdk/javadoc_1.4/com/adobe/mediacore/MediaPlayerNotification.html"
								format="html" scope="external">MediaPlayerNotification</xref> class.
								<ph>(In <xref
									href="http://help.adobe.com/en_US/primetime/api/psdk/javadoc_1.4/com/adobe/mediacore/session/package-summary.html"
									format="html" scope="external">session</xref> package.)</ph>
						</entry> 
			 </row> 
			 <row rowsep="1" > 
				<entry colname="1"><codeph>NotificationHistory.<xref
									href="http://help.adobe.com/en_US/primetime/api/psdk/javadoc_1.4/com/adobe/mediacore/session/NotificationHistory.Item.html"
									format="html" scope="external">Item</xref></codeph>
						</entry> 
				<entry colname="2">Class that defines an entry in the circular list in <xref
								href="http://help.adobe.com/en_US/primetime/api/psdk/javadoc_1.4/com/adobe/mediacore/session/NotificationHistory.html"
								format="html" scope="external">NotificationHistory</xref> and holds
							the notification and its timestamp. </entry> 
			 </row> 
			 <row rowsep="0" > 
				<entry colname="1"><codeph>MediaPlayerNotification.<xref
									href="http://help.adobe.com/en_US/primetime/api/psdk/javadoc_1.4/com/adobe/mediacore/MediaPlayerNotification.EntryType.html"
									format="html" scope="external">EntryType</xref></codeph>
						</entry> 
				<entry colname="2">Class that contains the supported notifications types. </entry> 
			 </row> 
		  </tbody> 
		</tgroup> 
	 </table> 
  </refbody> 
</reference> 