<?xml version="1.0" encoding="UTF-8"?>
<!DOCTYPE task PUBLIC "-//OASIS//DTD DITA Task//EN" "technicalContent/dtd/task.dtd">
<task id="closed-caption-available-current"
 xmlns:ditaarch="http://dita.oasis-open.org/architecture/2005/"> 
  <title>Select a current caption track from among available tracks</title> 
  <shortdesc id="t_psdk_closed-caption-current-available">Closed captioning
	 displays the audio portion of a video as text on the screen when the sound is
	 inaudible or the viewer is hard of hearing. 
  </shortdesc> 
  <taskbody> 
	 <context id="context_7DDC3AAA03264295B99000D1EC3109FF"> 
		<p>Closed captions are typically in the same language as the audio and
		  also display background sounds as text, but subtitles are typically in a
		  different language and do not include background sounds. 
		</p> 
		<p> TVSDK supports rendering these formats: 
		<ul id="ul_DAC4550EFB26491E86279CA8865C6393"> 
		  <li id="li_5D67C90CBAFB4AD3A2E0FBDFFAFF35BA"> 608 and 708 closed
			 captioning, when delivered as part of the video transport stream over HLS as
			 data packets in MPEG-2 video streams. 
		  </li> 
		  <li id="li_CE08897046A449A5A872501AA5E0352D">WebVTT caption files,
			 which are referenced from the M3U8 manifest files as defined in the HLS
			 specifications. They are automatically available as closed-caption tracks in
			 the Primetime player. 
		  </li> 
		</ul> 
		</p> 
		<p>You can: 
		</p> 
		<ul id="ul_43FD0DE8FD7A47D79FAFB7BCB51B79E3"> 
		  <li id="li_CAC42E614A7C4C239770E352D49A4D4E">Select an available
			 caption track to be the current track and listen for events that indicate
			 additional available tracks. 
		  </li> 
		  <li id="li_D96CCD33D0614F90AF59C65CDC269B5E">Switch closed captioning
			 on or off (visible or not visible) by using the 
			 <codeph>MediaPlayer</codeph> interface. 
		  </li> 
		  <li id="li_5AABA2863342455C9113F77B4C84A461">Select styling options
			 that dictate how closed captions are rendered by the underlying video engine.
			 Use the 
			 <codeph>MediaPlayerItem</codeph> interface to select formats such as
			 the font or font color. 
		  </li> 
		</ul> 
		<p>You can select a track from a list of currently available
		  closed-caption tracks. This becomes the current track, which is displayed when
		  visibility is on. Some tracks might not be available initially, so listen for
		  the event that indicates that more have become available. 
		</p> 
		<note type="tip">Closed captions are always enabled. All default
		  closed-caption tracks are considered to be present. Default tracks (such as
		  CC1-CC4, CS1-CS6) are enumerated in 
		  <codeph>ClosedCaptionsTrack.DefaultCCTypes</codeph>. When playback
		  begins, TVSDK looks for activity on any of these channels. If it finds
		  activity, it sets the 
		  <codeph>isActive</codeph> method for that track and dispatches the 
		  <codeph>MediaPlayer.PlaybackEventListener.onUpdated</codeph> event. 
		</note> 
	 </context> 
	 <steps id="steps_120097ED911C45A89774F29A221F2EB5"> 
		<step id="step_A8D4D26F00EF444890CE847363C42080"> 
		  <cmd>Wait for the media player to be in least the PREPARED state. 
		  </cmd> 
		</step> 
		<step id="step_F29B277362604D3CA2834A628D63B6E2"> 
		  <cmd>Listen for these events: 
		  </cmd> 
		  <choices id="choices_70DFB4C71F0A44EAA7DFE46E28BC8290"> 
			 <choice id="choice_F381070CCE484E75A0513B1D57391872"> 
				<codeph>MediaPlayer.PlaybackEventListener.onStateChanged with state
				  MediaPlayer.PlayerState.INITIALIZED</codeph>: The initial list of
				closed-caption tracks is available 
			 </choice> 
		  </choices> 
		</step> 
		<step id="step_5158861665D748AC8066EEEA910B75FC"> 
		  <cmd>Get a list of all currently available closed-caption tracks. 
		  </cmd> 
		  <info>For example: 
			 <codeblock outputclass="syntax java">List&lt;ClosedCaptionsTrack&gt; ccTracks =
      mediaPlayer.getCurrentItem().getClosedCaptionsTracks();</codeblock> 
		  </info> 
		</step> 
		<step id="step_EAB8C1F14E6A4020AE12CA8E0A459716"> 
		  <cmd>Select an available track to be the current track. 
		  </cmd> 
		  <info>For example: 
			 <codeblock outputclass="syntax java">// Select the initial CC track.
for (int i = 0; i &lt; ccTracks.size(); i++) {
    ClosedCaptionsTrack track = ccTracks.get(i);
    if (track.getName().equals(INITIAL_CC_TRACK)) {
        <b>mediaPlayer.getCurrentItem().selectClosedCaptionsTrack(track);</b>
        selectedClosedCaptionsIndex = i;
    }
}</codeblock> 
		  </info> 
		</step> 
		<step id="step_99C1AA2680194AA682D69419986E065E"> 
		  <cmd>Implement a listener for the event that indicates that more tracks
			 are available. When TVSDK dispatches the event, retrieve the current list of
			 available tracks. 
		  </cmd> 
		  <info>Retrieve the list each time that the event occurs to ensure that
			 you always have the most current list. 
		  </info> 
		</step> 
	 </steps> 
  </taskbody> 
</task> 
