<?xml version="1.0" encoding="UTF-8"?>
<!DOCTYPE concept PUBLIC "-//OASIS//DTD DITA Concept//EN" "concept.dtd">
<concept id="blackout_apis"> 
  <title>Blackout API elements</title> 
  <shortdesc>You can handle blackouts in live video streams and provide
	 alternate content during a blackout. 
  </shortdesc> 
  <conbody> 
	 <p>When a blackout occurs in a live stream, your player uses event handlers
		to detect the blackout and provide alternate content to those users who are
		ineligible to watch the main stream. Your player detects the start and end of
		the blackout period, switches playback from the main stream to an alternate
		stream, and switches back to the main stream when the blackout period ends. 
	 </p>
	 <p>To handle blackouts in live streams: 
	 <ol id="ol_6D8298D79F0345D58595170F87C99AE7"> 
		<li id="li_81105EFC80634BC6874626BA5D11EEED">Set up your app to detect
		  blackout tags by subscribing to blackout tags in a live-stream manifest. 
		  <p>TVSDK does not detect blackout tags on its own; you must subscribe
			 to blackout tags to receive notification when the tags are encountered during
			 manifest file parsing. 
		  </p> 
		</li> 
		<li id="li_9446377D6B90448D836FACCB616F95EF">Create event listeners for
		  tags to which your player is subscribed<ph> (in this case, PLAYBACK and
			 BLACKOUTS tags)</ph>. 
		  <p>When a tag occurs that your player has subscribed to (for example, a
			 blackout tag) in either the foreground (main content) or background (alternate
			 content) stream manifests, TVSDK dispatches a 
			 <codeph>TimedMetadataEvent</codeph> and creates a 
			 <codeph>TimedMetadataObject</codeph> for the 
			 <codeph>TimedMetadataEvent</codeph>. 
		  </p> 
		</li> 
		<li id="li_7026DFF0A37D43B48E5A4E86FC8C86E4">Implement handlers for the
		  timed metadata events for both the foreground and the background streams. 
		  <p>In these handlers, get the start and end times for the blackout
			 period from the timed metadata event objects. 
		  </p> 
		</li> 
		<li id="li_6CCE028AC3C84D38BF3887FDBAB1142B">Create methods for switching
		  content at the start and end of the blackout period. 
		  <p>When the blackout period starts, switch the main content to the
			 background and switch the alternate content to become the main stream. Continue
			 to fetch and parse the original manifest in the background and keep checking
			 for the "blackout end" tag, so that the player can rejoin the original stream
			 when the blackout ends. 
		  </p> 
		</li> 
		<li id="li_5DCB114CC1B54E70860578BC058812CC">Update non seekable ranges
		  if the blackout range is in DVR on the playback stream. 
		  <p>Track and handle the 
			 <codeph>TimedMetadata</codeph> on the background stream, by preparing
			 and updating blackout non seekable ranges. 
		  </p> 
		</li> 
	 </ol> 
	 </p>
	 <p>TVSDK provides API elements that are useful when implementing blackouts,
		including methods, metadata, and notifications. 
	 </p>
	 <p>You can use the following when implementing a blackout solution in your
		player. 
	 <ul id="ul_7515575EDBDE4CB19942A328E4C7AEDF"> 
		<li id="li_220966F1B20D4076901C218CF48082D7"><b>MediaPlayer</b> 
		  <ul id="ul_9FD21FA5D3194BEC94A926D896EC4F9C"> 
			 <li
			  id="li_E46F56187231488D945F43E49622CB63"><codeph>registerCurrentItemAsBackgroundItem</codeph>
				
				<p>Saves the currently loaded resource as the background resource.
				  If 
				  <codeph>replaceCurrentResource</codeph> is called after this
				  method, TVSDK continues to download the background item’s manifest until you
				  call 
				  <codeph>unregisterCurrentBackgroundItem</codeph>, 
				  <codeph>release</codeph>, or 
				  <codeph>reset</codeph>. 
				</p> 
			 </li> 
			 <li
			  id="li_015A5C439D454C2D9685344C97B3FBED"><codeph>unregisterCurrentBackgroundItem</codeph>
				
				<p>Sets the background item to null and stops fetching and parsing
				  the background manifest. 
				</p>
			 </li> 
		  </ul>
		</li> 
		<li id="li_15B4978195204100A7811BE5755A8FC0"><b>BlackoutMetadata</b> - 
		  <p>A Metadata class that is specific to blackouts. 
		  </p>
		  <p>This allows you to set non seekable ranges (an array of 
			 <codeph>TimeRanges</codeph>) on TVSDK. TVSDK checks for these ranges
			 every time the user seeks. If it is set and the user seeks into a nonseekable
			 range, TVSDK forces the viewer to the end of the nonseekable range. 
		  </p> 
		</li> 
		<li id="li_8DA7F9E40BF3497482A1EAA173F656DF"><b>START HERE
			 NEXT</b><b>AdvertisingMetadata</b> 
		  <p>Enable or disable preroll on a live stream by setting 
			 <codeph>enableLivePreroll</codeph> to true or false. If false, TVSDK
			 does not make an explicit ad server call for pre-roll ads before the content
			 playback and so does not play the pre-roll. This has no impact on the
			 mid-rolls. The default is true. 
		  </p> 
		</li> 
		<li
		 id="li_CF319A607EDE4682859DE4C3C421A085"><b>MediaPlayer.BlackoutsEventListener</b>
		  
		  <ul id="ul_E0E2E396BF0749158B1F16B3FB921766"> 
			 <li
			  id="li_7A3505C915A94F64B1A922F3CABCC712"><codeph>onTimedMetadataInBackgroundItem</codeph>
				- Dispatched when detects a subscribed tag in the background manifest and a new
				
				<codeph>TimedMetadata</codeph> instance is prepared from it. The 
				<codeph>TimedMetadata</codeph> instance is dispatched as a
				parameter. 
			 </li> 
			 <li
			  id="li_26A531A8EF384B51A56854470D259301"><codeph>onBackgroundManifestFailed</codeph>
				- Dispatched when the media player completely fails to load the background
				manifest, that is, all of the stream URLs return either an error or an invalid
				response. 
			 </li> 
		  </ul>
		</li> 
		<li id="li_F192F8B0F8F14CB5B9342DFBD4E23F03"> 
		  <b>Notifications</b> 
		  <ul id="ul_4A917DD8145D43A380A34C8C9F68E885"> 
			 <li
			  id="li_DFE1EE26CB1C4581B77952C9B01664CC"><codeph>BACKGROUND_MANIFEST_WARNING</codeph>
				
				<ul id="ul_13E487559FB84D9D869D9824FA85C54B"> 
				  <li id="li_068D21F17D2D4C8C9485D4AA5DFCBE9F">Code: 204000 
				  </li> 
				  <li id="li_8AC9E09F000A49859DE8153A0A6F4349">Type: Warning 
				  </li> 
				  <li id="li_5BFD34423C8B437199F1C0B2766811EE">Error in background
					 manifest download. 
				  </li> 
				</ul>
			 </li> 
		  </ul>
		</li> 
	 </ul>
	 </p> 
  </conbody> 
</concept> 
