<?xml version="1.0"?>
<!DOCTYPE concept PUBLIC "-//OASIS//DTD DITA Concept//EN" "concept.dtd">
<concept id="partial-adbreak-insertion"> 
  <title>Secure Ad loading over HTTPS</title> 
  <shortdesc> 
  </shortdesc> 
  <conbody> 
	 <p>Adobe Primetime provides an option to request first call to the
		Primetime ad server and CRS related calls over HTTPS.
	 </p>
	 <p> The feature is not enabled by default. Use the following to enable
		secure ad loading.
	 </p> 
	 <codeblock>AuditudeSettings auditudeSettings = new AuditudeSettings();
auditudeSettings. getForceHttpsConfiguration().setAdServerCalls(true);</codeblock>
  </conbody> 
</concept> 
