<?xml version="1.0" encoding="UTF-8"?>
<!DOCTYPE task PUBLIC "-//OASIS//DTD DITA Task//EN" "technicalContent/dtd/task.dtd">
<task id="alternate-audio-implement"
 xmlns:ditaarch="http://dita.oasis-open.org/architecture/2005/"> 
  <title>Access alternate audio tracks</title> 
  <shortdesc>Late-binding audio uses <codeph>MediaPlayer</codeph> to play a video that is specified
		in an M3U8 HLS playlist and that can contain several alternate audio streams. </shortdesc> 
  <taskbody> 
	 <steps id="steps_A7A20D7A14364050A9D727E61D249B1C"> 
		<step id="step_2A0A4D00308B46DF8919BF6A49E4A9C3">
				<cmd>Wait for the MediaPlayer to be in at least the PREPARED state. </cmd>
			</step> 
		<step id="step_B58B6D507C174F16BAFB0638BBEE1825" > 
		  <cmd>Listen for this event: 
		  </cmd> 
		  <info> 
			 <p
			  ><codeph>MediaPlayer.PlaybackEventListener.onStateChanged
				  with state MediaPlayer.PlayerState.INITIALIZED</codeph>: The initial list of
				audio tracks is available. 
			 </p> 
		  </info> 
		</step> 
		<step id="step_3B6DE78DE55D4738A2D7AD98017B8437">
				<cmd>Get the available audio tracks from the <codeph>MediaPlayerItem</codeph>
					instance. </cmd>
				<stepxmp>
					<codeph>mediaPlayerItem.getAudioTracks()</codeph>
				</stepxmp>
			</step> 
		<step id="step_4D20D0674E584727BFFF7B4935C50159"> 
		  <cmd>(Optional) Present the available tracks to the user. 
		  </cmd> 
		</step> 
		<step id="step_A9CCC83B79474A5BB314041284F0D162">
				<cmd>Set the selected audio track on the <codeph>MediaPlayerItem</codeph> instance. </cmd>
				<stepxmp>
					<codeph>mediaPlayerItem.selectAudioTrack(audioTrack)</codeph>
				</stepxmp>
			</step> 
	 </steps> 
  </taskbody> 
</task> 
