<?xml version="1.0" encoding="UTF-8"?>
<!DOCTYPE task PUBLIC "-//OASIS//DTD DITA Task//EN" "technicalContent/dtd/task.dtd">
<task id="volume-control"
 xmlns:ditaarch="http://dita.oasis-open.org/architecture/2005/"> 
  <title>Provide volume control</title> 
  <shortdesc>You can set up a user interface control for sound volume. 
  </shortdesc> 
  <taskbody> 
	 <steps id="steps_ECBCA405518940A28F5E6FDA0B571F36"> 
		<step id="step_E5477FB07E7342FD8C8792C721AECAF5">
				<cmd> Wait for the MediaPlayer instance to be in a valid state for this command,
					which is any except RELEASED or ERROR.</cmd>
			</step> 
		<step id="step_3D13AFB7E0EF4E0E8A6DB781E3B6F1D3">
				<cmd>Call <codeph>setVolume</codeph> on the <codeph>MediaPlayer</codeph> instance to
					set the audio volume. </cmd>
				<info>
					<codeblock outputclass="syntax java">void setVolume(int volume) throws IllegalStateException;</codeblock>
					<p>The value for the volume represents the requested volume expressed as a
						proportion of the maximum volume, where 0 is silent and 100 is the maximum
						volume. </p>
				</info>
			</step> 
	 </steps> 
  </taskbody> 
</task> 
