<?xml version="1.0"?>
<!DOCTYPE task PUBLIC "-//OASIS//DTD DITA Task//EN" "task.dtd">
<task id="task_playback_use_default"> 
  <title>Use the default playback behavior</title> 
  <shortdesc> You can choose to use default ad behaviors. 
  </shortdesc> 
  <taskbody> 
	 <steps id="steps_4CC70168DF134AB1BFC2DC186A14B4CE"> 
		<step id="step_C2427F95D136443284C76B1CB49D9C0D"> 
		  <cmd>To use default behaviors: 
		  </cmd> 
		  <choices id="choices_3D460EDC8AC948E38C6DD71CB0732531"> 
			 <choice id="choice_6ED9E0AF49324C86ABD105B3815E8192"> If you
				implement your own 
				<codeph>AdvertisingFactory</codeph> class, 
				<ph>return null for 
				  <codeph>createAdPolicySelector</codeph></ph> . 
			 </choice> 
			 <choice id="choice_CBD811BB635D463FAE20E32FC094E8E4">If you do not
				have a custom implementation for the 
				<codeph>AdvertisingFactory</codeph> class, TVSDK uses 
				<ph>a default ad policy selector</ph> . 
			 </choice> 
		  </choices> 
		</step> 
	 </steps> 
  </taskbody> 
</task> 
