<?xml version="1.0" encoding="UTF-8"?>
<!DOCTYPE task PUBLIC "-//OASIS//DTD DITA Task//EN" "task.dtd">
<task id="t_psdk_android_enable-screen-capture"> 
  <title>Enable screen capture</title> 
  <shortdesc/> 
  <prolog> 
	 <metadata> 
		<keywords> 
		  <keyword>setSecure</keyword> 
		  <keyword>VideoEngineView</keyword> 
		</keywords> </metadata>
  </prolog> 
  <taskbody> 
	 <context id="context_C8EBE8BD0F704E5EB58F164F55327D77"> 
		<p> 
		  TVSDK disallows screen capture
		  by default. The player calls 
		  <codeph>setSecure(true)</codeph> on the 
		  <codeph>com.adobe.ave.VideoEngineView</codeph> object at construction
		  time. You have access to this object, as you have to construct a 
		  <codeph>VideoEngineView</codeph> object and supply it to the 
		  <codeph>VideoEngine</codeph> object. 
		</p> 
		<p>To enable screen capture in your app: 
		</p> 
	 </context> 
	 <steps id="steps_6BF9662F19704A5CAFFEFCD3848E746C"> 
		<step id="step_D14F75693F0F480592F79CDBDD8C157F"> 
		  <cmd>Construct the 
			 <codeph>com.adobe.ave.VideoEngineView</codeph> object.
		  </cmd> 
		</step> 
		<step id="step_682DEAAE34084C5B99056EFEE52C3945"> 
		  <cmd>Call 
			 <codeph>setSecure(false)</codeph> on your 
			 <codeph>VideoEngineView</codeph> object.
		  </cmd> 
		</step> 
	 </steps> 
  </taskbody> 
</task> 
