<?xml version="1.0" encoding="UTF-8"?>
<!DOCTYPE task PUBLIC "-//OASIS//DTD DITA Task//EN" "technicalContent/dtd/task.dtd">
<task id="reset-reuse-mediaplayer-instance"
 xmlns:ditaarch="http://dita.oasis-open.org/architecture/2005/"> 
  <title>Reset or reuse a MediaPlayer instance</title> 
  <shortdesc>When you reset a <codeph>MediaPlayer</codeph> instance, it is returned to its
		uninitialized IDLE state as defined in <codeph>MediaPlayerState</codeph>. </shortdesc> 
  <taskbody> 
	 <context id="context_A71CAE879BB340DF942695EB5AC9BD0E"> 
		<p>This operation is useful in the following cases: 
		<ul id="ul_8CD8E94853704884A86B371F01B7E717"> 
		  <li id="li_FC25AB6F8C7B4596998565836A674D8A">You want to reuse a <codeph>MediaPlayer</codeph>
						instance but need to load a new <codeph>MediaResource</codeph> (video
						content) and replace the previous instance. <p>Resetting allows you to reuse
							the <codeph>MediaPlayer</codeph> instance without the overhead of
							releasing resources, recreating the <codeph>MediaPlayer</codeph>, and
							reallocating resources.  </p>
					</li> 
		  <li id="li_AE15116279304B15A81DE90995280E93">When the <codeph>MediaPlayer</codeph> is in an
						ERROR state and needs to be cleared. <note type="important">This is the only
							way to recover from the ERROR state. </note>
					</li> 
		</ul> 
		</p> 
	 </context> 
	 <steps id="steps_871CF344669341FCBDD48359DA5F39C1"> 
		<step id="step_8C20ADB6BF9D4171B1AAECBB0B82510C" >
		  <cmd>Call 
			 <codeph>reset</codeph> to return the 
			 <codeph>MediaPlayer</codeph> instance to its uninitialized state: 
		  </cmd>
		  <info>
			 <codeblock  outputclass="syntax java">void reset() throws IllegalStateException;
</codeblock>
		  </info>
		</step> 
		<step id="step_20835B520306408FA1AD5BDBCE049D8B" >
		  <cmd>Use 
			 <codeph>MediaPlayer.replaceCurrentResource</codeph> to load another 
			 <codeph>MediaResource</codeph>. 
		  </cmd>
		  <info>
			 <note type="tip">To clear an error, load the same 
				<codeph>MediaResource</codeph>. 
			 </note>
		  </info>
		</step> 
		<step id="step_EF95D4638FF4402A96D14E47796862BB" >
		  <cmd>When you receive the 
			 <codeph>STATUS_CHANGED</codeph> event callback with PREPARED status,
			 start the playback. 
		  </cmd>
		</step>
	 </steps> 
  </taskbody> 
</task> 
