<?xml version="1.0" encoding="UTF-8"?>
<!DOCTYPE task PUBLIC "-//OASIS//DTD DITA Task//EN" "technicalContent/dtd/task.dtd">
<task id="notification-setup"
 xmlns:ditaarch="http://dita.oasis-open.org/architecture/2005/"> 
  <title>Set up your notification system</title> 
  <shortdesc>You can listen for notifications and you can add your own
	 notifications to the notification history. 
  </shortdesc> 
  <taskbody> 
	 <context id="context_10E6853A100B466F87E9E3B43B7D51E5"> The core of the
		Primetime Player notification system is the 
		<codeph>Notification</codeph> class, which represents a standalone
		notification. 
		<p>The 
		  <codeph>NotificationHistory</codeph> class provides a mechanism for
		  accumulating notifications. It stores a log of notification
		  (NotificationHistoryItem) objects that represents a collection of
		  Notifications. 
		</p> 
		<p>To receive notifications: 
		</p>
		<ul id="ul_830091F412D34AFE81D002D9D779A819"> 
		  <li id="li_1D24361A44B64E6DB7E4BF4109B9D32E">Listen for notifications 
		  </li> 
		  <li id="li_B72F9761EDAE4D7FA0F86F89123C139D">Add notifications to the
			 notification history 
		  </li> 
		</ul>
	 </context> 
	 <steps id="steps_E641D674B0A74C76AC1F3D45120E9D63"> 
		<step id="step_ECFF6F74D18645978FE78C8D98819C43"> 
		  <cmd>Listen for state changes. 
		  </cmd> 
		</step> 
		<step id="step_C94B468D6A35458F89877452251B59D5"> 
		  <cmd>Implement the 
			 <codeph>MediaPlayer.PlaybackEventListener.onStateChanged</codeph>
			 callback. 
		  </cmd> 
		</step> 
		<step id="step_75D6BBF7286E492C921DFDCC8A6ACB78"> 
		  <cmd>TVSDK passes two parameters to the callback: 
		  </cmd> 
		  <info> 
			 <ul id="ul_152A22C3E93E454A95168DF7923D9671"> 
				<li id="li_1A0ED26CEE91460C8A15A50ACF8C64CD">The new state
				  (<codeph>MediaPlayer.PlayerState</codeph>) 
				</li> 
				<li id="li_B4D4B1B0BCCB44CAAFC8EB5987F03DBA">A 
				  <codeph>MediaPlayerNotification</codeph> object 
				</li> 
			 </ul> 
		  </info> 
		</step> 
	 </steps> 
  </taskbody> 
</task> 
