<?xml version="1.0" encoding="UTF-8"?>
<!DOCTYPE task PUBLIC "-//OASIS//DTD DITA Task//EN" "technicalContent/dtd/task.dtd">
<task id="state_prepared_wait"
 xmlns:ditaarch="http://dita.oasis-open.org/architecture/2005/"> 
  <title>Wait for a valid state</title> 
  <shortdesc>With TVSDK you can control the basic playback experience for live
	 and video on demand (VOD). TVSDK provides methods and properties on the player
	 instance that you can use to configure the player user interface.
  </shortdesc> 
  <taskbody> 
	 <context id="context_0DF521BAD4934F90B4024F1C52E72CD7">
		<p>Before you can use most of the TVSDK player methods, the player must
		  be in a valid state.
		</p> The player moves through various states. Waiting for the player to
		be in the correct state ensures that the media resource has successfully
		loaded. If the player is not in at least the required state, many player
		methods throw 
		<codeph>IllegalStateException</codeph>. 
		<p>The required state is usually PREPARED. 
		</p> 
	 </context> 
  </taskbody> 
</task> 
