<?xml version="1.0" encoding="UTF-8"?>
<!DOCTYPE concept PUBLIC "-//OASIS//DTD DITA Concept//EN" "technicalContent/dtd/concept.dtd">
<concept id="c_psdk_control-closed-caption-styling"
 xmlns:ditaarch="http://dita.oasis-open.org/architecture/2005/"> 
  <title>Control closed-caption styling</title> 
  <shortdesc>
		<ph> You can provide styling information for closed-caption tracks using the
				<codeph>TextFormat</codeph> class. This sets the style for any closed captions that
			are displayed by your player.</ph>
	</shortdesc> 
  <conbody> 
	 <p>This class encapsulates closed-caption styling information such as the font type, size, color,
			and background opacity. An associated helper class, <codeph>TextFormatBuilder</codeph>,
			facilitates working with closed-caption style settings.</p> 
  </conbody> 
</concept> 
