<?xml version="1.0" encoding="UTF-8"?>
<!DOCTYPE task PUBLIC "-//OASIS//DTD DITA Task//EN" "technicalContent/dtd/task.dtd">
<task id="t_psdk_android_set-up-the-mediaplayer"
 xmlns:ditaarch="http://dita.oasis-open.org/architecture/2005/"> 
  <title>Set up the MediaPlayer</title> 
  <shortdesc> The <codeph>MediaPlayer</codeph> interface for Android encapsulates the functionality
		and behavior of a media player. </shortdesc> 
  <taskbody> 
	 <context id="context_DF7EFB60F2394F8CBFF5522ECAE3E7CD"> 
		<p>TVSDK provides one
		  implementation of the 
		  <codeph>MediaPlayer</codeph> interface, the 
		  <codeph>DefaultMediaPlayer</codeph> class. When you need video playback
		  functionality, instantiate 
		  <codeph>DefaultMediaPlayer</codeph>. 
		</p> 
		<note type="tip">Interact with the 
		  <codeph>DefaultMediaPlayer</codeph> instance only with the methods that
		  are exposed by the 
		  <codeph>MediaPlayer</codeph> interface. 
		</note> 
	 </context> 
	 <steps id="steps_36FB64EB958540A78DBE31C28BCEE6F5"> 
		<step id="step_E1615076BEE04443A0BDEAB8CDF4E742"> 
		  <cmd>Instantiate a MediaPlayer using the public 
			 <codeph>DefaultMediaPlayer.create</codeph> factory method, passing a
			 Java Android application context object. 
		  </cmd> 
		  <info> 
			 <codeblock outputclass="syntax java">public static MediaPlayer create(Context context)
</codeblock> 
		  </info> 
		</step> 
		<step id="step_E97FA8D3690845A6B81441D40FE52ADC"> 
		  <cmd>Call 
			 <codeph>MediaPlayer.getView</codeph> to get a reference to the 
			 <codeph>MediaPlayerView</codeph> instance. 
		  </cmd> 
		  <info> 
			 <codeblock outputclass="syntax java">MediaPlayerView getView() throws IllegalStateException;
</codeblock> 
		  </info> 
		</step> 
		<step id="step_D24CEDE9A05843B69CEF085A27B82576"> 
		  <cmd>Place the 
			 <codeph>MediaPlayerView</codeph> instance in a 
			 <codeph>FrameLayout</codeph> instance, which places the video on the
			 device's screen. 
		  </cmd> 
		  <info> 
			 <codeblock outputclass="syntax java">FrameLayout playerFrame = (FrameLayout) view.findViewById(R.id.playerFrame);
playerFrame.addView(mediaPlayer.getView());
</codeblock> 
		  </info> 
		</step> 
	 </steps> 
	 <result id="result_D650FD9D00A548168E74C6F5EA1E674E">The 
		<codeph>MediaPlayer</codeph> instance is now available and properly
		configured to display video content on the device screen. 
	 </result> 
  </taskbody> 
</task> 
