<?xml version="1.0" encoding="UTF-8"?>
<!DOCTYPE concept PUBLIC "-//OASIS//DTD DITA Concept//EN" "technicalContent/dtd/concept.dtd">
<concept id="c_psdk_requirements"
 xmlns:ditaarch="http://dita.oasis-open.org/architecture/2005/"> 
  <title>Requirements</title> 
  <shortdesc>TVSDK requires specific requirements for media content, manifest
	 content, DRM, and software versions. 
  </shortdesc> 
  <conbody> 
	 <section id="section_96E5B079900246E78682AE44D3F23068"> 
		<title>System and software requirements</title> 
		<p>To use TVSDK, ensure that your hardware, operating system, and
		  application versions all meet the minimum requirements listed below. 
		</p> 
		<table frame="all" colsep="1" rowsep="1"
		 id="table_964554E5CAB24FA2A3E57ABABC36D9C2"> 
		  <tgroup cols="2" colsep="1" rowsep="1" outputclass="FormatA"> 
			 <colspec colnum="1" colname="1" colwidth="17*"/> 
			 <colspec colnum="2" colname="2" colwidth="83*"/> 
			 <tbody> 
				<row rowsep="1"> 
				  <entry colname="1">Operating system 
				  </entry> 
				  <entry colname="2">Android 4.0 or later (minimum API level 14) 
				  </entry> 
				</row> 
				<row rowsep="1"> 
				  <entry colname="1">CPU 
				  </entry> 
				  <entry colname="2">1 GHz Single Core or equivalent 
				  </entry> 
				</row> 
				<row rowsep="1"> 
				  <entry colname="1">RAM 
				  </entry> 
				  <entry colname="2">256 MB 
				  </entry> 
				</row> 
				<row rowsep="1"> 
				  <entry colname="1">GPU 
				  </entry> 
				  <entry colname="2">Hardware GPU required for playback 
				  </entry> 
				</row> 
				<row rowsep="0"> 
				  <entry colname="1">Architecture 
				  </entry> 
				  <entry colname="2">x86 via Houdini, ARM64, ARMv7, and ARMv8 
				  </entry> 
				</row> 
			 </tbody> 
		  </tgroup> 
		</table> 
	 </section> 
	 <section id="section_72DD0E4DA9774DCCADB42887497F1386"> 
		<title>Content and manifest requirements</title> 
		<p>Check the restrictions and requirements for streams and playlists
		  (manifests), including DRM encryption keys. 
		</p> 
		<table id="table_D7C38CD3B4D24C3D9A3B55D8CEFE7366"> 
		  <tgroup cols="2"><colspec colnum="1" colname="col1"
			 colwidth="1.00*"/><colspec colnum="2" colname="col2" colwidth="1.86*"/> 
			 <tbody> 
				<row> 
				  <entry colname="col1">Adobe Access DRM 
				  </entry> 
				  <entry colname="col2">If the DRM-protected stream is multiple bit
					 rate (MBR), the DRM encryption key used for the MBR should be the same as the
					 key used in all the bit-rate streams. 
				  </entry> 
				</row> 
				<row> 
				  <entry colname="col1">Ad variant manifests 
				  </entry> 
				  <entry colname="col2">Must have the same bit-rate renditions as
					 the renditions of the main content. 
				  </entry> 
				</row> 
			 </tbody> 
		  </tgroup> 
		</table> 
	 </section> 
	 <section id="section_49A33664651A46EC9ED888BA9C1C3F6D"> 
		<title>#EXT-X-VERSION requirements</title> 
		<p>The version of 
		  <codeph>#EXT-X-VERSION</codeph> in the 
		  <filepath>.m3u8</filepath> file affects what features are available to
		  your application and what 
		  <codeph>EXT</codeph> tags are valid in your playlist/manifest.
		</p> 
		<p>Here is some information about the 
		  <codeph>#EXT-X-VERSION</codeph> tag, which specifies the HLS protocol
		  version: 
		</p> 
		<ul id="ul_6E57CF3546134B98BB0AB485877AF26D"> 
		  <li id="li_81026714077D4E119853D0AE0084296C">The version must match the
			 features and attributes in the HLS playlist; otherwise, playback errors might
			 occur. For more information, see 
			 <xref
			  href="https://datatracker.ietf.org/doc/draft-pantos-http-live-streaming/?include_text=1"
			  format="html" scope="external">HTTP Live Streaming specification</xref>. 
		  </li> 
		  <li id="li_BEE7D96C6ABF46E2BCFACA64DA2D9067">Adobe recommends using at
			 least Version 2 of HLS for playback in TVSDK-based clients. 
			 <p>Clients and servers must implement the versions in the following
				way: 
			 <table frame="all" colsep="1" rowsep="1"
			  id="table_62EB98EDD9DE49EC84CB1C7D59BC40E6"> 
				<tgroup cols="2" colsep="1" rowsep="1" outputclass="FormatA"> 
				  <colspec colnum="1" colname="1" colwidth="26*"/> 
				  <colspec colnum="2" colname="2" colwidth="74*"/> 
				  <thead> 
					 <row rowsep="1"> 
						<entry colname="1">Use at least this version 
						</entry> 
						<entry colname="2">To use these features 
						</entry> 
					 </row> 
				  </thead> 
				  <tbody> 
					 <row rowsep="1"> 
						<entry colname="1"><codeph>EXT-X-VERSION:2</codeph> 
						</entry> 
						<entry colname="2">The IV attribute of the 
						  <codeph>EXT-X-KEY</codeph> tag. 
						</entry> 
					 </row> 
					 <row rowsep="1"> 
						<entry colname="1"><codeph>EXT-X-VERSION:3</codeph> 
						</entry> 
						<entry colname="2"> 
						  <ul id="ul_C9500D3F934848639C204BF248F139FF"> 
							 <li
							  id="li_535A7E3FABCB46FE872A7EA5DE2A1784">Floating-point 
								<codeph>EXTINF</codeph> duration values 
								<p>The duration tags
								  (<codeph>#EXTINF:</codeph>&lt;duration&gt;,&lt;title&gt;) in version 2 were
								  rounded to integer values. Version 3 and above require durations to be
								  specified exactly, in floating point. 
								</p> 
							 </li> 
						  </ul> 
						</entry> 
					 </row> 
					 <row rowsep="0"> 
						<entry colname="1"><codeph>EXT-X-VERSION:4</codeph> 
						</entry> 
						<entry colname="2"> 
						  <ul id="ul_3355A6CBBE2141DDB92660BB4B604D70"> 
							 <li id="li_5E73D41AF6DC4CEE88D6C029FFCFC350">The 
								<codeph>EXT-X-BYTERANGE</codeph> tag 
							 </li> 
							 <li id="li_BF5141F516F749E5890860D487EB5287">The 
								<codeph>EXT-X-I-FRAME-STREAM-INF</codeph> tag 
							 </li> 
							 <li id="li_E0D399A13812499B94107CDE62998EE9">The 
								<codeph>EXT-X-I-FRAMES-ONLY</codeph> tag 
							 </li> 
							 <li id="li_A7783AFF99854EFBBAECD2967E4CBF2B">The 
								<codeph>EXT-X-MEDIA</codeph> tag 
							 </li> 
							 <li id="li_15AE652F33C1454AA90DDC65E7D6C2FD">The 
								<codeph>AUDIO</codeph> and 
								<codeph>VIDEO</codeph> attributes of the 
								<codeph>EXT-X-STREAM-INF</codeph> tag 
							 </li> 
							 <li id="li_DB2A7847D5884F6E91FD9E78101FBCA5">TVSDK
								alternate audio 
							 </li> 
						  </ul> 
						</entry> 
					 </row> 
				  </tbody> 
				</tgroup> 
			 </table> 
			 </p> 
		  </li> 
		</ul> 
	 </section> 
  </conbody> 
</concept> 
