<?xml version="1.0"?>
<!DOCTYPE concept PUBLIC "-//OASIS//DTD DITA Concept//EN" "concept.dtd">
<concept id="c_events-order-playback"> 
  <title>Implement event listeners and callbacks</title> 
  <shortdesc> Event handlers allow TVSDK to respond to events. 
  </shortdesc> 
  <conbody> 
	 <p>When an event occurs, TVSDK's event mechanism calls your registered
		event handler and passes the event information to the handler. 
	 </p> 
	 <p>TVSDK defines listeners as public internal interfaces in the 
		<codeph>MediaPlayer</codeph> interface. 
	 </p> 
	 <p> Your application must implement event listeners for TVSDK events that
		affect your application. 
	 </p> 
	 <p>For a complete list of the events for video analytics, see Track Core
		Video Playback.
	 </p>
	 <ol id="ol_2AB3EF513EB24BE0ADDE648AD9844059"> 
		<li id="li_F612E36C7BA54BDE906BCE1A911BCBE7">Determine for which events
		  your application must listen. 
		  <ul id="ul_40A89DFEFA964A329F09169E138DD041"> 
			 <li id="li_3681BA56A51C45B29074F8EB250A70C8"><b>Required events</b>:
				Listen for all playback events. 
				<note type="important">The playback event 
				  <codeph>onStateChanged</codeph> provides the player state,
				  including errors. Any of the states might affect your player's next step 
				</note> 
			 </li> 
			 <li id="li_69D4947141EC44C1A942B989D18998CC"><b>Other events</b>:
				Optional, depending on your application. 
				<p>For example, if you incorporate advertising in your playback,
				  implement the AdPlaybackEventListener callbacks. 
				</p> 
			 </li> 
		  </ul> 
		</li> 
		<li id="li_D1869398AD91469E9416E90375E42549">Implement event listeners
		  for each event. 
		  <p>TVSDK returns parameter values to your event-listener callbacks.
			 These values, provide relevant information about the event that you can use in
			 your listeners to perform appropriate actions. 
		  </p> 
		  <p><codeph>MediaPlayer.EventListener</codeph> lists all the callback
			 interfaces. Each interface displays the callback name and parameters that are
			 returned for each event. 
		  </p> 
		  <p>For example: 
		  </p> 
		  <codeblock>MediaPlayer.PlaybackEventListener.onStateChanged(
 MediaPlayer.PlayerState state, MediaPlayerNotification notification)</codeblock> 
		</li> 
		<li id="li_B06A2BDD5C0D4693A05D646E38040F19">Register your callback
		  listeners with the 
		  <codeph>MediaPlayer</codeph> object by using 
		  <codeph>MediaPlayer.addEventListener</codeph>. 
		  <codeblock>mediaPlayer.addEventListener(MediaPlayer.Event.PLAYBACK,
 new MediaPlayer.PlaybackEventListener() {
 @Override
 public void onStateChanged(
 MediaPlayer.PlayerState state,
 MediaPlayerNotification notification) {...}
}</codeblock> 
		</li> 
	 </ol> 
	 <section id="section_6D412C33ACE54E9D90DB1DAA9AA30272"> 
		<title>Order of playback events</title> 
		<p>TVSDK dispatches events/notifications in generally expected sequences.
		  Your player can implement actions based on events in the expected sequence. 
		</p> 
		<p>The following examples show the order of some events that include
		  playback events. 
		</p> 
		<ul id="ul_7BED7F81245E4711A62CD11AEDABA718"> 
		  <li id="li_BB3B77F9CF3D4BD58F4900AD61B68C61">When successfully loading
			 a media resource through 
			 <codeph>MediaPlayer.replaceCurrentResource</codeph>, the order of
			 events is: 
		  </li> 
		</ul> 
		<p> 
		<ol id="ol_40B2C5DE61A14ECE9424C7B8A134E879"> 
		  <li
			id="li_72DD3C175D5B412182AAC8D84A521BB5"><codeph>MediaPlayer.PlaybackEventListener.onStateChanged</codeph>
			 with state 
			 <codeph>MediaPlayer.PlayerState.INITIALIZING 
			 </codeph>
		  </li> 
		  <li id="li_640A52E21124484087D56DAFA5B3AACB"> 
			 <codeph>MediaPlayer.PlaybackEventListener.onStateChanged</codeph>
			 with state 
			 <codeph>MediaPlayer.PlayerState.INITIALIZED</codeph>
		  </li> 
		</ol> 
		<note type="tip">Load your media resource on the main thread. If you load
		  a media resource on a background thread, this operation or subsequent TVSDK
		  operations, or both, might throw an error (for example, 
		  <codeph>IllegalStateException</codeph>) and exit.
		</note> 
		<ul id="ul_E1E698FE84564A6FAF2D6B6109D274FC"> 
		  <li id="li_3864985E56F746968F411C082D85DF7C">When preparing for
			 playback through 
			 <codeph>MediaPlayer.prepareToPlay</codeph>, the order of events is: 
		  </li> 
		</ul> 
		<ol id="ol_73D4176D6A8F49DAAA6B558CE97BD317"> 
		  <li
			id="li_751B891CA5A94B809217597E68A20207"><codeph>MediaPlayer.PlaybackEventListener.onStateChanged</codeph>
			 with state 
			 <codeph>MediaPlayerStatus.PREPARING</codeph> 
		  </li> 
		  <li
			id="li_1F31C2D271B74A0A97932BDCDC90DC4C"><codeph>MediaPlayer.PlaybackEventListener.onTimelineUpdated
				
			 </codeph> if ads were inserted. 
		  </li> 
		  <li
			id="li_771AEDC69B9C47FC9E6140DAD8DBACD3"><codeph>MediaPlayer.PlaybackEventListener.onStateChanged
				
			 </codeph> with state 
			 <codeph>MediaPlayerStatus.PREPARED</codeph> 
		  </li> 
		</ol> 
		<ul id="ul_71C00E4AB0FE49EBBF710FCC7E37F37C"> 
		  <li id="li_DD14DEA06EEF4079B1EE56DDFD800065">For live/linear streams,
			 during playback as the playback window advances and additional opportunities
			 are resolved, the order of events is: 
		  </li> 
		</ul> 
		<ol id="ol_C122A8152D34460183027511480ED839"> 
		  <li
			id="li_0D9C18A4B0F7436CB895E6D46685D498"><codeph>MediaPlayer.PlaybackEventListener.onUpdated
				
			 </codeph> 
		  </li> 
		  <li
			id="li_5C0FBF6882EC479EB224B72FFAF31788"><codeph>MediaPlayer.PlaybackEventListener.onTimelineUpdated</codeph>
			 if ads were inserted 
		  </li> 
		  <li
			id="li_AE15B09C17AB4FEFAD734FD2E7439946"><codeph>MediaPlayerItemEvent.ITEM_UPDATED</codeph>
			 
		  </li> 
		  <li
			id="li_59E7EBE91E5A4A8495688716A0EEF9D7"><codeph>TimelineEvent.TIMELINE_UPDATED</codeph>
			 if ads were inserted 
		  </li> 
		</ol> 
		</p> 
		<p>The following example shows a typical progression of events: 
		</p> 
		<codeblock outputclass="syntax java">mediaPlayer.addEventListener(MediaPlayer.Event.PLAYBACK, 
  new MediaPlayer.PlaybackEventListener() {
    @Override
    public void onPrepared() {...}
    @Override
    public void onUpdated() {...}
    @Override
    public void onPlayStart() {...}
    @Override
    public void onPlayComplete() {...}
    @Override
    public void onSizeAvailable(long height, long width) {...}
    @Override
    public void onStateChanged(MediaPlayer.PlayerState state, 
      MediaPlayerNotification notification) {...}
});</codeblock> 
	 </section> 
	 <section id="section_7B3BE3BD3B6F4CF69D81F9CFAC24CAD5"> 
		<title>Order of advertising events</title> 
		<p>When your playback includes advertising, TVSDK dispatches
		  events/notifications in generally expected sequences. Your player can implement
		  actions based on events in the expected sequence. 
		</p> 
		<p>When playing ads, the order of events is: 
		<ul id="ul_8D90537C40E24B839D831B20F1B2A810"> 
		  <li
			id="li_666495768E244535A7922D6D440C7384"><codeph>AdPlaybackEventListener.onAdBreakStart</codeph>
			 
		  </li> 
		  <li id="li_32C9E830732940E2B5F114BC312C89F2">The following are
			 dispatched for every ad in the ad break: 
			 <ul id="ul_1EF55409758A4BC59211333AEFF99BB7"> 
				<li
				 id="li_E55F18A9033B43D18F2DE7E660CF17F7"><codeph>AdPlaybackEventListener.onAdStart</codeph>
				  
				</li> 
				<li
				 id="li_D9964DF4860641089B5B5C383C637719"><codeph>AdPlaybackEventListener.onAdProgress</codeph>
				  (multiple times during an ad's playback) 
				</li> 
				<li
				id="li_F26E791E3A4A4F1BB535E2AD58FFE75F"><codeph>AdPlaybackEventListener.onAdClick</codeph>
				  (for each click) 
				</li> 
				<li
				id="li_DCF23AEA55F04EA58C52D33827AC2C58"><codeph>AdPlaybackEventListener.onAdStart</codeph>
				  
				</li>
				<li
				id="li_D94DD58FE1A24A66AC02E16B4F0EA8A3"><codeph>AdPlaybackEventListener.onAdBreakComplete</codeph>
				</li> 
			 </ul> 
		  </li> 
		</ul> 
		</p> 
		<p>The following example shows a typical progression of ad playback
		  events: 
		</p> 
		<codeblock outputclass="syntax java">mediaPlayer.addEventListener(MediaPlayer.Event.AD_PLAYBACK, 
  new MediaPlayer.AdPlaybackEventListener() {
    @Override	
    public void onAdBreakStart(AdBreak adBreak) { ... }
    @Override
    public void onAdStart(AdBreak adBreak, Ad ad) { ... }
    @Override
    public void onAdProgress(AdBreak adBreak, Ad ad, int percentage) { ... }	
    @Override
    public void onAdComplete(AdBreak adBreak, Ad ad) { ... }
    @Override
    public void onAdBreakComplete(AdBreak adBreak) { ... }
    @Override
    public void onAdClick(AdBreak adBreak, Ad ad, AdClick adClick) { ... }
});</codeblock> 
		<p>When playing ads, the order of events is: 
		<ul id="ul_17A8F43FB547464DB252C8927290E7BE"> 
		  <li
		  id="li_98B8F223C87F413DBE51CAF9F154110C"><codeph>AdPlaybackEventListener.onAdBreakStart</codeph>
			 
		  </li> 
		  <li id="li_C4DA96CD97F7431985B0FBA72EDCC7C1">The following are
			 dispatched for every ad in the ad break: 
			 <ul id="ul_ECAA65904D3346748E4D97D679AFEC2F"> 
				<li
				id="li_28F2BE6E2B0A4A4984DD32834E2990ED"><codeph>AdPlaybackEventListener.onAdStart</codeph>
				  
				</li> 
				<li
				id="li_B8D7833B96A5495FB81FB6685530C2CF"><codeph>AdPlaybackEventListener.onAdProgress</codeph>
				  (multiple times during an ad's playback) 
				</li> 
				<li
				 id="li_BE45976966B64FEFA88F6959ECCF27E5"><codeph>AdPlaybackEventListener.onAdClick</codeph>
				  (for each click) 
				</li> 
				<li
				 id="li_37FA139802334C6BBD3486A606680BF3"><codeph>AdPlaybackEventListener.onAdStart</codeph>
				  
				</li> 
			 </ul> 
		  </li> 
		  <li
			id="li_05D4A8823C6C4B01BFDCEA6A1E6B1289"><codeph>AdPlaybackEventListener.onAdBreakComplete</codeph>
			 
		  </li> 
		</ul> 
		</p> 
		<p>The following example shows a typical progression of ad playback
		  events: 
		</p> 
		<codeblock outputclass="syntax java">mediaPlayer.addEventListener(MediaPlayer.Event.AD_PLAYBACK, 
  new MediaPlayer.AdPlaybackEventListener() {
    @Override	
    public void onAdBreakStart(AdBreak adBreak) { ... }
    @Override
    public void onAdStart(AdBreak adBreak, Ad ad) { ... }
    @Override
    public void onAdProgress(AdBreak adBreak, Ad ad, int percentage) { ... }	
    @Override
    public void onAdComplete(AdBreak adBreak, Ad ad) { ... }
    @Override
    public void onAdBreakComplete(AdBreak adBreak) { ... }
    @Override
    public void onAdClick(AdBreak adBreak, Ad ad, AdClick adClick) { ... }
});</codeblock> 
	 </section> 
	 <section id="section_9BFF3CD7AA1C4BD6960ACF6B9C0B25CC"> 
		<title>QoS events</title> 
		<p>TVSDK dispatches quality of service (QoS) events to notify your
		  application about events that could influence the computation of QoS
		  statistics, such as buffering and seeking events. 
		</p> 
		<p>The following example shows a typical progression of these events: 
		  <codeblock outputclass="syntax java">mediaPlayer.addEventListener(MediaPlayer.Event.QOS, 
  new MediaPlayer.QOSEventListener(){
    //For buffering activity
    @Override
    public void onBufferStart()
    @Override
    public void onBufferComplete()
    // For seeking
    @Override
    public void onSeekStart()
    @Override
    public void onSeekComplete(long adjustedTime)
    @Override
    public void onLoadComplete (MediaPlayerItem mediaplayeritem)
    @Override
    public void onLoadInfo(LoadInfo loadInfo)
    @Override
    public void onOperationFailed(MediaPlayerNotification.Warning warning)
});</codeblock> 
		</p> 
	 </section> 
	 <section id="section_3FECBF127B3E4EFEAB5AE87E89CCDE7C"> 
		<title> DRM events</title> 
		<p>TVSDK dispatches digital rights management (DRM) events in response to
		  DRM-related operations such as when new DRM metadata becomes available. Your
		  player can implement actions in response to these events. 
		</p> 
		<p>To be notified about all DRM-related events, listen for 
		  <codeph>onDRMMetadata(DRMMetadataInfo drmMetadataInfo)</codeph>. TVSDK
		  dispatches additional DRM events through the 
		  <codeph>DRMManager</codeph> class. 
		</p> 
		<p>The following example shows a typical progression: 
		  <codeblock>mediaPlayer.addEventListener(MediaPlayer.Event.DRM,
 new MediaPlayer.DRMEventListener() {
 @Override
 public void onDRMMetadata(byte[] data, int length, long timestamp) {...}
});
</codeblock> 
		</p> 
	 </section> 
	 <section id="section_5638F8EDACCE422A9425187484D39DCC"> 
		<title>Loader events</title> 
		<p> Your player can implement actions based on the following events: 
		</p> 
		<table id="table_38E9759DD1EC40A397829AC03C477E56"> 
		  <tgroup cols="2"><colspec colnum="1" colname="col1"
			 colwidth="*"/><colspec colnum="2" colname="col2" colwidth="*"/><thead> 
				<row> 
				  <entry colname="col1">Event 
				  </entry> 
				  <entry colname="col2">Meaning 
				  </entry> 
				</row></thead> 
			 <tbody> 
				<row> 
				  <entry colname="col1"><codeph>onLoadComplete (mediaPlayerItem
						playerItem)</codeph> 
				  </entry> 
				  <entry colname="col2">Media resource loading completed
					 successfully. 
				  </entry> 
				</row> 
				<row> 
				  <entry colname="col1"><codeph>onError 
					 </codeph> 
				  </entry> 
				  <entry colname="col2">A problem occurred with media resource
					 loading. 
				  </entry> 
				</row> 
			 </tbody> 
		  </tgroup> 
		</table> 
	 </section> 
  </conbody> 
</concept> 
