<?xml version="1.0" encoding="UTF-8"?>
<!DOCTYPE task PUBLIC "-//OASIS//DTD DITA Task//EN" "technicalContent/dtd/task.dtd">
<task id="t_psdk_android_fragment-level-tracking"
 xmlns:ditaarch="http://dita.oasis-open.org/architecture/2005/"> 
  <title>Track at the fragment level using load information</title> 
  <shortdesc> Quality of service (QoS) offers a detailed view into how the
	 video engine is performing. TVSDK provides detailed statistics about playback,
	 buffering, and devices. 
  </shortdesc> 
  <taskbody> 
	 <context id="context_03CE9F31C29E48FEB171BD71B8146047">
		<p> TVSDK also provides information about the following downloaded
		  resources: 
		</p>
		<ol id="ol_B69204781B104D70BF5497FC60471DCC">
		  <li id="li_225BB5D3599C41A982FEADF8199C83E9">Playlist/manifest files 
		  </li>
		  <li id="li_86D759A9BA2341868C9F71651EFBE7DF">File fragments 
		  </li>
		  <li id="li_D31BE770C38D4574AC8F5DEB62B8F8F1">Tracking information for
			 files 
		  </li>
		</ol>
		<p>You can read quality of service (QoS) information about downloaded
		  resources, such as fragments and tracks, from the 
		  <codeph>LoadInfo</codeph> class.
		</p>
	 </context>
	 <steps id="steps_55DC754A22F74BA0BE2727E8F7B2857A"> 
		<step id="step_2249C7DE73BD48A19010010AED685B8C"> 
		  <cmd>Implement the 
			 <codeph>onLoadInfo</codeph> callback event listener. 
		  </cmd> 
		</step> 
		<step id="step_C6024A05CCA8464295CA3CB67797D286"> 
		  <cmd> Register the event listener, which TVSDK calls every time a
			 fragment has downloaded. 
		  </cmd> 
		</step> 
		<step id="step_4B83AA65D2294C52AD3B47FF0231CECA"> 
		  <cmd>Read the data of interest from the 
			 <codeph>LoadInfo</codeph> parameter that is passed to the callback. 
		  </cmd> 
		  <info> 
			 <p> 
			 <table id="table_06BD536A23AB4A73B510998426BAE143"> 
				<tgroup cols="3"><colspec colname="col01" colnum="1"
				  colwidth="1.17*"/><colspec colnum="2" colname="col1" colwidth="1.00*"/><colspec
				  colnum="3" colname="col2" colwidth="1.51*"/><thead> 
					 <row> 
						<entry colname="col01">Property 
						</entry> 
						<entry colname="col1">Type 
						</entry> 
						<entry colname="col2">Description 
						</entry> 
					 </row></thead> 
				  <tbody> 
					 <row> 
						<entry colname="col01"><codeph>downloadDuration</codeph>
						</entry> 
						<entry colname="col1"><codeph>long</codeph>
						</entry> 
						<entry colname="col2"> 
						  <p>The duration of the download in milliseconds. 
						  </p> 
						  <p>TVSDK does not differentiate between the time it took
							 the client to connect to the server and the time it took to download the full
							 fragment. For example, if a 10 MB segment takes 8 seconds to download, TVSDK
							 provides that information, but does not tell you that it took 4 seconds until
							 the first byte and another 4 seconds to download the entire fragment. 
						  </p> 
						</entry> 
					 </row> 
					 <row> 
						<entry colname="col01"><codeph>mediaDuration</codeph>
						</entry> 
						<entry colname="col1"><codeph>long</codeph>
						</entry> 
						<entry colname="col2"> The media duration of the downloaded
						  fragments in milliseconds. 
						</entry> 
					 </row> 
					 <row> 
						<entry colname="col01"><codeph>periodIndex</codeph>
						</entry> 
						<entry colname="col1"><codeph>int</codeph>
						</entry> 
						<entry colname="col2"> The timeline period index associated
						  with the downloaded resource. 
						</entry> 
					 </row> 
					 <row> 
						<entry colname="col01"><codeph>size</codeph>
						</entry> 
						<entry colname="col1"><codeph>long</codeph>
						</entry> 
						<entry colname="col2"> The size of the downloaded resource in
						  bytes. 
						</entry> 
					 </row> 
					 <row> 
						<entry colname="col01"><codeph>trackIndex</codeph>
						</entry> 
						<entry colname="col1"><codeph>int</codeph>
						</entry> 
						<entry colname="col2">The index of the corresponding track,
						  if known; otherwise, 0. 
						</entry> 
					 </row> 
					 <row> 
						<entry colname="col01"><codeph>trackName</codeph>
						</entry> 
						<entry colname="col1"><codeph>String</codeph>
						</entry> 
						<entry colname="col2"> The name of the corresponding track,
						  if known; otherwise, null. 
						</entry> 
					 </row> 
					 <row> 
						<entry colname="col01"><codeph>trackType</codeph>
						</entry> 
						<entry colname="col1"><codeph>String</codeph>
						</entry> 
						<entry colname="col2">The type of the corresponding track, if
						  known; otherwise, null. 
						</entry> 
					 </row> 
					 <row> 
						<entry colname="col01"><codeph>type</codeph>
						</entry> 
						<entry colname="col1"><codeph>String</codeph>
						</entry> 
						<entry colname="col2">What TVSDK downloaded. One of the
						  following: 
						  <ul id="ul_9C3BDEBD878544DA95C7FF81114F9B5C"> 
							 <li id="li_A093552B492A44FD8B30785E465F6886">MANIFEST - A
								playlist/manifest 
							 </li> 
							 <li id="li_DEF9AC71AA564F9BB4C5D4E834432EE5">FRAGMENT - A
								fragment 
							 </li> 
							 <li id="li_57821F47B6F04CD38570BCE6447A01B8">TRACK - A
								fragment associated with a specific track 
							 </li> 
						  </ul> Sometimes it might not be possible to detect the type
						  of the resource. If this occurs, FILE is returned. 
						</entry> 
					 </row> 
					 <row> 
						<entry colname="col01"><codeph>url</codeph>
						</entry> 
						<entry colname="col1"><codeph>String</codeph>
						</entry> 
						<entry colname="col2"> The URL that points to the downloaded
						  resource. 
						</entry> 
					 </row> 
				  </tbody> 
				</tgroup> 
			 </table> 
			 </p> 
		  </info> 
		</step> 
	 </steps> 
  </taskbody> 
</task> 
