<?xml version="1.0" encoding="UTF-8"?>
<!DOCTYPE reference PUBLIC "-//OASIS//DTD DITA Reference//EN" "technicalContent/dtd/reference.dtd">
<reference id="r_psdk_notification-warnings"
 xmlns:ditaarch="http://dita.oasis-open.org/architecture/2005/"> 
  <title>WARNING notification codes</title> 
  <shortdesc>This table proves detailed information about <codeph>WARN</codeph> type notifications. </shortdesc> 
  <refbody> 
	 <section id="section_F25366B6703040E3ADA993C113618F01"> 
		<p>Most warnings contain relevant metadata, for example, the URL of the
		  resource that failed to download. Some notifications contain metadata to
		  specify whether the problem occurred in the main video content, in the
		  alternate audio content, or in an ad. 
		</p> 
		<table frame="all" colsep="1" rowsep="1"
		 id="table_C24772DF203B4DB2ACE6B475698C4C58"> 
		  <tgroup cols="5" colsep="1" rowsep="1" outputclass="FormatA"> 
			 <colspec colnum="1" colname="1" colwidth="1.00*"/> 
			 <colspec colnum="2" colname="2" colwidth="1.94*"/> 
			 <colspec colnum="3" colname="3" colwidth="2.25*"/> 
			 <colspec colnum="4" colname="4" colwidth="2.72*"/> 
			 <colspec colnum="5" colname="5" colwidth="3.45*"/> 
			 <thead> 
				<row rowsep="1"> 
				  <entry colname="1">Code 
				  </entry> 
				  <entry colname="2">Name 
				  </entry> 
				  <entry colname="3">InnerNotification 
				  </entry> 
				  <entry colname="4">Metadata Keys 
				  </entry> 
				  <entry colname="5">Comments 
				  </entry> 
				</row> 
			 </thead> 
			 <tbody> 
				<row rowsep="1" > 
				  <entry namest="1" nameend="5"><b>Playback</b> 
				  </entry> 
				</row> 
				<row rowsep="1" > 
				  <entry colname="1"><codeph>200000 
					 </codeph> 
				  </entry> 
				  <entry colname="2"><codeph>PLAYBACK_OPERATION _FAIL 
					 </codeph> 
				  </entry> 
				  <entry colname="3"><codeph>AUDIO_TRACK_ERROR 
					 </codeph><codeph>SEEK_ERROR 
					 </codeph> 
				  </entry> 
				  <entry colname="4"><codeph>DESCRIPTION 
					 </codeph> 
				  </entry> 
				  <entry colname="5"> 
					 <p>A playback-related operation has failed, but playback may
						continue. 
					 </p> 
				  </entry> 
				</row> 
				<row rowsep="1" > 
				  <entry namest="1" nameend="5"><b>Ad resolving</b> 
				  </entry> 
				</row> 
				<row rowsep="1" > 
				  <entry colname="1"><codeph>201000 
					 </codeph> 
				  </entry> 
				  <entry colname="2"><codeph>AD_RESOLVER_FAIL 
					 </codeph> 
				  </entry> 
				  <entry colname="3"><codeph>AD_RESOLVER_ RESOLVE_FAIL 
					 </codeph><codeph>RESOURCE_PLACEMENT_ FAILED 
					 </codeph><codeph>AD_RESOLVER_ METADATA_INVALID 
					 </codeph> 
				  </entry> 
				  <entry colname="4"> 
					 <p>None 
					 </p> 
				  </entry> 
				  <entry colname="5"> 
					 <p>The ad-resolver has failed to resolve/insert the ad content.
						Playback may continue. 
					 </p> 
				  </entry> 
				</row> 
				<row rowsep="1" > 
				  <entry colname="1"><codeph>201002</codeph> 
				  </entry> 
				  <entry colname="2"><codeph>AD_ASSET_ FAILED_TO_LOAD</codeph> 
				  </entry> 
				  <entry colname="3"> 
					 <p >None 
					 </p> 
				  </entry> 
				  <entry colname="4"><codeph>AD_ASSET, INTERNAL_ERROR</codeph> 
				  </entry> 
				  <entry colname="5"> 
					 <p>An error has occurred when trying to load an ad creative. 
					 </p> 
				  </entry> 
				</row> 
				<row rowsep="1" > 
				  <entry colname="1"><codeph>201003</codeph> 
				  </entry> 
				  <entry colname="2"><codeph>AD_RESOLVER_ RETURNED_NO_ADS</codeph> 
				  </entry> 
				  <entry colname="3"> 
					 <p>None 
					 </p> 
				  </entry> 
				  <entry colname="4"><codeph>INTERNAL_ERROR,
						AD_ID,DESCRIPTION</codeph> 
				  </entry> 
				  <entry colname="5"> 
					 <p>Ad resolving failed because of an invalid VAST URL or
						because no ad was returned from the VAST wrapper. 
					 </p> 
				  </entry> 
				</row> 
				<row rowsep="1" > 
				  <entry namest="1" nameend="4"> 
					 <note>adID and source (URL) can be retrieved through the
						PTAdAsset in the notification metadata with the 
						<codeph>AD_ASSET</codeph> key. 
					 </note> 
				  </entry> 
				  <entry colname="5"> 
				  </entry> 
				</row> 
				<row rowsep="1" > 
				  <entry namest="1" nameend="5"><b>Background manifests</b> 
				  </entry> 
				</row> 
				<row rowsep="1" > 
				  <entry colname="1"><codeph> 204000 
					 </codeph> 
				  </entry> 
				  <entry colname="2"><codeph>BACKGROUND_MANIFEST_ WARNING</codeph> 
				  </entry> 
				  <entry colname="3"> 
					 <p>None 
					 </p> 
				  </entry> 
				  <entry colname="4"><codeph>BACKGROUND_MANIFEST_
						WARNING_ERROR</codeph> 
					 <codeph>BACKGROUND_MANIFEST_ WARNING_NAME</codeph> 
					 <codeph>DESCRIPTION</codeph> 
				  </entry> 
				  <entry colname="5"> 
					 <p> Error in background manifest download. Any issue in
						updating the background manifest is dispatched as a 
						TVSDK warning and does
						not cause the playback to stop. 
					 </p> 
				  </entry> 
				</row> 
				<row rowsep="1" > 
				  <entry colname="1"><codeph> 204001 
					 </codeph> 
				  </entry> 
				  <entry colname="2"><codeph>INVALID_SEEK_ WARNING</codeph> 
				  </entry> 
				  <entry colname="3"> 
					 <p>None 
					 </p> 
				  </entry> 
				  <entry colname="4"><codeph>DESCRIPTION</codeph> 
				  </entry> 
				  <entry colname="5"> 
					 <p> 
					 </p> 
				  </entry> 
				</row> 
				<row rowsep="1" > 
				  <entry namest="1" nameend="5"><b>Native</b> 
				  </entry> 
				</row> 
				<row rowsep="1" > 
				  <entry colname="1" morerows="1"><codeph>209100 
					 </codeph> 
				  </entry> 
				  <entry colname="2" morerows="1"><codeph>NATIVE_WARNING 
					 </codeph> 
				  </entry> 
				  <entry colname="3" morerows="1"> 
					 <p>None 
					 </p> 
				  </entry> 
				  <entry colname="4"><b>AVE</b>
								<p><codeph>NATIVE_ERROR_CODE </codeph><codeph>NATIVE_ERROR_NAME
										</codeph><codeph>DESCRIPTION </codeph>
								</p>
							</entry> 
				  <entry colname="5"> 
					 <p >The low-level AVE library issued
						an error. 
					 </p> 
					 <p>See <xref
										href="http://help.adobe.com/en_US/primetime/psdk/android/index.html#PSDKs-concept-Details_for_the_NATIVEERROR_notification"
										format="html" scope="external">Details for the NATIVE_ERROR
										notifications</xref> for detailed information about the
									values for these metadata fields. </p> 
				  </entry> 
				</row> 
				<row rowsep="1" > 
				  <entry colname="4"><b >DRM</b> 
					 <p ><codeph
						>NATIVE_SUBERROR_CODE</codeph> 
						<codeph >DRM_ERROR_STRING</codeph>
						
					 </p> 
				  </entry> 
				  <entry colname="5"><ph>DRM minor error code and DRM server error string. See <xref
										href="http://help.adobe.com/en_US/primetime/psdk/android/index.html#PSDKs-concept-Details_for_the_NATIVEERROR_notification"
										format="html" scope="external">Details for the NATIVE_ERROR
										notifications</xref> for detailed information about the
									values for these metadata fields.</ph>
							</entry> 
				</row> 
				<row rowsep="1" > 
				  <entry namest="1" nameend="5"><b>TimeRangeCollection</b> 
				  </entry> 
				</row> 
				<row rowsep="1" > 
				  <entry colname="1"><codeph>210000 
					 </codeph> 
				  </entry> 
				  <entry colname="2"><codeph>UNDEFINED_ TIME_RANGES 
					 </codeph> 
				  </entry> 
				  <entry colname="3"> 
					 <p>None 
					 </p> 
				  </entry> 
				  <entry colname="4">None 
				  </entry> 
				  <entry colname="5"> The ad signaling mode is defined as custom
					 ranges but there are not any ranges defined. 
				  </entry> 
				</row> 
				<row rowsep="1" > 
				  <entry colname="1"><codeph>210001 
					 </codeph> 
				  </entry> 
				  <entry colname="2"><codeph>INVALID_TIME_ RANGES 
					 </codeph> 
				  </entry> 
				  <entry colname="3"> 
					 <p>None 
					 </p> 
				  </entry> 
				  <entry colname="4"><codeph>DESCRIPTION 
					 </codeph> 
				  </entry> 
				  <entry colname="5"> 
					 <p> One or more time ranges are invalid and will be ignored or
						modified. 
					 </p> 
					 <p> DESCRIPTION is a string containing description of the
						invalid ranges. 
					 </p> 
				  </entry> 
				</row> 
				<row rowsep="1" > 
				  <entry namest="1" nameend="5"><b>Trick mode</b> 
				  </entry> 
				</row> 
				<row rowsep="1" > 
				  <entry colname="1"><codeph> 280000 
					 </codeph> 
				  </entry> 
				  <entry colname="2"><codeph> TRICKPLAY_RATE_ CHANGE_FAIL</codeph> 
				  </entry> 
				  <entry colname="3"> 
					 <p>None 
					 </p> 
				  </entry> 
				  <entry colname="4"><codeph>DESCRIPTION</codeph> 
				  </entry> 
				  <entry colname="5"> 
					 <p> Rate change failed. 
					 </p> 
				  </entry> 
				</row> 
				<row rowsep="1" > 
				  <entry namest="1" nameend="5"><b>Generic</b> 
				  </entry> 
				</row> 
				<row rowsep="0" > 
				  <entry colname="1"><codeph>299999 
					 </codeph> 
				  </entry> 
				  <entry colname="2"><codeph>GENERIC_WARNING 
					 </codeph> 
				  </entry> 
				  <entry colname="3"> 
					 <p>None 
					 </p> 
				  </entry> 
				  <entry colname="4"> 
					 <p>None 
					 </p> 
				  </entry> 
				  <entry colname="5"> 
					 <p>Marks a generic warning event. Not actually issued by 
						TVSDK. It's just a
						marker for the end of the range of numerical codes corresponding to warning
						events. 
					 </p> 
				  </entry> 
				</row> 
			 </tbody> 
		  </tgroup> 
		</table> 
	 </section> 
  </refbody> 
</reference> 
