<?xml version="1.0" encoding="UTF-8"?>
<!DOCTYPE concept PUBLIC "-//OASIS//DTD DITA Concept//EN" "concept.dtd">
<concept id="concept_xpy_c2x_hz">
 <title>Sample creative selection rules</title>
 <shortdesc>In the <filepath>AdobeTVSDKConfig.json</filepath> you can specify default rules as well
  as rules for specific zones.</shortdesc>
 <conbody>
  <section id="section_xy4_3fx_hz">
   <title>Sample default rules</title>
            <p>The following is an example of an <filepath>AdobeTVSDKConfig.json</filepath> file
                that defines only default rules:</p>
   <codeblock outputclass="syntax json">{
    "ads": {
        "rules": {
            "default": [
                {
                    "type": "priority",
                    "stream": "vod",
                    "priority": [
                        "application/x-mpegurl",
                        "application/vnd.apple.mpegurl",
                        "application/x-shockwave-flash",
                        "video/mp4",
                        "video/m4v",
                        "video/x-flv",
                        "video/webm"
                    ]
                },
                {
                    "type": "priority",
                    "stream": "live",
                    "priority": [
                        "application/x-mpegurl",
                        "application/vnd.apple.mpegurl",
                        "video/mp4",
                        "video/m4v",
                        "video/x-flv",
                        "video/webm"
                    ]
                },
                {
                    "type": "normalize",
                    "item": "host",
                    "matches": "ew",
                    "values": [
                        "redirector.gvt1.com"
                    ],
                    "find": "videoplayback/(.*?)/expire/.*?/(.*?)/signature/.*?/",
                    "replace": "videoplayback/$1/expire//$2/signature//"
                }
            ]
        }
    }
}
</codeblock>
  </section>
  <section id="section_ocv_3fx_hz">
   <title>Sample default rules with additional zone rules</title>
   <p>The following is an example of an <filepath>AdobeTVSDKConfig.json</filepath> file that defines
    default rules, plus additional rules for a specific zone ID (in this case, zone
    <b>"1234"</b>):</p>
   <codeblock outputclass="syntax json">{
    "ads": {
        "rules": {
            "default": [
                {
                    "type": "priority",
                    "stream": "vod",
                    "priority": [
                        "application/x-mpegurl",
                        "application/vnd.apple.mpegurl",
                        "application/x-shockwave-flash",
                        "video/mp4",
                        "video/m4v",
                        "video/x-flv",
                        "video/webm"
                    ]
                },
                {
                    "type": "priority",
                    "stream": "live",
                    "priority": [
                        "application/x-mpegurl",
                        "application/vnd.apple.mpegurl",
                        "video/mp4",
                        "video/m4v",
                        "video/x-flv",
                        "video/webm"
                    ]
                },
                {
                    "type": "normalize",
                    "item": "host",
                    "matches": "ew",
                    "values": [
                        "redirector.gvt1.com"
                    ],
                    "find": "videoplayback/(.*?)/expire/.*?/(.*?)/signature/.*?/",
                    "replace": "videoplayback/$1/expire//$2/signature//"
                }
            ],
            <b>"1234"</b>: [
                {
                    "type": "priority",
                    "matches": "nc",
                    "item": "host",
                    "values": [
                        "my.domain.com",
                        "a.bcd.com"
                    ],
                    "priority": [
                        "application/x-shockwave-flash",
                        "video/mp4",
                        "video/x-flv",
                        "video/quicktime",
                        "video/webm",
                        "application/x-mpegurl",
                        "application/vnd.apple.mpegurl",
                        "application/javascript"
                    ]
                }
            ]
        }
    }
}
</codeblock>
   <p/>
  </section>
 </conbody>
</concept>
