<?xml version="1.0" encoding="UTF-8"?>
<!DOCTYPE reference PUBLIC "-//OASIS//DTD DITA Reference//EN" "technicalContent/dtd/reference.dtd">
<reference id="r_psdk_notifications-errors"
 xmlns:ditaarch="http://dita.oasis-open.org/architecture/2005/"> 
  <title>ERROR notification codes</title> 
  <shortdesc>This table provides detailed information about ERROR type
	 notifications. 
  </shortdesc> 
  <refbody> 
	 <section id="section_D29404228F5E4B818642CBA6A0D39546"> 
		<p> Most errors contain relevant metadata, for example, the URL of the
		  resource that failed to download. Some notifications contain metadata to
		  specify whether the problem occurred in the main video content, in the
		  alternate audio content, or in an ad. 
		</p> 
		<table frame="all" colsep="1" rowsep="1"
		 id="table_8B61210A406A45ACBE37FC29729DDE22"> 
		  <tgroup cols="5" colsep="1" rowsep="1" outputclass="FormatA"> 
			 <colspec colnum="1" colname="1" colwidth="1.00*"/> 
			 <colspec colnum="2" colname="2" colwidth="1.43*"/> 
			 <colspec colnum="3" colname="3" colwidth="2.04*"/> 
			 <colspec colnum="4" colname="4" colwidth="1.55*"/> 
			 <colspec colnum="5" colname="5" colwidth="1.72*"/> 
			 <thead> 
				<row rowsep="1"> 
				  <entry colname="1">Code 
				  </entry> 
				  <entry colname="2">Name 
				  </entry> 
				  <entry colname="3">InnerNotification 
				  </entry> 
				  <entry colname="4">Metadata Keys 
				  </entry> 
				  <entry colname="5">Comments 
				  </entry> 
				</row> 
			 </thead> 
			 <tbody> 
				<row rowsep="1"> 
				  <entry namest="1" nameend="5"><b>Playback</b> 
				  </entry> 
				</row> 
				<row rowsep="1"> 
				  <entry colname="1"><codeph>101000 
					 </codeph> 
				  </entry> 
				  <entry colname="2"><codeph>PLAYBACK_ERROR 
					 </codeph> 
				  </entry> 
				  <entry colname="3">None
				  </entry> 
				  <entry colname="4"><codeph>DESCRIPTION</codeph> 
				  </entry> 
				  <entry colname="5"> 
				  </entry> 
				</row> 
				<row rowsep="1"> 
				  <entry colname="1"><codeph>101004 
					 </codeph> 
				  </entry> 
				  <entry colname="2"><codeph>CONTENT_ERROR</codeph> 
				  </entry> 
				  <entry colname="3"><codeph>DOWNLOAD_ERROR</codeph>
				  </entry> 
				  <entry colname="4"> 
				  </entry> 
				  <entry colname="5">An Error has occurred while downloading a
					 fragment or segment(both video and audio). 
				  </entry> 
				</row> 
				<row rowsep="1"> 
				  <entry colname="1"><codeph>101008 
					 </codeph> 
				  </entry> 
				  <entry colname="2"><codeph>SEEK_ERROR 
					 </codeph> 
				  </entry> 
				  <entry colname="3">None 
				  </entry> 
				  <entry colname="4"><codeph>NATIVE_ERROR_CODE 
					 </codeph><codeph>DESIRED_SEEK_POSITION 
					 </codeph><codeph>DESIRED_SEEK_PERIOD 
					 </codeph> 
				  </entry> 
				  <entry colname="5">An error has occurred while performing a seek
					 operation. 
				  </entry> 
				</row> 
				<row rowsep="1"> 
				  <entry colname="1"><codeph>101009 
					 </codeph> 
				  </entry> 
				  <entry colname="2"><codeph>PAUSE_ERROR 
					 </codeph> 
				  </entry> 
				  <entry colname="3">None 
				  </entry> 
				  <entry colname="4"><codeph>DESCRIPTION</codeph> 
				  </entry> 
				  <entry colname="5">An error has occurred while performing a pause
					 operation. 
				  </entry> 
				</row> 
				<row rowsep="1"> 
				  <entry colname="1"><codeph>101102 
					 </codeph> 
				  </entry> 
				  <entry colname="2"><codeph>PERIOD_INFO_ERROR 
					 </codeph> 
				  </entry> 
				  <entry colname="3">None 
				  </entry> 
				  <entry colname="4"><codeph>DESCRIPTION 
					 </codeph> 
				  </entry> 
				  <entry colname="5">An error has occurred while retrieving
					 information about a content period. 
				  </entry> 
				</row> 
				<row rowsep="1"> 
				  <entry colname="1"><codeph>101103 
					 </codeph> 
				  </entry> 
				  <entry colname="2"><codeph>RETRIEVE_TIME_ERROR 
					 </codeph> 
				  </entry> 
				  <entry colname="3">None 
				  </entry> 
				  <entry colname="4"><codeph>DESCRIPTION 
					 </codeph> 
				  </entry> 
				  <entry colname="5">An error has occurred while attempting to
					 retrieve the playback position. 
				  </entry> 
				</row> 
				<row rowsep="1"> 
				  <entry colname="1"><codeph>101104 
					 </codeph> 
				  </entry> 
				  <entry colname="2"><codeph>GET_QOS_DATA_ERROR 
					 </codeph> 
				  </entry> 
				  <entry colname="3">None 
				  </entry> 
				  <entry colname="4"><codeph>DESCRIPTION 
					 </codeph> 
				  </entry> 
				  <entry colname="5">An error has occurred while attempting to
					 retrieve the QOS information. 
				  </entry> 
				</row> 
				<row rowsep="1"> 
				  <entry colname="1"><codeph>101200 
					 </codeph> 
				  </entry> 
				  <entry colname="2"><codeph>DOWNLOAD_ERROR 
					 </codeph> 
				  </entry> 
				  <entry colname="3"> None 
				  </entry> 
				  <entry colname="4"><codeph>URL 
					 </codeph> 
				  </entry> 
				  <entry colname="5">An error has occurred while attempting to
					 download data. 
				  </entry> 
				</row> 
				<row rowsep="1"> 
				  <entry namest="1" nameend="5"><b>Invalid resource</b> 
				  </entry> 
				</row> 
				<row rowsep="1"> 
				  <entry colname="1"><codeph>102100 
					 </codeph> 
				  </entry> 
				  <entry colname="2"><codeph>RESOURCE_LOAD_ERROR 
					 </codeph> 
				  </entry> 
				  <entry colname="3"> None 
				  </entry> 
				  <entry colname="4"><codeph>DESCRIPTION 
					 </codeph><codeph>RESOURCE 
					 </codeph> 
				  </entry> 
				  <entry colname="5">An error has occurred while loading a resource
					 item. 
				  </entry> 
				</row> 
				<row rowsep="1"> 
				  <entry colname="1"><codeph>102101 
					 </codeph> 
				  </entry> 
				  <entry colname="2"><codeph>RESOURCE_PLACEMENT_ FAILED 
					 </codeph> 
				  </entry> 
				  <entry colname="3"> None 
				  </entry> 
				  <entry colname="4"><codeph>CONTENT_ID 
					 </codeph> 
				  </entry> 
				  <entry colname="5">An error has occurred while placing a resource
					 on the playback timeline.
				  </entry> 
				</row> 
				<row rowsep="1"> 
				  <entry namest="1" nameend="5"><b>Ad processing</b> 
				  </entry> 
				</row> 
				<row rowsep="1"> 
				  <entry colname="1"><codeph>104000 
					 </codeph> 
				  </entry> 
				  <entry colname="2"><codeph>AD_RESOLVER_FAIL 
					 </codeph> 
				  </entry> 
				  <entry colname="3"><codeph>AD_METADATA _INVALID 
					 </codeph><codeph>AD_RESOLVER_INITIALIZATION_FAIL 
					 </codeph><codeph>AD_RESOLVER_RESOLVE_FAIL 
					 </codeph><codeph>AD_RESOLVER_SERVER_UNREACHABLE 
					 </codeph> 
				  </entry> 
				  <entry colname="4"> None 
				  </entry> 
				  <entry colname="5"> None 
				  </entry> 
				</row> 
				<row rowsep="1"> 
				  <entry colname="1"><codeph>104001 
					 </codeph> 
				  </entry> 
				  <entry colname="2"><codeph>AD_RESOLVER_METADATA_ INVALID 
					 </codeph> 
				  </entry> 
				  <entry colname="3"> 
					 <p>None
					 </p> 
				  </entry> 
				  <entry colname="4"><codeph>DESCRIPTION</codeph> 
				  </entry> 
				  <entry colname="5">Ad resolving failed due to invalid ad-metadata
					 format. 
				  </entry> 
				</row> 
				<row rowsep="1"> 
				  <entry colname="1"><codeph>104003 
					 </codeph> 
				  </entry> 
				  <entry colname="2"><codeph>AD_RESOLVER_RESOLVE_ FAIL 
					 </codeph> 
				  </entry> 
				  <entry colname="3"> None 
				  </entry> 
				  <entry colname="4"><codeph>NATIVE_ERROR_CODE 
					 </codeph> 
				  </entry> 
				  <entry colname="5">Ad plugin failed to resolve ads. 
				  </entry> 
				</row> 
				<row rowsep="1"> 
				  <entry colname="1"><codeph>104005 
					 </codeph> 
				  </entry> 
				  <entry colname="2"><codeph>AD_INSERTION_FAIL 
					 </codeph> 
				  </entry> 
				  <entry colname="3">None
				  </entry> 
				  <entry colname="4"><codeph>PROPOSED_AD_BREAK</codeph>
				  </entry> 
				  <entry colname="5">Ad resolving phase has failed. 
				  </entry> 
				</row> 
				<row rowsep="1"> 
				  <entry namest="1" nameend="5"><b>Native</b> 
				  </entry> 
				</row> 
				<row rowsep="1"> 
				  <entry colname="1"><codeph>106000 
					 </codeph> 
				  </entry> 
				  <entry colname="2"><codeph>NATIVE_ERROR 
					 </codeph> 
				  </entry> 
				  <entry colname="3">None 
				  </entry> 
				  <entry colname="4"> 
					 <codeph>NATIVE_ERROR_CODE 
					 </codeph> 
					 <codeph>NATIVE_ERROR_NAME 
					 </codeph> 
					 <codeph>DESCRIPTION 
					 </codeph> 
					 <codeph>DESCRIPTION</codeph> 
					 <p><b>DRM details:</b> 
					 </p> 
					 <codeph>DRM_ERROR_STRING</codeph> 
					 <codeph>NATIVE_SUBERROR_CODE</codeph> 
				  </entry> 
				  <entry colname="5"> 
					 <p>The low-level AVE library issued an error. 
					 </p> 
					 <p>See 
						<xref
						 href="http://help.adobe.com/en_US/primetime/psdk/android/index.html#PSDKs-concept-Details_for_the_NATIVEERROR_notification"
						 format="html" scope="external">Details for the NATIVE_ERROR
						  notifications</xref> for information about the values for these metadata keys. 
					 </p> 
				  </entry> 
				</row> 
				<row rowsep="1"> 
				  <entry colname="1"><codeph>106001 
					 </codeph> 
				  </entry> 
				  <entry colname="2"><codeph>ENGINE_CREATION_ ERROR 
					 </codeph> 
				  </entry> 
				  <entry colname="3"> None 
				  </entry> 
				  <entry colname="4"><codeph>DESCRIPTION 
					 </codeph> 
				  </entry> 
				  <entry colname="5">An error has occurred while instantiating the
					 AVE low-level library. 
				  </entry> 
				</row> 
				<row rowsep="1"> 
				  <entry colname="1"><codeph>106002 
					 </codeph> 
				  </entry> 
				  <entry colname="2"><codeph>ENGINE_RELEASE_ ERROR 
					 </codeph> 
				  </entry> 
				  <entry colname="3"> None 
				  </entry> 
				  <entry colname="4"><codeph>DESCRIPTION 
					 </codeph> 
				  </entry> 
				  <entry colname="5">An error has occurred while releasing the AVE
					 low-level library. 
				  </entry> 
				</row> 
				<row rowsep="1"> 
				  <entry colname="1"><codeph>106003 
					 </codeph> 
				  </entry> 
				  <entry colname="2"><codeph>ENGINE_RESOURCES_ RELEASE_ERROR 
					 </codeph> 
				  </entry> 
				  <entry colname="3"> None 
				  </entry> 
				  <entry colname="4"><codeph>DESCRIPTION 
					 </codeph> 
				  </entry> 
				  <entry colname="5">An error has occurred while releasing the GPU
					 resources utilised by the AVE library. 
				  </entry> 
				</row> 
				<row rowsep="1"> 
				  <entry colname="1"><codeph>106004 
					 </codeph> 
				  </entry> 
				  <entry colname="2"><codeph>ENGINE_RESET_ERROR 
					 </codeph> 
				  </entry> 
				  <entry colname="3"> None 
				  </entry> 
				  <entry colname="4"><codeph>DESCRIPTION 
					 </codeph> 
				  </entry> 
				  <entry colname="5">An error has occurred while resetting the AVE
					 library. 
				  </entry> 
				</row> 
				<row rowsep="1"> 
				  <entry colname="1"><codeph>106005 
					 </codeph> 
				  </entry> 
				  <entry colname="2"><codeph>ENGINE_SET_ VIEW_ERROR 
					 </codeph> 
				  </entry> 
				  <entry colname="3"> None 
				  </entry> 
				  <entry colname="4"><codeph>DESCRIPTION</codeph> 
				  </entry> 
				  <entry colname="5">An error has occurred while attaching a view
					 to the AVE library. 
				  </entry> 
				</row> 
				<row rowsep="1"> 
				  <entry namest="1" nameend="5"><b>Configuration</b> 
				  </entry> 
				</row> 
				<row rowsep="1"> 
				  <entry colname="1"><codeph>107000 
					 </codeph> 
				  </entry> 
				  <entry colname="2"><codeph>SET_VOLUME_ERROR 
					 </codeph> 
				  </entry> 
				  <entry colname="3"> None 
				  </entry> 
				  <entry colname="4"><codeph>DESCRIPTION VOLUME 
					 </codeph> 
				  </entry> 
				  <entry colname="5">An error has occurred while attempting to set
					 the volume level. 
				  </entry> 
				</row> 
				<row rowsep="1"> 
				  <entry colname="1"><codeph>107001 
					 </codeph> 
				  </entry> 
				  <entry colname="2"><codeph>SET_BUFFER_TIME_ ERROR 
					 </codeph> 
				  </entry> 
				  <entry colname="3"> None 
				  </entry> 
				  <entry colname="4"><codeph>DESCRIPTION 
					 </codeph><codeph>PLAY_BUFFER_TIME 
					 </codeph> 
				  </entry> 
				  <entry colname="5">An error has occurred while attempting to
					 change the buffering parameters. 
				  </entry> 
				</row> 
				<row rowsep="1"> 
				  <entry colname="1"><codeph>107002 
					 </codeph> 
				  </entry> 
				  <entry colname="2"><codeph>SET_CC_VISIBILITY_ ERROR 
					 </codeph> 
				  </entry> 
				  <entry colname="3"> None 
				  </entry> 
				  <entry colname="4"><codeph>DESCRIPTION</codeph> 
				  </entry> 
				  <entry colname="5">An error has occurred while attempting to
					 change the visibility of the CC tracks. 
				  </entry> 
				</row> 
				<row rowsep="1"> 
				  <entry colname="1"><codeph>107003 
					 </codeph> 
				  </entry> 
				  <entry colname="2"><codeph>SET_CC_STYLING_ ERROR 
					 </codeph> 
				  </entry> 
				  <entry colname="3"> None 
				  </entry> 
				  <entry colname="4"><codeph>DESCRIPTION</codeph> 
				  </entry> 
				  <entry colname="5">An error has occurred while attempting to
					 change the styling options for the CC tracks. 
				  </entry> 
				</row> 
				<row rowsep="1"> 
				  <entry colname="1"><codeph>107004 
					 </codeph> 
				  </entry> 
				  <entry colname="2"><codeph>SET_ABR_PARAMETERS_ ERROR 
					 </codeph> 
				  </entry> 
				  <entry colname="3"> None 
				  </entry> 
				  <entry colname="4"><codeph>DESCRIPTION 
					 </codeph> 
				  </entry> 
				  <entry colname="5">An error has occurred while attempting to
					 change the ABR control parameters. 
				  </entry> 
				</row> 
				<row rowsep="1"> 
				  <entry colname="1"><codeph>107005 
					 </codeph> 
				  </entry> 
				  <entry colname="2"><codeph>SET_BUFFER_ PARAMETERS_ERROR 
					 </codeph> 
				  </entry> 
				  <entry colname="3"> None 
				  </entry> 
				  <entry colname="4"><codeph>DESCRIPTION 
					 </codeph><codeph>INITIAL_BUFFER_TIME 
					 </codeph><codeph>PLAY_BUFFER_TIME 
					 </codeph> 
				  </entry> 
				  <entry colname="5">An error has occurred while attempting to
					 change the buffering control parameters. 
				  </entry> 
				</row> 
				<row rowsep="1"> 
				  <entry namest="1" nameend="5"><b>Alternate audio</b> 
				  </entry> 
				</row> 
				<row rowsep="1"> 
				  <entry colname="1"><codeph>109000 
					 </codeph> 
				  </entry> 
				  <entry colname="2"><codeph>AUDIO_TRACK_ERROR 
					 </codeph> 
				  </entry> 
				  <entry colname="3"><codeph>DOWNLOAD_ERROR 
					 </codeph> 
				  </entry> 
				  <entry colname="4"><codeph>AUDIO_TRACK_NAME 
					 </codeph><codeph>AUDIO_TRACK_LANGUAGE 
					 </codeph> 
				  </entry> 
				  <entry colname="5">An error related to an audio track occurred. 
				  </entry> 
				</row> 
				<row rowsep="1"> 
				  <entry namest="1" nameend="5"><b>Generic</b> 
				  </entry> 
				</row> 
				<row rowsep="0"> 
				  <entry colname="1"><codeph>199999 
					 </codeph> 
				  </entry> 
				  <entry colname="2"><codeph>GENERIC_ERROR</codeph> 
				  </entry> 
				  <entry colname="3"> None 
				  </entry> 
				  <entry colname="4"> None 
				  </entry> 
				  <entry colname="5">Marks a generic error event. Not actually
					 issued by TVSDK. This is only a marker for the end of the range of numerical
					 codes corresponding to TVSDK error events. 
				  </entry> 
				</row> 
			 </tbody> 
		  </tgroup> 
		</table> 
	 </section> 
  </refbody> 
</reference> 
