<?xml version="1.0" encoding="UTF-8"?>
<!DOCTYPE reference PUBLIC "-//OASIS//DTD DITA Reference//EN" "technicalContent/dtd/reference.dtd">
<reference id="r_psdk_android_mediaplayer-qoseventlistener"
 xmlns:ditaarch="http://dita.oasis-open.org/architecture/2005/"> 
  <title>QoS events</title> 
  <shortdesc>TVSDK dispatches quality of
	 service (QoS) events to notify your application about events that could
	 influence the computation of QoS statistics, such as buffering or seeking. 
  </shortdesc> 
  <refbody> 
	 <refsyn id="refsyn_3B04B526442F4D48A5A84EA742651592">To be notified about all QoS-related events,
			register an implementation of <codeph>MediaPlayer.QOSEventListener</codeph> including
			the following callbacks:  <table frame="all" colsep="1" rowsep="1"
				id="table_7687468CF675458EB6C1106BF81AC08D">
				<tgroup cols="2" colsep="1" rowsep="1" outputclass="FormatA">
					<colspec colnum="1" colname="1" colwidth="1.00*"/>
					<colspec colnum="2" colname="2" colwidth="1.31*"/>
					<thead>
						<row rowsep="1">
							<entry colname="1">Event </entry>
							<entry colname="2">Meaning </entry>
						</row>
					</thead>
					<tbody>
						<row rowsep="1">
							<entry colname="1"><xref
									href="http://help.adobe.com/en_US/primetime/api/psdk/javadoc_1.4/com/adobe/mediacore/MediaPlayer.QOSEventListener.html#onBufferComplete()"
									format="html" scope="external">onBufferComplete</xref>
							</entry>
							<entry colname="2">Buffering is complete. </entry>
						</row>
						<row rowsep="1">
							<entry colname="1"><xref
									href="http://help.adobe.com/en_US/primetime/api/psdk/javadoc_1.4/com/adobe/mediacore/MediaPlayer.QOSEventListener.html#onBufferStart()"
									format="html" scope="external">onBufferStart</xref>
							</entry>
							<entry colname="2">Buffering has started. </entry>
						</row>
						<row rowsep="1">
							<entry colname="1"><xref
									href="http://help.adobe.com/en_US/primetime/api/psdk/javadoc_1.4/com/adobe/mediacore/MediaPlayer.QOSEventListener.html#onLoadInfo(com.adobe.mediacore.qos.LoadInfo)"
									format="html" scope="external">onLoadInfo</xref>(loadInfo)  </entry>
							<entry colname="2">A fragment has successfully downloaded. </entry>
						</row>
						<row rowsep="1">
							<entry colname="1">
								<xref
									href="http://help.adobe.com/en_US/primetime/api/psdk/javadoc_1.4/com/adobe/mediacore/MediaPlayer.QOSEventListener.html"
									format="html" scope="external"
									>onOperationFailed</xref>(MediaPlayerNotification.<xref
									href="http://help.adobe.com/en_US/primetime/api/psdk/javadoc_1.4/com/adobe/mediacore/MediaPlayerNotification.Warning.html"
									format="html" scope="external">Warning</xref> warning) </entry>
							<entry colname="2">A recoverable error has occurred. </entry>
						</row>
						<row rowsep="1">
							<entry colname="1"><xref
									href="http://help.adobe.com/en_US/primetime/api/psdk/javadoc_1.4/com/adobe/mediacore/MediaPlayer.QOSEventListener.html#onSeekComplete(long)"
									format="html" scope="external">onSeekComplete</xref>(long
								adjustedTime) </entry>
							<entry colname="2">Seeking is complete. </entry>
						</row>
						<row rowsep="1">
							<entry colname="1"><xref
									href="http://help.adobe.com/en_US/primetime/api/psdk/javadoc_1.4/com/adobe/mediacore/MediaPlayer.QOSEventListener.html#onSeekStart()"
									format="html" scope="external">onSeekStart</xref>
							</entry>
							<entry colname="2">Seeking is starting.  </entry>
						</row>
					</tbody>
				</tgroup>
			</table>
		</refsyn> 
  </refbody> 
</reference> 
