<?xml version="1.0"?>
<!DOCTYPE concept PUBLIC "-//OASIS//DTD DITA Concept//EN" "concept.dtd">
<concept id="events-order-qos"> 
  <title>QoS events</title> 
  <shortdesc> 
	 <ph conkeyref="phrases/primetime-sdk-name"></ph> dispatches quality of
	 service (QoS) events to notify your application about events that could
	 influence the computation of QoS statistics, such as buffering and seeking
	 events. 
  </shortdesc> 
  <conbody>
	 <p>The following example shows a typical progression of these events:
         <codeblock outputclass="syntax java">mediaPlayer.addEventListener(MediaPlayer.Event.QOS, 
  new MediaPlayer.QOSEventListener(){
    //For buffering activity
    @Override
    public void onBufferStart()
    @Override
    public void onBufferComplete()
    // For seeking
    @Override
    public void onSeekStart()
    @Override
    public void onSeekComplete(long adjustedTime)
    @Override
    public void onLoadComplete (MediaPlayerItem mediaplayeritem)
    @Override
    public void onLoadInfo(LoadInfo loadInfo)
    @Override
    public void onOperationFailed(MediaPlayerNotification.Warning warning)
});</codeblock></p> 
  </conbody> 
</concept> 
