<?xml version="1.0" encoding="UTF-8"?>
<!DOCTYPE concept PUBLIC "-//OASIS//DTD DITA Concept//EN" "concept.dtd">
<concept id="custom_time_range_ops"> 
  <title>Custom time range operations</title> 
  <shortdesc>TVSDK supports the programmatic deleting and replacing of ad
	 content in VOD streams. 
  </shortdesc> 
  <conbody> 
	 <section id="section_0B9BC9C2123246BAA3B476BF0CE501DB"> 
		<p>The delete and replace feature extends the custom ad markers feature.
		  Custom ad markers mark sections of the main content as ad-related content
		  periods. In addition to marking these time ranges, you can also delete and
		  replace time ranges. 
		</p> 
		<p> Ad deletion and replacement is implemented with 
		  <codeph>TimeRange</codeph> elements that identify different types of
		  time ranges in a VOD stream: mark, delete, and replace. For each of these
		  custom time range types, you can perform corresponding operations, including
		  deleting and replacing ad content. 
		</p> 
		<p>For ad deletion and replacement, TVSDK uses the following 
		  <i>custom time range operation</i> modes: 
		<ul id="ul_2FEC9914F5284D0CB0F93FBFEBC5F21B"> 
		  <li id="li_E24C86D47BB54416A7E470C8EF6D23F1">MARK 
			 <p>(These were referred to as custom ad markers in previous versions
				of TVSDK). They mark the beginning and ending times for ads that are already
				placed into the VOD stream. When there are time range markers of type MARK in
				the stream, an initial placement of 
				<codeph>Mode.MARK</codeph> is generated and resolved by the 
				<codeph>CustomAdMarkersContentResolver</codeph>. No ads are
				inserted. 
			 </p> 
		  </li> 
		  <li id="li_7F0AAE7A55924714835A51CD3E8E8B61">DELETE 
			 <p>For DELETE time ranges, an initial 
				<codeph>placementInformation</codeph> of type 
				<codeph>Mode.DELETE</codeph> is created and resolved by the
				corresponding 
				<codeph>DeleteContentResolver</codeph>. 
				<codeph>ContentRemoval</codeph> is a new 
				<codeph>timelineOperation</codeph> that defines the ranges to be
				removed from the timeline. TVSDK uses 
				<codeph>removeByLocalTime</codeph> from the Adobe Video Engine
				(AVE) API to facilitate that operation. If there are DELETE ranges and Adobe
				Primetime ad decisioning (previously known as Auditude) metadata, the ranges
				are deleted first, then the 
				<codeph>AuditudeResolver</codeph> resolves ads using the normal
				Adobe Primetime ad decisioning workflow. 
			 </p> 
		  </li> 
		  <li id="li_D53F512E358A410A9655B21FC94BB441">REPLACE 
			 <p>For REPLACE time ranges, two initial 
				<codeph>placementInformations</codeph> are created, one 
				<codeph>Mode.DELETE</codeph> and one 
				<codeph>Mode.REPLACE</codeph>. The 
				<codeph>DeleteContentResolver</codeph> deletes the time ranges
				first and then the 
				<codeph>AuditudeResolver</codeph> inserts ads of the specified 
				<codeph>replaceDuration</codeph> into the timeline. If no 
				<codeph>replaceDuration</codeph> is specified, the server
				determines what to insert. 
			 </p> 
		  </li> 
		</ul> 
		</p> 
		<p>To support these custom time range operations, TVSDK provides the
		  following: 
		<ul id="ul_6F28947C40E04AE6A9E253F2A61F31B7"> 
		  <li id="li_A00A7120E96B4F6AB24F38FD68F149FD">Multiple content resolvers
			 
			 <p>A stream can have multiple content resolvers based on the ad
				signaling mode and ad metadata. The behavior changes with different
				combinations of ad signaling modes and ad metadata. 
			 </p> 
		  </li> 
		  <li id="li_D52EF7081BB9483AA9F6E55D0F6ACAF8">Multiple initial 
			 <codeph>PlacementInformations</codeph> 
			 <p>The 
				<codeph>DefaultMediaPlayer</codeph> creates a list of initial 
				<codeph>PlacementInformations</codeph> based on the ad signaling
				mode and ad metadata to be resolved by the 
				<codeph>MediaPlayerClient</codeph>. 
			 </p> 
		  </li> 
		  <li id="li_B84C0FE327804F93851BCB9FE9A9D370">New ad signaling mode:
			 Custom time ranges 
			 <p>Ads are placed based on Time Range data from an external source
				(such as a JSON file). 
			 </p> 
		  </li> 
		</ul> 
		</p> 
	 </section> 
  </conbody> 
</concept> 
