<?xml version="1.0" encoding="UTF-8"?>
<!DOCTYPE task PUBLIC "-//OASIS//DTD DITA Task//EN" "technicalContent/dtd/task.dtd">
<task id="implement-pause-play"
 xmlns:ditaarch="http://dita.oasis-open.org/architecture/2005/"> 
  <title>Play and pause a video</title> 
  <shortdesc>You can add TVSDK behavior to pause and play buttons. 
  </shortdesc> 
  <taskbody> 
	 <steps id="steps_05598C9F99D14487B0ADD82A6C1244E8"> 
		<step id="step_46891ABD3944496A93DF59399A237970"> 
		  <cmd>Create a pause/play button that does the following. 
		  </cmd> 
		  <substeps id="substeps_57EFF6F198C2489EBC0E2C24507F085D"> 
			 <substep id="substep_02635BA92B484B47B6110A79C58BD838"> 
				<cmd>Wait for your player to be in at least the PREPARED state. 
				</cmd> 
			 </substep> 
			 <substep id="substep_0F6541F2AA5A4F0EAE09C85EAE3A8025"> 
				<cmd>To start playback, call the TVSDK play method: 
				</cmd> 
				<info> 
				  <codeblock outputclass="syntax java">void play() throws IllegalStateException;</codeblock> 
				</info> 
			 </substep> 
			 <substep id="substep_AAA77A17C0C14BED8C86310DBD058CCD"> 
				<cmd>To pause playback, call the TVSDK pause method: 
				</cmd> 
				<info> 
				  <codeblock outputclass="syntax java">void pause() throws IllegalStateException;</codeblock> 
				</info> 
			 </substep> 
		  </substeps> 
		</step> 
		<step id="step_0BBC801B4ACA4E1796613769C6D4AB3C"> 
		  <cmd>Use the 
			 <codeph>MediaPlayer.PlaybackEventListener.onStateChanged</codeph>
			 callback to check for errors or to take other appropriate actions. 
		  </cmd> 
		  <info> 
			 <p>TVSDK calls this callback when the pause or play method is called.
				TVSDK passes information about the state change in the callback, including the
				new state, such as PAUSED or PLAYING. 
			 </p> 
		  </info> 
		</step> 
	 </steps> 
  </taskbody> 
</task> 
