<?xml version="1.0" encoding="UTF-8"?>
<!DOCTYPE concept PUBLIC "-//OASIS//DTD DITA Concept//EN" "concept.dtd">
<concept id="map_tvsdk_drm_workflow"> 
  <title>Implementing Primetime DRM in a TSVDK application</title> 
  <shortdesc>Primetime DRM is integrated into 
	 <ph conkeyref="phrases/primetime-sdk-name">TVSDK</ph>, which simplifies
	 implementing content protection in a TVSDK application. 
  </shortdesc> 
  <conbody> 
	 <p>For an overview and details on using Primetime DRM to implement content
		protection in a TVSDK application, see: 
	 </p> 
	 <ul id="ul_929A351C4E8342FBB11C607D663F89F1"> 
		<li id="li_D1E6C5BE3F0E49C79A2B7713BE920D07"><xref
		  href="http://help.adobe.com/en_US/primetime/drm/tvsdk-drm-workflow/index.html"
		  format="html" scope="external">Adobe Primetime TVSDK-DRM Workflow (HTML)</xref>
		  
		</li> 
		<li id="li_564DB8C1A2994517B751957ECDCCE717"><xref
		  href="http://help.adobe.com/en_US/primetime/drm/tvsdk-drm-workflow/drm_tvsdk_drm_workflow.pdf"
		  format="pdf" scope="external">Adobe Primetime TVSDK-DRM Workflow (PDF)</xref> 
		</li> 
	 </ul> 
  </conbody> 
</concept> 
