<?xml version="1.0"?>
<!DOCTYPE concept PUBLIC "-//OASIS//DTD DITA Concept//EN" "concept.dtd">
<concept id="concept_ac3_5.1"> 
  <title>AC-3 5.1 format</title> 
  <shortdesc>Streaming over the Internet requires a constant and stable
	 connection to play a stream from a remote server. However, the variability of a
	 viewer's Internet connection or streaming playback means that remote playback
	 might not have the quality of media played locally. 
  </shortdesc> 
  <conbody> 
	 <p>Primetime cannot protect from such failures as an ISP outage or a cable
		disconnection. However, Primetime streaming provides failover protection to
		protect playback from certain remote server failures or operational failures,
		making a better experience for viewers. TVSDK implements failover protection to
		minimize playback interruptions and achieve a seamless playback despite
		transmission problems. The video player automatically switches to a backup
		media set when entire renditions or fragments are unavailable. 
	 </p> 
	 <p>The Audio Codec 3 (AC-3, also known as Dolby Digital®) 5.1 format,
		allows content providers to compress the size of multichannel audio files
		without impairing the sound quality. AC-3 is a 5.1 format, which means that it
		provides five full-bandwidth channels for a richer user experience. 
	 </p> 
	 <p>For more information, see 
		<xref href="http://www.dolby.com/us/en/technologies/dolby-digital.html"
		scope="external" format="html">Dolby Digital 5.1</xref>. 
	 </p> 
	 <note type="important">TVSDK version 1.4 supports the AC-3 5.1 format only
		on Amazon FireTV. 
	 </note> 
	 <p>TVSDK supports the following AC-3 5.1 features: 
	 <ul id="ul_D3AE3F390FB04A2B8BEF098B94FD7425"> 
		<li id="li_5CC40E4564B04CCD95E2E44D0AD42EE5">AC-3 surround audio 
		</li> 
		<li id="li_3299DD3B3F814576AF38BDE25B010955">Mixed/unmixed streams for
		  surround audio type 
		</li> 
		<li id="li_68B0F32C31DE48E1A1AA86A21F51D3AC">Ability to query the device
		  to see if the surround audio codec is available on the device. 
		  <p>The results determine which preferred audio codec type is selected.
			 The manifest with audio codec type that the device is not going to use is
			 discarded. For example, if the AC-3 format has been selected, profiles with the
			 Advanced Audio Coding (AAC) format are not considered. 
		  </p> 
		</li> 
		<li id="li_3230D34E77274F2E81D889B185109F07">Passthrough mode 
		  <p>In passthrough mode, instead of decoding the media from the AC-3 5.1
			 format to a multichannel pulse-code modulation (PCM) format, the TVSDK gets
			 modified or unmodified (depending on the device) Dolby media from the Decoder.
			 This media is sent to the audio device (speaker or receiver) so that the audio
			 device can decode and play back the Dolby surround stream. 
		  </p> 
		</li> 
	 </ul> 
	 </p> 
	 <p>TVSDK supports the AC-3 5.1 features only on the device Amazon Fire TV
		1st generation. 
	 </p> 
	 <p>The following AC-3 5.1 features are not supported: 
	 <ul id="ul_DF911AC88B3D44CDB919C745BBD16FC4"> 
		<li id="li_5372EA626DE2495BAAD7522D2670B994">Multichannel AAC audio 
		</li> 
		<li id="li_913B0DF9735B46BEB262BE529CD96832">ABR across different codecs
		  (AAC - AC3) 
		</li> 
	 </ul> 
	 </p> 
	 <section id="section_E1DFA1F472EA4BDE846C71A3343E275A"> 
		<title>Selecting supported media</title> 
		<p>Here is the typical workflow that occurs when TVSDK finds a manifest
		  with AC-3 and AAC media: 
		<ol id="ol_01978B7270BE4E27B77941A193F5C147"> 
		  <li id="li_7C298F28618F40D4ACACBA3B9498B9B6">TVSDK queries which codec
			 the device can support. 
		  </li> 
		  <li id="li_F283A38D3CAA4A9A83AD66A82C1B9F0B">The codec with the higher
			 quality is selected. 
			 <p>The order of quality is AC-3 &gt; AAC. 
			 </p> 
		  </li> 
		  <li id="li_B6E00715F013494899CB6CD3DEC20550">TVSDK ignores profiles
			 with other audio codec types. 
		  </li> 
		</ol> 
		<note type="tip"> The application cannot obtain information about ignored
		  profiles. 
		</note> 
		</p> 
	 </section> 
	 <section id="section_64145D9824594C36AADBF0482C528767"> 
		<title>Determining the output mode</title> 
		<p>While processing AC-3 media, if an Android device is connected to the
		  speaker system, the decision to play content in surround mode or stereo mode
		  depends on how the device is configured. 
		<table id="table_63ADA8D1A2AA499DA7EC4B60FD9EE945"> 
		  <tgroup cols="3"> 
			 <colspec colnum="1" colname="col1" colwidth="*"/> 
			 <colspec colnum="2" colname="col2" colwidth="*"/> 
			 <colspec colnum="3" colname="col3" colwidth="*"/> 
			 <thead> 
				<row> 
				  <entry colname="col1"> 
				  </entry> 
				  <entry colname="col2">Surround sound 
				  </entry> 
				  <entry colname="col3">Stereo speaker 
				  </entry> 
				</row> 
			 </thead> 
			 <tbody> 
				<row> 
				  <entry colname="col1">Device configuration Dolby on (or auto) 
				  </entry> 
				  <entry colname="col2">Device configuration Dolby on (or auto) 
				  </entry> 
				  <entry colname="col3">Stereo mode 
				  </entry> 
				</row> 
				<row> 
				  <entry colname="col1">Device configuration Dolby off 
				  </entry> 
				  <entry colname="col2">Stereo mode 
				  </entry> 
				  <entry colname="col3">Stereo mode 
				  </entry> 
				</row> 
			 </tbody> 
		  </tgroup> 
		</table> 
		</p> 
	 </section> 
  </conbody> 
</concept> 
