<?xml version="1.0" encoding="UTF-8"?>
<!DOCTYPE task PUBLIC "-//OASIS//DTD DITA Task//EN" "task.dtd">
<task id="t_psdk_delete_ranges_with_aud_ad_android"> 
  <title>Delete ranges </title> 
  <shortdesc>You can remove 
	 <codeph>TimeRanges</codeph> between 
	 <codeph>begin</codeph> and 
	 <codeph>end</codeph> in 
	 <codeph>localTime</codeph> from the timeline. 
  </shortdesc> 
  <taskbody> 
	 <context id="context_F4ED4DDC9B7C486286FE8C13461A842A"> 
		<note>If you only want to remove certain ranges from the content, and the
		  ad map must be used as defined by the ad server, create a 
		  <codeph>CustomRangeMetadata</codeph> instance and specify the type as a
		  DELETE operation with the defined custom ranges. 
		</note> 
	 </context> 
	 <steps id="steps_71E062402AB045F79672DDA62335FA30"> 
		<step id="step_9E7B65E8387C41718D3EA34181D37C01"> 
		  <cmd>Delete ranges with an Adobe Primetime ad decisioning ad. 
		  </cmd> 
		  <info> 
			 <codeblock outputclass="syntax json">{   
    "properties": [],
    "stream": {
        "manifests": [
            {
                "url": "http://xyz.cloudfront.net/e2e-vod/cloudfront_vod_hls_tos_30fps.m3u8",
                "type": "hls"
            }
        ],
     
        "metadata": {
            "time-ranges": {
                "type": "delete",
                "time-range-list": [
                    {
                        "begin": 0,
                        "end": 20000
                    },
                    {
                        "begin": 69000,
                        "end": 99000
                    },
                    {
                        "begin": 251000,
                        "end": 281000
                    },
                    {
                        "begin": 514000,
                        "end": 544000
                    }
                ]
     
            },
            "ad": {
                "targeting": [
                    {
                        "value": "MulAdsAvail12346",
                        "key": "osmfKeyMulAdsAvail12346"
                    }
                ],
                "domain": "sandbox2.auditude.com",
                "mediaid": "psdk_000105",
                "zoneid": "121781"
            }     
        }
    },   
    "title": "VOD - DELETE TimeRange with Primetime ad decisioning Ads",
    "thumbnail": {
        "large": "http://example.com",
        "small": "http://example.com"
    },
    "type": "vod",
    "id": "vod_003"
}
</codeblock> 
		  </info> 
		</step> 
	 </steps> 
  </taskbody> 
</task> 
