<?xml version="1.0" encoding="UTF-8"?>
<!DOCTYPE reference PUBLIC "-//OASIS//DTD DITA Reference//EN" "technicalContent/dtd/reference.dtd">
<reference id="timerangecollection-class"
 xmlns:ditaarch="http://dita.oasis-open.org/architecture/2005/"> 
  <title>TimeRangeCollection class</title> 
  <shortdesc>The 
	 <codeph>TimeRangeCollection</codeph> utility class abstracts the notion of
	 an ordered collection of 
	 <codeph>TimeRange</codeph> specifications and provides services to
	 translate itself into a 
	 <codeph>Metadata</codeph> instance. 
  </shortdesc> 
  <refbody> 
	 <section id="section_D87AA7BC628D458DAB12D5247AD34B41"> 
		<codeblock outputclass="syntax java">public final class TimeRangeCollection {
    // default constructor method
    public TimeRangeCollection(Type type) {...}

    // the list of timerange specifications provided at construction time 
    public TimeRangeCollection(Type type, List&lt;TimeRange> timeRanges) {...}

    // timerange specs can also be added later
    public void addTimeRange(TimeRange timeRange) {...}

    // translate the set of timerange specs into a Metadata instance 
    public Metadata toMetadata(Metadata options) {...}
}
</codeblock> 
		<p><ph>The <codeph>type</codeph> parameter, which is the first positional parameter in the
					signature of the constructor methods, is an instance of the
						<codeph>TimeRangeCollection#Type</codeph> enumeration. This is part of the
						<codeph>TimeRangeCollection</codeph> class.</ph> The values that are
				currently defined by this enumeration are <codeph>MARK_RANGES</codeph>,
					<codeph>DELETE_RANGES</codeph>, and <codeph>REPLACE_RANGES</codeph>. You can
				create <codeph>TimeRangeCollection</codeph> objects using these three types. </p> 
	 </section> 
  </refbody> 
</reference> 
