<?xml version="1.0" encoding="UTF-8"?>
<!DOCTYPE concept PUBLIC "-//OASIS//DTD DITA Concept//EN" "technicalContent/dtd/concept.dtd">
<concept id="r_psdk_ad-signaling-mode"> 
  <title>Ad signaling mode</title> 
  <shortdesc>The ad signaling mode specifies where the video stream should get
	 advertising information. 
  </shortdesc> 
  <conbody> 
	 <p>The valid values are <codeph>DEFAULT</codeph>, <codeph>SERVER_MAP</codeph>, and
				<codeph>MANIFEST_CUES</codeph>. </p> 
	 <p>The following table describes the effect of 
		<codeph>AdSignalingMode</codeph> values for various HLS stream types: 
	 <table frame="all" colsep="1" rowsep="1" id="table_AdSignalingMode"> 
		<tgroup cols="4" colsep="1" rowsep="1" outputclass="FormatA"> 
		  <colspec colnum="1" colname="1" colwidth="1.00*"/> 
		  <colspec colnum="2" colname="2" colwidth="1.87*"/> 
		  <colspec colnum="3" colname="3" colwidth="2.55*"/> 
		  <colspec colnum="4" colname="4" colwidth="2.50*"/> 
		  <thead> 
			 <row rowsep="1"> 
				<entry colname="1"> 
				</entry> 
				<entry colname="2">Default 
				</entry> 
				<entry colname="3">Manifest cues 
				</entry> 
				<entry colname="4">Ad server map 
				</entry> 
			 </row> 
		  </thead> 
		  <tbody> 
			 <row rowsep="1"> 
				<entry colname="1">Video on Demand (VOD) 
				</entry> 
				<entry colname="2"> 
				  <ul id="ul_E79DA79107364D0D8B46A1859CA75B5C"> 
					 <li id="li_B259ED87743F463095071F58DC840E39"> 
						<p>Uses server map for placement detection 
						</p> 
					 </li> 
					 <li id="li_8957E4151466467BA6C954E5010E34EA"> 
						<p>Ads are inserted 
						</p> 
					 </li> 
				  </ul> 
				</entry> 
				<entry colname="3"> 
				  <ul id="ul_D462C76717D94DE09915BDF6E9B3FB68"> 
					 <li id="li_FB46108F4AD9457D99D2618ABEF7DBD1"> 
						<p>Uses in-stream cues for placement detection 
						</p> 
					 </li> 
					 <li id="li_C3F7FBB98F524CEF97D17318C292E9EA"> 
						<p>Pre-roll ads are inserted in the main stream 
						</p> 
					 </li> 
					 <li id="li_A56E1545F84840DFA6D065DA60E98C31"> 
						<p>Mid-rolls ads replace main stream 
						</p> 
					 </li> 
				  </ul> 
				</entry> 
				<entry colname="4"> 
				  <ul id="ul_F10192B1B6F745CBB0D4C1A6D52A57B4"> 
					 <li id="li_2ADACF71FA5F4A08A00A3399F5593420"> 
						<p>Uses server map for placement detection 
						</p> 
					 </li> 
					 <li id="li_1201085B9C554A4BBD471E7EB2E363AC"> 
						<p>Ads are inserted 
						</p> 
					 </li> 
				  </ul> 
				</entry> 
			 </row> 
			 <row rowsep="0"> 
				<entry colname="1">Live/linear 
				</entry> 
				<entry colname="2"> 
				  <ul id="ul_82AAC9EE056F49E999F809536A96C2F8"> 
					 <li id="li_73BAD2BAA95F4592808B77F8DA436237"> 
						<p>Uses manifest cues for placement detection 
						</p> 
					 </li> 
					 <li id="li_A97B6F61078D4149A984B2412021E103"> 
						<p>Ads replace main stream 
						</p> 
					 </li> 
				  </ul> 
				</entry> 
				<entry colname="3"> 
				  <ul id="ul_CAED2D4F46334D76AE025482881BF843"> 
					 <li id="li_A8023845A037482DBFDEF7EF247FECFD"> 
						<p>Uses in-stream cues for placement detection 
						</p> 
					 </li> 
					 <li id="li_62A3CDAD249344EB89043B2AE0F4D7FF"> 
						<p>Ads replace main stream 
						</p> 
					 </li> 
				  </ul> 
				</entry> 
				<entry colname="4">Not supported 
				</entry> 
			 </row> 
		  </tbody> 
		</tgroup> 
	 </table> 
	 </p> 
  </conbody> 
</concept> 
