<?xml version="1.0" encoding="UTF-8"?>
<!DOCTYPE task PUBLIC "-//OASIS//DTD DITA Task//EN" "task.dtd">
<task id="task_nfd_2jp_tp"> 
  <title>Replace time ranges with an ad</title> 
  <shortdesc>You can insert ads into VOD content.</shortdesc> 
  <taskbody> 
	 <context> 
		<p>In this case, <codeph>TimeRanges</codeph> between the <codeph>begin</codeph> and
					<codeph>end</codeph> in <codeph>localTime</codeph> are removed from the
				timeline. They are replaced by an <codeph>AdBreak</codeph> of <codeph>begin</codeph>
				to <codeph>begin+replaceDuration</codeph>. If the replacement-duration does not
				exist as a parameter, the server makes the determination on the returned Adbreak. </p> 
		<note>You should always provide a specific replacement-duration for
		  custom ranges. If no ads are intended to replace this custom range, provide a
		  replacement-duration of 0. 
		</note> 
	 </context> 
	 <steps> 
		<step> 
		  <cmd>Replace ranges with Primetime ad decisioning ads.</cmd> 
		  <info> 
			 <codeblock outputclass="syntax json">{   
    "properties": [],
    "stream": {
        "manifests": [ {
            "url": 
              "http://d398890tia84ty.cloudfront.net/e2e-vod/cloudfront_vod_hls_tos_30fps.m3u8",
            "type": "hls"
        } ],
                 
        "metadata": {
            "time-ranges": {
                "type": "replace",
                "time-range-list": [ {
                    "begin": 0,
                    "end": 15000,
                    "replacement-duration": 15000 
                },
                {
                    "begin": 69000,
                    "end": 99000,
                    "replacement-duration": 30000
                },
                {
                    "begin": 251000,
                    "end": 281000,
                    "replacement-duration": 30000
                },
                {
                    "begin": 514000,
                    "end": 544000,
                    "replacement-duration": 30000
                } ]
            },
            "ad": {
                "targeting": [ {
                    "value": "MulAdsAvail12346",
                    "key": "osmfKeyMulAdsAvail12346"
                } ],
                "domain": "sandbox2.auditude.com",
                "mediaid": "psdk_000105",
                "zoneid": "121781"
            }     
        }
    },   
    "title": "VOD - Replace TimeRange with Auditude Ads",
    "thumbnail": {
        "large": "http://example.com",
        "small": "http://example.com"
    },
    "type": "vod",
    "id": "vod_003"
}
</codeblock> 
		  </info> 
		</step> 
	 </steps> 
  </taskbody> 
</task> 
