<?xml version="1.0" encoding="UTF-8"?>
<!DOCTYPE concept PUBLIC "-//OASIS//DTD DITA Concept//EN" "concept.dtd">
<concept id="concept_jzk_tgc_yz">
 <title>Suspend and Restore MediaPlayer</title>
 <shortdesc>Suspending and restoring the TVSDK
        <codeph>MediaPlayer</codeph> when a device screen is turned off and on must be handled by
        your application. </shortdesc>
 <prolog>
  <metadata>
   <keywords>
    <keyword>SurfaceView</keyword>
    <keyword>Suspend</keyword>
    <keyword>Restore</keyword>
    <keyword>BroadcastReceiver</keyword>
   </keywords>
  </metadata>
 </prolog>
 <conbody>
  <p>You can handle suspend and restore operations on <codeph>MediaPlayer</codeph> inside Android's
            broadcast receiver for screen on/off.</p>
  <p>TVSDK can not determine when a Fragment (or Activity) is
            in the background or foreground. In addition, the Android <codeph>SurfaceView</codeph>
            does not get destroyed when the device screen is turned off (but the Activity is
            paused). However, <codeph>SurfaceView</codeph>
            <i>does</i> get destroyed when the device puts your application in the background. 
			TVSDK cannot detect any of these changes, so they
            must be handled by your application.</p>
  <p>The following sample code how your application can handle suspending and restoring the
                <codeph>MediaPlayer</codeph> when the device screen is turned on and off at the
            application level:</p>
  <codeblock outputclass="syntax java">// Track the state of a fragment to determine if it is PAUSED or RESUMED
private boolean isActivityPaused = false;

/**
* Register the broadcast receiver to track screen on/screen off functions triggered from
device.
*/
private BroadcastReceiver mReceiver = new BroadcastReceiver() {
    @Override
    public void onReceive(Context context, Intent intent) {

        // Call suspend when screen is turned off and mediaPlayer is not null and
        // mediaplayer status is not suspended/Error/Released state.
        if (intent.getAction().equals(Intent.ACTION_SCREEN_OFF)) {
            try {
                if (mediaPlayer != null &amp;&amp;
                  lastKnownStatus != MediaPlayerStatus.ERROR &amp;&amp;
                  lastKnownStatus != MediaPlayerStatus.RELEASED &amp;&amp;
                  lastKnownStatus != MediaPlayerStatus.SUSPENDED) {
                    PrimetimeReference.logger.i(LOG_TAG+"#screenOff:",
                    "Suspending mediaplayer as screen is turned off and mediaPlayer
                    status is " + lastKnownStatus.toString());
                    mediaPlayer.suspend();
                }
                else {
                    PrimetimeReference.logger.i(LOG_TAG+"#screenOff:",
                      "Not suspending mediaplayer since mediaplayer status is "
                      + lastKnownStatus.toString());
                }
            } catch(MediaPlayerException e) {
                PrimetimeReference.logger.e(LOG_TAG+"#screenOff:",
                  "MediaPlayer Exception for suspend() call");
            }
        }
        else if (intent.getAction().equals(Intent.ACTION_SCREEN_ON)) {
            // Call restore when the screen is turned on and mediaplayer is not in the 
            // suspended status.  This is for the screen on condition when the device 
            // does not have a lock and turning on the screen immediately brings the 
            // fragment to the foreground.
            try {
                if(lastKnownStatus == MediaPlayerStatus.SUSPENDED &amp;&amp; !isActivityPaused) {
                    PrimetimeReference.logger.i(LOG_TAG+"#screenOn:",
                      "Restoring mediaplayer since screen is turned on and mediaPlayer status is "
                      + lastKnownStatus.toString());
                    mediaPlayer.restore();
                }
                else {
                    PrimetimeReference.logger.i(LOG_TAG+"#screenOn:",
                      "Not restoring mediaplayer since mediaPlayer status is "
                      + lastKnownStatus.toString());
                }
            } catch(MediaPlayerException e) {
                PrimetimeReference.logger.e(LOG_TAG+"#screenOn:",
                  "MediaPlayer Exception for restore() call");
            }
        }
    }
};

/*
* Activity or Fragment's onPause() overridden method
*/
@Override
public void onPause() {
    PrimetimeReference.logger.i(LOG_TAG + "#onPause", "Player activity paused.");

    // Set the fragment paused status to true when app goes in background.
    isActivityPaused = true;
    super.onPause();
}

/*
* Activity or Fragment's onResume() overridden method
*/
@Override
public void onResume() {
    super.onResume();

    /**
    * When the device has a lock/pin the on resume will be called only after the device
      is unlocked.
    * Screen on does not call the onResume() method so we need to handle restore here
      explicitly.
    */
    if(lastKnownStatus == MediaPlayerStatus.SUSPENDED &amp;&amp; isActivityPaused) {
        try {
            PrimetimeReference.logger.i(LOG_TAG + "#onResume",
              "Player restored as activity operations are resumed");
            mediaPlayer.restore();
        }
        catch(MediaPlayerException e) {
            PrimetimeReference.logger.i(LOG_TAG + "#onResume", 
              "Exception occured while restoring mediaPlayer");
        }
    }
    // Set the fragment paused status to false when app comes in foreground.
    isActivityPaused = false;
}
</codeblock>
 </conbody>
</concept>
