<?xml version="1.0" encoding="UTF-8"?>
<!DOCTYPE task PUBLIC "-//OASIS//DTD DITA Task//EN" "technicalContent/dtd/task.dtd">
<task id="create-a-media-resource_task"
 xmlns:ditaarch="http://dita.oasis-open.org/architecture/2005/"> 
  <title>Create a media resource</title> 
  <shortdesc>The 
	 <codeph>MediaResource</codeph> class represents the content to be loaded by
	 the 
	 <codeph>MediaPlayer</codeph> instance. 
  </shortdesc> 
  <taskbody> 
	 <steps id="steps_EFAB49CFB4C94C9382603A0B2A1E8849"> 
		<step id="step_B17A7D0B12554B5E8140B096A8B64DC9"> 
		  <cmd>Create a 
			 <codeph>MediaResource</codeph> by passing information about the media
			 to the 
			 <codeph>MediaResource</codeph> constructor. 
		  </cmd> 
		  <info>
			 <p>The 
				<codeph>MediaResource</codeph> constructor requires the following
				parameters: 
			 <table id="table_22886D6770FB45E99D35D0B90E6CC302"> 
				<tgroup cols="2"> 
				  <colspec colnum="1" colname="col1" colwidth="1*"/> 
				  <colspec colnum="2" colname="col2" colwidth="4*"/> 
				  <thead> 
					 <row> 
						<entry colname="col1">Constructor Parameter 
						</entry> 
						<entry colname="col2">Description 
						</entry> 
					 </row> 
				  </thead> 
				  <tbody> 
					 <row> 
						<entry colname="col1"><codeph>url</codeph>
										</entry> 
						<entry colname="col2">A string representing the URL of the
						  manifest/playlist of the media. 
						</entry> 
					 </row> 
					 <row> 
						<entry colname="col1"><codeph>type</codeph>
										</entry> 
						<entry colname="col2">One of the following members of the 
						  <codeph>MediaResource.Type</codeph> enum, corresponding to
						  the indicated file type: 
						  <ul id="ul_C286ED3C31364B858A1C9AF3356E9282"> 
							 <li
							  id="li_25B24EF76D8849DE8764539F25E435FA"><codeph>HLS</codeph> - M3U8 
							 </li> 
							 <li
							  id="li_1344A41B434D49229E392F1AAF9ECA81"><codeph>ISOBMFF</codeph> - ISO base
								media file format (MP4) 
							 </li> 
							 <li
							  id="li_92392073B7334916B06B16570C51AC91"><codeph>DASH</codeph> - MPEG-DASH
								media presentation description (MPD) 
							 </li> 
						  </ul> 
						</entry> 
					 </row> 
					 <row> 
						<entry colname="col1"><codeph>metadata</codeph>
										</entry> 
						<entry colname="col2">An instance of the 
						  <codeph>Metadata</codeph> class (a dictionary-like
						  structure), which might contain additional information about the content that
						  is about to be loaded, such as alternate or ad content to place inside the main
						  content. If using advertising, set up 
						  <codeph>AuditudeSettings</codeph> before using this
						  constructor (see 
						  <xref keyref="ad-insertion-metadata"/>). 
						</entry> 
					 </row> 
				  </tbody> 
				</tgroup> 
			 </table>
			 </p> 
			 <note type="important">TVSDK supports playback for
						only specific types of content. If you attempt to load any other type of
						content, TVSDK dispatches an error
						event. <p>For MP4 video-on-demand (VOD) content, 
						TVSDK does not support trick play,
							adaptive bit rate (ABR) streaming, ad insertion, closed captions, or
							DRM. </p>
						<p>The following code creates a <codeph>MediaResource</codeph> instance:
							<codeblock outputclass="syntax java">// To do: Create metadata here
MediaResource res = new MediaResource(
  "http://www.example.com/video/some-video.m3u8", 
  MediaResource.Type.HLS,
  metadata); </codeblock>
						</p>
					</note> 
			 <p>At any time after this step, you can use 
				<codeph>MediaResource</codeph> accessors (getters) to examine the
				resource's type, URL, and metadata. 
			 </p>
		  </info> 
		</step> 
		<step id="step_3E9688FF86D94ABA9E4B559AA1070EA3"> 
		  <cmd>Load the media resource using one of the following options: 
		  </cmd> 
		  <info>
			 <p>
			 <ul id="ul_FC6940133DE34610A65B376C4065BACB">
				<li id="li_119933A5B223472DBE84636B6794DB2E">The MediaPlayer
				  instance.
				</li>
				<li
				id="li_17C325BEFE8D40E38A5DA3377C6009A3"><codeph>MediaPlayerItemLoader</codeph>
				  <p>For more information, see 
					 <xref
					 href="t_psdk_android_2.5_media-resource-load-using-mediaplayeritemloader.xml#use-mediaplayeritemloader"
					 format="dita" scope="local"><?xm-replace_text Load a media resource using MediaPlayerItemLoader?></xref>.
				  </p>
				</li>
			 </ul>
			 </p>
			 <note type="important">Do not load the media resource on a background thread. Most 
			 TVSDK operations need to run on the main
						thread, and running them on a background thread can cause the operation to
						throw an error and exit. </note>
		  </info> 
		</step> 
	 </steps> 
  </taskbody> 
</task> 
