<?xml version="1.0"?>
<!DOCTYPE concept PUBLIC "-//OASIS//DTD DITA Concept//EN" "concept.dtd">
<concept id="instant_on-concept"> 
  <title>Instant On</title> 
  <shortdesc>Enabling instant on means that one or more channels are preloaded.
	 When users select a channel or switch channels, the content plays immediately.
	 The buffering is complete by the time the user starts watching. 
  </shortdesc> 
  <conbody> 
	 <p>Without Instant On, TVSDK initializes the media to be played but does
		not start buffering the stream until the application calls 
		<codeph>play</codeph>. The user sees no content until buffering is
		complete. With Instant On, you can launch multiple media player (or
		media-player item loader) instances, and TVSDK starts buffering the streams
		immediately. When a user changes the channel and the stream has buffered
		properly, calling 
		<codeph>play</codeph> on the new channel starts playback immediately. 
	 </p> 
	 <p>Although there are no limits to the number of 
		<codeph>MediaPlayer</codeph> and 
		<codeph>MediaPlayerItemLoader</codeph> instances that TVSDK can run,
		running more instances consumes more resources. Application performance can be
		affected by the number of instances that are running. For more information
		about 
		<codeph>MediaPlayerItemLoader</codeph>, see 
		<xref
		 href="t_psdk_android_2.5_media-resource-load.xml#load-a-media-resource"
		 format="dita" scope="local"><?xm-replace_text Load a media resource in the media player?></xref>.
		
	 </p> 
	 <note type="important">TVSDK does not support a single 
		<codeph>QoSProvider</codeph> to work with both 
		<codeph>itemLoader</codeph> and 
		<codeph>MediaPlayer</codeph>. If the customer uses Instant On, the
		application needs to maintain two QoS instances and manage both instances for
		the information. 
	 </note> 
	 <p>For more information about 
		<codeph>MediaPlayerItemLoader</codeph>, see 
		<xref
		 href="t_psdk_android_2.5_media-resource-load-using-mediaplayeritemloader.xml#use-mediaplayeritemloader"
		 format="dita" scope="local"><?xm-replace_text Load a media resource using MediaPlayerItemLoader?></xref>.
	 </p> 
	 <section id="section_2F9F24C7BFAD49599D043D64F767F9A0">
		<title>Add a QoS Provider instance to mediaPlayerItemLoader</title>
		<ul id="ul_99B03E8AFA514BF691D7726D704477C6">
		  <li id="li_49382E89936B4EE5B0E07720DF8510F9">Create and attach a QoS
			 Provider to a 
			 <codeph>mediaPlayerItemLoader</codeph> instance
			 <codeblock>// Create an instance of QoSProvider 
private QOSProvider _qosProvider = new QOSProvider(this._context); 

// Attach the QoSProvider instance to the mediaPlayerItemLoaderInstance 
// (before calling load API on mediaPlayerItemLoader instance) 
_qosProvider.attachMediaPlayerItemLoader(this._loader); </codeblock>
			 <p>Once the playback starts, use the 
				<codeph>_qosProvider</codeph> to get 
				<codeph>timeToLoad</codeph> and 
				<codeph>timeToPrepare</codeph> QoSdata. The remaining QoS metrics
				can be retrieved by using the 
				<codeph>QoSProvider</codeph> attached to the 
				<codeph>mediaPlayer</codeph>. 
			 </p>
			 <p>For more information about 
				<codeph>MediaPlayerItemLoader</codeph>, see 
				<xref
				 href="t_psdk_android_2.5_media-resource-load-using-mediaplayeritemloader.xml#use-mediaplayeritemloader"
				 format="dita" scope="local"><?xm-replace_text Load a media resource using MediaPlayerItemLoader?></xref>.
			 </p>
		  </li>
		</ul>
	 </section>
	 <section id="section_4FE346B7BE434BA8A2203896D6E52146">
		<title>Configure buffering for Instant On</title>
		<p>TVSDK provides methods and statuses to allow you use Instant On with a
		  media resource. 
		</p>
		<note>Adobe recommends using 
		  <codeph>MediaPlayerItemLoader</codeph> for InstantOn. To use 
		  <codeph>MediaPlayerItemLoader</codeph>, rather than 
		  <codeph>MediaPlayer</codeph>, see 
		  <xref keyref="media-resource-load-using-mediaplayeritemloader"/>. 
		</note>
		<ol id="ol_C5403DB18A064B5EAF0B8CF632046C1B">
		  <li id="li_6B2F6C874A074A4CAD723F58F39BFA89">Confirm that the resource
			 has loaded, and the player is prepared to play the resource. 
		  </li>
		  <li id="li_25DA8A895481410785AACC457E62CA45">Before calling 
			 <codeph>play</codeph>, call 
			 <codeph>prepareBuffer</codeph> for each 
			 <codeph>MediaPlayer</codeph> instance. 
			 <note><codeph>prepareBuffer</codeph> enables Instant On, and TVSDK
				starts buffering immediately and dispatches the 
				<codeph>BUFFERING_COMPLETED</codeph> event when the buffer is full.
				
			 </note>
			 <note type="tip">By default, 
				<codeph>prepareBuffer</codeph> and 
				<codeph>prepareToPlay</codeph> set up the media stream to start
				playing from the beginning. To start at another position, pass the position (in
				milliseconds) to 
				<codeph>prepareToPlay</codeph>. 
			 </note> 
			 <codeblock>@Override
public void onStatusChanged(MediaPlayerStatus status) {
    switch (status) {
        case INITIALIZED:
            // This example starts 5 seconds into the stream.
            mediaPlayer.prepareToPlay(5000);
            break;
        case PREPARING:
            break;
        case PREPARED:
            mediaPlayer.prepareBuffer();
            break;
        ...
    }
}</codeblock>
		  </li>
		  <li id="li_40252C188F8844CDB0B033407097B259">When you receive the 
			 <codeph>BUFFERING_COMPLETE</codeph> event, start playing the item or
			 display visual feedback to indicate that the content is completely buffered. 
			 <note>If you call 
				<codeph>play</codeph>, playback should begin immediately. 
			 </note>
		  </li>
		</ol>
	 </section>
  </conbody> 
</concept> 
