<?xml version="1.0" encoding="UTF-8"?>
<!DOCTYPE concept PUBLIC "-//OASIS//DTD DITA Concept//EN" "concept.dtd">
<concept id="concept_fdy_qnw_hz"> 
  <title>Update ad creative selection rules</title> 
  <shortdesc>You can use the TVSDK configuration file
	 (<filepath>AdobeTVSDKConfig.json</filepath>) to update the priorities for ad
	 creative selection on VAST/VMAP responses. You can also use this configuration
	 file to define the source URL transformation rules for ad creatives. 
  </shortdesc> 
  <prolog> 
	 <metadata> 
		<keywords> 
		  <keyword>creative selection rules</keyword> 
		  <keyword>AdobeTVSDKConfig</keyword> 
		  <keyword>ad creative priorities</keyword> 
		  <keyword>transformation rules</keyword> 
		</keywords> </metadata>
  </prolog> 
  <conbody> 
	 <p/> 
	 <p>When your video player makes a request to an ad server, the VAST/VMAP
		response usually includes multiple ad creatives (<codeph>MediaFile</codeph>
		elements), each of which provides a URL to a different container-codec version.
		In some cases, ad creatives in the VAST/VMAP response each provide a different
		bitrate for the ad. If you want to specify your own priority and transformation
		rules for these ad creatives, you can do so in the 
		<filepath>AdobeTVSDKConfig.json</filepath> configuration file. 
	 </p> 
	 <p> 
		<note type="important"> 
		  <ul id="ul_gy4_x1x_hz"> 
			 <li id="li_55BC043E7D00457F9FB3E84990757FC5">Do not change the name
				of the TVSDK configuration file. The name must remain 
				<filepath>AdobeTVSDKConfig.json</filepath>. 
			 </li> 
			 <li id="li_EEDE1F9B8D7E4774A62B6C4C96DA74ED">This file must be placed
				in the 
				<filepath>assets/</filepath> folder of your project. 
			 </li> 
			 <li id="li_3A8F3E66E4F24960BB12FA7C0F0E4DA7">Changing audio tracks
				when ad is playing does not change the audio track. A player should not allow
				users to change the audio track when an ad is playing. 
			 </li> 
		  </ul> 
		</note> 
	 </p> 
	 <p>You can specify two types of rules in 
		<filepath>AdobeTVSDKConfig.json</filepath>: 
		<i>Priority</i> rules and 
		<i>Normalize</i> rules. 
	 </p> 
	 <p><uicontrol>Ad Rules change</uicontrol> 
	 </p> 
	 <section id="section_EDCE7C94156D4A47AA2FBAE9BE0390CE"> 
		<p>The Ad rules are specified using a JSON file. The format of the JSON
		  file remains the same in both versions of the TVSDK. However, in TVSDK v3.0,
		  the Ad rules JSON file must be hosted on a location accessible via a HTTP URL.
		  The application can use an instance of AuditudeSettings: 
		</p> 
		<p> 
		  <codeblock>//TVSDK v3.0 AuditudeSettings result = new AuditudeSettings();
result.setCRSRulesJsonURL(&lt;http url of
AdobeTVSDKConfig.json&gt;); 
</codeblock> 
		</p> 
		<p> 
		</p> 
	 </section> 
  </conbody> 
</concept> 
