<?xml version="1.0" encoding="UTF-8"?>
<!DOCTYPE task PUBLIC "-//OASIS//DTD DITA Task//EN" "technicalContent/dtd/task.dtd">
<task id="id3-metadata-retrieve"
 xmlns:ditaarch="http://dita.oasis-open.org/architecture/2005/"> 
  <title>ID3 tags</title> 
  <shortdesc>ID3 tags provide information about an audio or video file, such as
	 the title of the file or the name of the artist. TVSDK detects ID3 tags at the
	 transport stream (TS) segment level in HLS streams and dispatches an event. The
	 application can extract data from the tag. 
  </shortdesc> 
  <taskbody> 
	 <context id="context_6B1E9DC4E358468FB1E66FF393604C48"> 
		<note type="important">TVSDK recognizes ID3 metadata (version 2.3.0 or
		  2.4.0) in audio (AAC) and video (H.264) streams in any of its possible
		  encodings (ASCII, UTF8, UTF16-BE, or UTF16-LE). It ignores ID3 tags that are
		  not in one of the recognized versions or formats. Unspecified encoding is
		  treated as UTF8. 
		</note> 
		<p>When TVSDK detects ID3 metadata, it issues a notification with the
		  following data: 
		<ul id="ul_9A7FC61737CD466EAE2F68EF93590D25"> 
		  <li id="li_9A41020FF4044BF8ABAA2420E4A63C06">TYPE = ID3 
		  </li> 
		  <li id="li_7381DDF239FB4D24807843F215E3A91E">NAME = ID3 
		  </li> 
		</ul> 
		</p> 
	 </context> 
	 <steps id="steps_7FF66E4698284BA7B9B3CEA6330C41E0"> 
		<step id="step_DC80A07B06DC42EDAF613FEDDD8B0867"> 
		  <cmd>Implement an event listener for 
			 <codeph>MediaPlayer.TimedMetadataEventListener#onTimedMetadata(TimeMetadata
				timeMetadata)</codeph> and register it with the 
			 <codeph>MediaPlayer</codeph> object. 
		  </cmd> 
		  <info> 
			 <p>TVSDK calls this listener when it detects 
				<codeph>ID3</codeph> metadata. 
			 </p> 
			 <note type="tip"> Custom ad cues use the same 
				<codeph>onTimedMetadata</codeph> event to indicate detection of a
				new tag. This should not cause any confusion because custom ad cues are
				detected at the manifest level, and ID3 tags are embedded in the stream. For
				more information, see 
				<xref keyref="custom-tags-configure"/>. 
			 </note> 
		  </info> 
		</step> 
		<step id="step_F7FB74785F814A14BFAA449051AA8516"> 
		  <cmd>Retrieve the metadata. 
		  </cmd> 
		  <info> 
			 <codeblock outputclass="syntax java">@Override
 public void onTimedMetadata(TimedMetadata timedMetadata) {
    TimedMetadata.Type type = timedMetadata.getType();
    if (type.equals(TimedMetadata.Type.ID3)){
        long time = timeMetadata.getTime();
        Metadata metadata = timedMetadata.getMetadata();
        Set&lt;String&gt; keys = metadata.keySet();
        for (String key : keys){
            byte[] value = metadata.getByteArray(key);
        }
    }
}</codeblock> 
		  </info> 
		</step> 
	 </steps> 
  </taskbody> 
</task> 
