<?xml version="1.0" encoding="UTF-8"?>
<!DOCTYPE concept PUBLIC "-//OASIS//DTD DITA Concept//EN" "technicalContent/dtd/concept.dtd">
<concept id="c_psdk_notification-codes"
 xmlns:ditaarch="http://dita.oasis-open.org/architecture/2005/"> 
  <title> Notification codes</title> 
  <shortdesc>The TVSDK notification system produces various error, warning, and
	 informational notices that provide diagnostic metadata. 
  </shortdesc> 
  <conbody> 
	 <p> Notification objects provide information that is related to the
		player's status. TVSDK provides a chronologically sorted list of notification
		objects. Each notification contains the following metadata: 
	 </p> 
	 <table frame="all" colsep="1" rowsep="1"
	 id="table_1A32EFFE1834438D8261886EC9D7250D"> 
		<tgroup cols="2" colsep="1" rowsep="1" outputclass="FormatA"> 
		  <colspec colnum="1" colname="1" colwidth="20*"/> 
		  <colspec colnum="2" colname="2" colwidth="80*"/> 
		  <thead> 
			 <row rowsep="1"> 
				<entry colname="1">Element 
				</entry> 
				<entry colname="2">Description 
				</entry> 
			 </row> 
		  </thead> 
		  <tbody> 
			 <row rowsep="1"> 
				<entry colname="1"><codeph>type</codeph>
				</entry> 
				<entry colname="2">
				  <p>The notification type.
				  </p> 
				  <p>Depending on the platform, this property is an enumerated type
					 with possible values of INFO, WARN, and ERROR. This is the top-level grouping
					 for notifications. 
				  </p>
				</entry> 
			 </row> 
			 <row rowsep="1"> 
				<entry colname="1"> 
				  <codeph>code</codeph> 
				</entry> 
				<entry colname="2">
				  <p>The following numerical representations are assigned to the
					 notifications: 
				  <ul id="ul_A86BF89D6B3B410E81FAD718D3C4A9F0"> 
					 <li id="li_8180972D704C40098723734DD4B45643">Error notification
						events, from 100000 to 199999 
					 </li> 
					 <li id="li_0EC29EA5F0034E5EBFEF8E68A6498D39">Warning
						notification events, from 200000 to 299999 
					 </li> 
					 <li id="li_189A53D3D7EF4960A521AB04D00DCF70">Information
						notification events, from 300000 to 399999 
					 </li> 
				  </ul>
				  </p> 
				  <p>Each top-level range, such as errors, is divided into
					 subranges, such as 101000 through 101999 representing playback errors. 
				  </p> 
				</entry> 
			 </row> 
			 <row rowsep="1"> 
				<entry colname="1"><codeph>name</codeph>
				</entry> 
				<entry colname="2">A string that contains a human-readable
				  description of the notification event, such as 
				  <codeph>SEEK_ERROR</codeph>. 
				</entry> 
			 </row> 
			 <row rowsep="1"> 
				<entry colname="1"><codeph>metadata</codeph>
				</entry> 
				<entry colname="2">
				  <p>Key/value pairs that contain additional relevant information
					 about the notification.
				  </p> 
				  <p>For example, a key named 
					 <codeph>URL</codeph> would provide a value that is a URL
					 related to the notification, such as an invalid URL that caused an error. 
				  </p>
				</entry> 
			 </row> 
			 <row rowsep="0"> 
				<entry colname="1"><codeph>innerNotification</codeph>
				</entry> 
				<entry colname="2">
				  <p>A reference to another 
					 <codeph>MediaPlayerNotification</codeph> object that directly
					 impacted this notification.
				  </p> 
				  <p>An example might be a notification about an ad-insertion
					 failure that directly corresponds to a time-line insertion conflict. Not all
					 notifications provide an inner notification. 
				  </p>
				</entry> 
			 </row> 
		  </tbody> 
		</tgroup> 
	 </table> 
  </conbody> 
</concept> 
