<?xml version="1.0" encoding="UTF-8"?>
<!DOCTYPE task PUBLIC "-//OASIS//DTD DITA Task//EN" "technicalContent/dtd/task.dtd">
<task id="volume-control"
 xmlns:ditaarch="http://dita.oasis-open.org/architecture/2005/"> 
  <title>Provide volume control</title> 
  <shortdesc>You can set up a user interface control to adjust the volume for
	 the video.
  </shortdesc> 
  <taskbody> 
	 <steps id="steps_ECBCA405518940A28F5E6FDA0B571F36"> 
		<step id="step_D7DBA6502742422CA84355F83AC18A2E">
				<cmd>In the callback routine for the volume control interface element, ensure that
					the player is in a valid status for this command. </cmd>
				<info>
					<note type="tip">Any status, except for RELEASED is valid. </note>
				</info>
			</step> 
		<step id="step_ED21C42221314D53BE89C2EB9F6F732D"> 
		  <cmd>Call 
			 <codeph>setVolume</codeph> to set the audio volume. 
		  </cmd> 
		  <info>
			 <p>For example:
				<codeblock outputclass="syntax java">void setVolume(int volume) throws MediaPlayerException;</codeblock>
			 </p> 
			 <p>The value for the volume represents the requested volume expressed
				as a proportion of the maximum volume, where 
				<codeph>0</codeph> is silent and 
				<codeph>1</codeph> is the maximum volume. 
			 </p> 
		  </info> 
		</step> 
	 </steps> 
  </taskbody> 
</task> 
