<?xml version="1.0"?>
<!DOCTYPE concept PUBLIC "-//OASIS//DTD DITA Concept//EN" "concept.dtd">
<concept id="c_events-order-playback"> 
  <title>Implement event listeners and callbacks</title> 
  <shortdesc> Event handlers enable you to respond to TVSDK events. 
  </shortdesc> 
  <conbody> 
	 <p>When an event occurs, TVSDK's event mechanism calls your registered
		event handler, passing it the event information. 
	 </p> 
	 <p>TVSDK defines listeners as public internal interfaces inside the 
		<codeph>MediaPlayer</codeph> interface. 
	 </p> 
	 <p> Your application must implement event listeners for any TVSDK events
		that affect your application. 
	 </p> 
	 <ol id="ol_2AB3EF513EB24BE0ADDE648AD9844059"> 
		<li id="li_F612E36C7BA54BDE906BCE1A911BCBE7">Determine which events your
		  application must listen for. 
		  <ul id="ul_40A89DFEFA964A329F09169E138DD041"> 
			 <li id="li_3681BA56A51C45B29074F8EB250A70C8">Required events: Listen
				for all playback events. 
				<note type="important">Listen for the status change event, which
				  occurs when the player's status changes in ways that you need to know. The
				  information it provides includes errors that might affect what your player can
				  do next. 
				</note> 
			 </li> 
			 <li id="li_69D4947141EC44C1A942B989D18998CC">For other events,
				depending on your application, see 
				<xref keyref="events-summary"/>. 
			 </li> 
		  </ul> 
		</li> 
		<li id="li_D1869398AD91469E9416E90375E42549">Implement and add an event
		  listener for each event. 
		  <note> For most events TVSDK passes arguments to the event listeners.
			 Such values provide information about the event that can help you decide what
			 to do next. The 
			 <codeph>MediaPlayerEvent</codeph> enumeration lists all the events
			 that 
			 <codeph>MediaPlayer</codeph> dispatches. For more information, see 
			 <xref keyref="events-summary"/>. 
		  </note> 
		  <p>For example, if 
			 <codeph>mPlayer</codeph> is an instance of 
			 <codeph>MediaPlayer</codeph>, here is how you might add and structure
			 an event listener: 
		  </p> 
		  <codeblock outputclass="syntax java">mPlayer.addEventListener(MediaPlayerEvent.STATUS_CHANGED, new StatusChangeEventListener() {
    @Override
    public void onStatusChanged(MediaPlayerStatusChangeEvent event) {
        event.getMetadata();
        if (event.getMetadata() != null) {/* Do something */}
        if (event.getStatus() == MediaPlayerStatus.IDLE) {/* Do something */}
        else if (event.getStatus() == MediaPlayerStatus.INITIALIZED) {/* Do something */}
        else if (event.getStatus() == MediaPlayerStatus.PREPARED) {/* Do something */}
    }
});
</codeblock> 
		</li> 
	 </ol> 
	 <section id="section_6D412C33ACE54E9D90DB1DAA9AA30272"> 
		<title>Order of playback events</title> 
		<p>TVSDK dispatches events/notifications in generally expected sequences.
		  Your player can implement actions based on events in the expected sequence. 
		</p> 
		<p>The following examples show the order of some events that occur during
		  playback. 
		</p> 
		<p>When successfully loading a media resource through 
		  <codeph>MediaPlayer.replaceCurrentResource</codeph>, the order of
		  events is: 
		<ol id="ol_40B2C5DE61A14ECE9424C7B8A134E879"> 
		  <li
			id="li_72DD3C175D5B412182AAC8D84A521BB5"><codeph>MediaPlayerEvent.STATUS_CHANGED</codeph>
			 with status 
			 <codeph>MediaPlayerStatus.INITIALIZING</codeph> 
		  </li> 
		  <li id="li_640A52E21124484087D56DAFA5B3AACB"> 
			 <codeph>MediaPlayerEvent.STATUS_CHANGED</codeph> with status 
			 <codeph>MediaPlayerStatus.INITIALIZED</codeph> 
		  </li> 
		</ol> 
		<note type="tip">Load your media resource on the main thread. If you load
		  a media resource on a background thread, this operation or subsequent
		  operations might throw an error, such as 
		  <codeph>MediaPlayerException</codeph>, and exit. 
		</note> When preparing for playback through 
		<codeph>MediaPlayer.prepareToPlay</codeph>, the order of events is: 
		<ol id="ol_73D4176D6A8F49DAAA6B558CE97BD317"> 
		  <li
			id="li_751B891CA5A94B809217597E68A20207"><codeph>MediaPlayerEvent.STATUS_CHANGED</codeph>
			 with status 
			 <codeph>MediaPlayerStatus.PREPARING</codeph> 
		  </li> 
		  <li
			id="li_1F31C2D271B74A0A97932BDCDC90DC4C"><codeph>MediaPlayerEvent.TIMELINE_UPDATED</codeph>
			 if ads were inserted. 
		  </li> 
		  <li
			id="li_771AEDC69B9C47FC9E6140DAD8DBACD3"><codeph>MediaPlayerEvent.STATUS_CHANGED</codeph>
			 with status 
			 <codeph>MediaPlayerStatus.PREPARED</codeph> 
		  </li> 
		</ol>For live/linear streams, during playback as the playback window
		advances and additional opportunities are resolved, the order of events is: 
		<ol id="ol_C122A8152D34460183027511480ED839"> 
		  <li
			id="li_0D9C18A4B0F7436CB895E6D46685D498"><codeph>MediaPlayerEvent.ITEM_UPDATED</codeph>
			 
		  </li> 
		  <li
			id="li_5C0FBF6882EC479EB224B72FFAF31788"><codeph>MediaPlayerEvent.TIMELINE_UPDATED</codeph>
			 if ads were inserted 
		  </li> 
		</ol> 
		</p> 
	 </section> 
	 <section id="section_7B3BE3BD3B6F4CF69D81F9CFAC24CAD5"> 
		<title>Order of advertising events</title> 
		<p>When your playback includes advertising, TVSDK dispatches
		  events/notifications in generally expected sequences. Your player can implement
		  actions based on events within the expected sequence. 
		</p> 
		<p>When playing ads, the order of events is: 
		</p> 
		<ul id="ul_C4D3FD9A1521488ABC9169DBF0331AAC"> 
		  <li
			id="li_4BD7E3AFD7BE410F92E6C223D9F98644"><codeph>MediaPlayerEvent.AD_RESOLUTION_COMPLETE</codeph>
			 
		  </li> 
		</ul> 
		<p>The following events are dispatched for every ad within the ad break: 
		</p> 
		<ul id="ul_C7F5BD2509FF4F6DB2A9916FE965E9D5"> 
		  <li
			id="li_2E5F67915EED4251AABE1C070AC3B1A2"><codeph>MediaPlayerEvent.AD_BREAK_START</codeph>
			 
		  </li> 
		  <li
			id="li_CCF9F1DFD124441387A8ED08D2EC2631"><codeph>MediaPlayerEvent.AD_START 
			 </codeph> 
		  </li> 
		  <li
			id="li_3F80EB15AC924AF0A7479DAE76E142E3"><codeph>MediaPlayerEvent.AD_PROGRESS
				(multiple times)</codeph> 
		  </li> 
		  <li
			id="li_B626ECB84AC54AF3A17D5028754FFFFB"><codeph>MediaPlayerEvent.AD_CLICK (for
				each click)</codeph> 
		  </li> 
		  <li
			id="li_7D599B0BA4B24B71AB21317A75C8028C"><codeph>MediaPlayerEvent.AD_COMPLETE</codeph>
			 
		  </li> 
		  <li
			id="li_8B7C55AA73CC42B7A7E0430A21822B2B"><codeph>MediaPlayerEvent.AD_BREAK_COMPLETE</codeph>
			 
		  </li> 
		</ul> 
		<p>The following example shows a typical progression of ad playback
		  events: 
		</p> 
		<codeblock>mediaPlayer.addEventListener(MediaPlayerEvent.AD_RESOLUTION_COMPLETE, new AdResolutionCompleteEventListener() {
        @Override
        public void onAdResolutionComplete() { ... }
    });

mediaPlayer.addEventListener(MediaPlayerEvent.AD_BREAK_START, new AdBreakStartedEventListener() {
         @Override
        public void onAdBreakStarted(AdBreakPlaybackEvent adBreakPlaybackEvent) { ... }
    });

mediaPlayer.addEventListener(MediaPlayerEvent.AD_START, new AdStartedEventListener() {
         @Override
        public void onAdStarted(AdPlaybackEvent adPlaybackEvent) { ... }
    });

mediaPlayer.addEventListener(MediaPlayerEvent.AD_PROGRESS, new AdProgressEventListener() {
         @Override
         public void onAdProgress(AdPlaybackEvent adPlaybackEvent) { ... }
    });

mediaPlayer.addEventListener(MediaPlayerEvent.AD_COMPLETE, new AdCompletedEventListener() {
         @Override
         public void onAdCompleted(AdPlaybackEvent adPlaybackEvent) { ... }
    });

mediaPlayer.addEventListener(MediaPlayerEvent.AD_BREAK_COMPLETE, new AdBreakCompletedEventListener() {
         @Override
         public void onAdBreakCompleted(AdBreakPlaybackEvent adBreakPlaybackEvent) { ... }
    });

Below event is for tracking ad clicks.

mediaPlayer.addEventListener(MediaPlayerEvent.AD_CLICK, new AdClickedEventListener() {
         @Override
         public void onAdClicked(AdClickEvent adClickEvent) { ... }
    });</codeblock> 
	 </section> 
	 <section id="section_3FECBF127B3E4EFEAB5AE87E89CCDE7C"> 
		<title>Order of DRM events</title> 
		<p>TVSDK dispatches digital rights management (DRM) events in response to
		  DRM-related operations such as when new DRM metadata becomes available. Your
		  player can implement actions in response to these events. 
		</p> 
		<p>To be notified about all DRM-related events, listen for 
		  <codeph>MediaPlayerEvent.DRM_METADATA</codeph>. TVSDK dispatches
		  additional DRM events through the 
		  <codeph>DRMManager</codeph> class. 
		</p> 
	 </section> 
	 <section id="section_5638F8EDACCE422A9425187484D39DCC"> 
		<title>Order of loader events</title> 
		<p>TVSDK dispatches 
		  <codeph>MediaPlayerEvent.LOAD_INFORMATION_AVAILABLE</codeph> when
		  loader events occur. 
		</p> 
	 </section> 
  </conbody> 
</concept> 
