<?xml version="1.0" encoding="UTF-8"?>
<!DOCTYPE concept PUBLIC "-//OASIS//DTD DITA Concept//EN" "concept.dtd">
<concept id="content-playback"> 
  <title></title> 
  <shortdesc>TVSDK provides tools for creating an advanced video player
	 application (<i>your Primetime player</i>), that you can integrate with other
	 Primetime components. It also provides a number of features designed to
	 maximize the quality of video playback.
  </shortdesc> 
  <conbody>
	 <section id="section_1FE83A68DE624F20B52C0959851F5699">
		<title>Set up the MediaPlayer</title>
		<p>Instantiate a 
		  <codeph>MediaPlayer</codeph> and place a view of it into a frame
		  layout. 
		</p>
		<ol id="ol_961FB91BAA0841938EFFB64924E304DB">
		  <li id="li_49CEBA75C5704E118CC2739D57D5F0E8">Instantiate 
			 <codeph>MediaPlayer</codeph>, passing an 
			 <codeph>android.content.Context</codeph> object to the constructor:
			 <codeblock outputclass="syntax java">MediaPlayer mediaPlayer = new MediaPlayer(context);</codeblock>
		  </li>
		  <li id="li_8A0E17E1537B4CA09E9269FA4B7920EE">Provide a frame layout
			 (<codeph>android.widget.FrameLayout</codeph>) to hold a 
			 <codeph>ViewGroup</codeph> of 
			 <codeph>mediaPlayer</codeph>: 
			 <codeblock outputclass="syntax java">FrameLayout playerFrame = (FrameLayout) _viewGroup.findViewById(R.id.playerFrame);</codeblock>
			 <note>Below is the code snippet to create 
				<codeph>_viewGroup</codeph>. 
			 </note>
			 <codeblock>@Override
	public ViewGroup onCreateView(LayoutInflater inflater, ViewGroup container,
			Bundle savedInstanceState) {
		_viewGroup = (ViewGroup) inflater.inflate(
				R.layout.fragment_player, container, false);
		return _viewGroup;
	}</codeblock>
		  </li>
		  <li id="li_DEC2FBAA09A84155AC6EA1BBCFC1BDC8">Place a view of 
			 <codeph>mediaPlayer</codeph> inside the frame layout:
			 <codeblock outputclass="syntax java">playerFrame.addView(mediaPlayer.getView());</codeblock>
			 <note>The 
				<codeph>MediaPlayer</codeph> instance
				(<codeph>mediaPlayer</codeph>) is now available and properly configured to
				display video content on the device screen. 
			 </note>
		  </li>
		</ol>
	 </section>
  </conbody>
</concept> 
