<?xml version="1.0" encoding="UTF-8"?>
<!DOCTYPE concept PUBLIC "-//OASIS//DTD DITA Concept//EN" "technicalContent/dtd/concept.dtd">
<concept id="c_psdk_ad-transcoding"
 xmlns:ditaarch="http://dita.oasis-open.org/architecture/2005/"> 
  <title>Repackage incompatible ads using Adobe Creative Repackaging Service (CRS)</title> 
  <shortdesc> Some third-party ads (or creatives) cannot be stitched into the HTTP Live Streaming
		(HLS) content stream because their video format is incompatible with HLS. 
		Primetime ad insertion and TVSDK can optionally attempt to repackage
		incompatible ads into compatible M3U8 videos. </shortdesc> 
  <conbody> 
	 <p>Ads served from various third parties, such as an agency ad server, your
		inventory partner, or an ad network, are often delivered in incompatible
		formats, such as the progressive download MP4 format. 
	 </p> 
	 <p>When TVSDK first encounters an incompatible ad, the player ignores the ad and issues a request
			to the creative repackaging service (CRS), which
			is part of the Primetime ad insertion back end, to repackage the ad
			into a compatible format. CRS attempts to generate
			multiple bit rate M3U8 renditions of the ad and stores these renditions on the Primetime
			Content Delivery Network (CDN). The next time TVSDK receives an ad response that points
			to that ad, the player uses the HLS-compatible M3U8 version from the CDN. </p> 
	 <p>To activate this optional CRS feature, contact your Adobe representative. <note>For 
	 CRS Version 3.0 (and earlier) customers, beginning
				with CRS Version 3.1 the following changes have
				improved both security and performance: <ul id="ul_nky_gwb_mz">
					<li>CRS 3.1 continues with
							<codeph>https:</codeph> if the content being repackaged uses
							<codeph>https:</codeph>. This reduces the potential for some players to
						present unsecure content.</li>
					<li>CRS 3.1 greatly minimizes network calls,
						improving video startup time.</li>
				</ul>
			</note></p> 
	 <p>For more information about CRS, see 
		<xref href="http://help.adobe.com/en_US/primetime/crs/index.html"
		 format="html" scope="external">Creative Packaging Service (CRS)</xref>. 
	 </p> 
  </conbody> 
</concept> 
