<?xml version="1.0" encoding="UTF-8"?>
<!DOCTYPE concept PUBLIC "-//OASIS//DTD DITA Concept//EN" "technicalContent/dtd/concept.dtd">
<concept id="ad-insertion"
 xmlns:ditaarch="http://dita.oasis-open.org/architecture/2005/"> 
  <title>Advertising requirements</title> 
  <shortdesc> You can insert ads in your VOD and live/linear content by using
	 the Adobe Primetime ad decisioning interface. Primetime ad decisioningworks
	 with TVSDK to identify ad opportunities, resolve ads, and insert resolved ads
	 in your video streams. 
  </shortdesc> 
  <conbody> 
	 <section id="section_282A8000A8BF4860A24F0D3F1A19BC9E"> 
		<p>To incorporate ads in your video content, ensure that the advertising
		  and main video content meets the following requirements: 
		</p> 
		<ul id="ul_26CD8E0A639645F88324E4FF0600E759"> 
		  <li id="li_BC0355419A69458EB8211ECBC6820D5F">The advertising content's
			 HLS version cannot be higher than the main content's HLS version. 
		  </li> 
		  <li id="li_07FA79D14B544280B0758215407E25BF">Ads do not have to be
			 multiplexed (with no restrictions), regardless of whether the main content is
			 multiplexed. 
		  </li> 
		</ul> 
	 </section> 
  </conbody> 
</concept> 
