<?xml version="1.0" encoding="UTF-8"?>
<!DOCTYPE concept PUBLIC "-//OASIS//DTD DITA Concept//EN" "technicalContent/dtd/concept.dtd">
<concept id="c_psdk_android_failover-ad-insertion-for-vod"
 xmlns:ditaarch="http://dita.oasis-open.org/architecture/2005/"> 
  <title>Advertising insertion and failover for VOD</title> 
  <shortdesc>The video-on-demand (VOD) ad-insertion process consists of the ad
	 resolving, ad insertion, and ad playback phases. For ad tracking, TVSDK must
	 inform a remote tracking server about the playback progress of each ad. When
	 unexpected situations arise, TVSDK takes appropriate action. 
  </shortdesc> 
  <conbody>
	 <section id="section_5DD3A7DA79E946298BFF829A60202E1C">
		<title>Ad-resolving phase</title>
		<p>TVSDK contacts an ad delivery service, such as Adobe Primetime ad
		  decisioning, and attempts to obtain the primary playlist file that corresponds
		  to the video stream for the ad. During the ad-resolving phase, TVSDK makes an
		  HTTP call to the remote ad-delivery server and parses the server's response. 
		</p>
		<p> TVSDK supports the following types of ad providers: 
		<ul id="ul_496D1DBDB9924C9AAD18B326254F3C1F"> 
		  <li id="li_85CBA090938B4F39B29A6BEFDF3377C6">Metadata ad provider 
			 <p>The ad data is encoded in plain-text JSON files. 
			 </p> 
		  </li> 
		  <li id="li_FC1ECFBDB224403AB47A9897E624FFBD"> Primetime ad decisioning
			 ad provider 
			 <p> TVSDK sends a request, including a set of targeting parameters
				and an asset identification number, to the Primetime ad decisioningback-end
				server. Primetime ad decisioningresponds with a synchronized multimedia
				integration language (SMIL) document that contains the required ad information.
				
			 </p> 
		  </li> 
		  <li id="li_5E4613ECCBBD4BDF959C1E827CB7C22E">Custom ad markers provider
			 
			 <p>Handles the situation where ads are burned into the stream, from
				the server side. TVSDK does not perform the actual ad insertion, but it needs
				to keep track of the ads that were inserted on the server side. This provider
				sets the ad markers that TVSDK uses to perform the ad tracking. 
			 </p> 
		  </li> 
		</ul> 
		</p>
		<p>One of the following failover situations can occur during this phase: 
		<ul id="ul_A895B72F53E64D108ABB54F74915B0FE"> 
		  <li id="li_BB40EF88C58D4488AA19BD10012E6085">The data cannot be
			 retrieved because, for example, of the lack of connectivity or a server-side
			 error, such as a resource cannot be found, and so on. 
		  </li> 
		  <li id="li_D8148CDA20BF4CC8B4AE1B54B9489750">The data was retrieved,
			 but the format is invalid. 
			 <p>This might occur because, for example, the parsing of the inbound
				data failed. 
			 </p> 
		  </li> 
		</ul> 
		</p>
		<p> TVSDK issues a warning notification about the error and continues
		  processing. 
		</p>
	 </section>
	 <section id="section_29F7F7756C8B40B99AD4C3DD16B72B5B">
		<title>Ad-insertion phase</title>
		<p>TVSDK inserts the alternate content (ads) into the timeline that
		  corresponds to the main content.
		</p>
		<p>When the ad-resolving phase is complete, TVSDK has an ordered list of
		  ad resources that are grouped into ad breaks. Each ad break is positioned on
		  the main content timeline by using a start-time value that is expressed in
		  milliseconds (ms). Each ad in an ad break has a duration property that is also
		  expressed in ms. The ads in an ad break are chained, and as a result, the
		  duration of an ad break is equal to the sum of the durations of the individual
		  composing ads. 
		</p> 
		<p>Failover can occur in this phase with conflicts that might occur on
		  the timeline during ad insertion. For specific combinations of ad break
		  start-time/duration values, ad segments might overlap. This overlap occurs when
		  the last portion of an ad break intersects the beginning of the first ad in the
		  next ad break. In these situations, TVSDK discards the later ad break and
		  continues the ad-insertion process with the next item on the list until all ad
		  breaks are inserted or discarded. 
		</p> 
		<p>TVSDK issues a warning notification about the error and continues
		  processing. 
		</p>
	 </section>
	 <section id="section_DA816F88AF8A4A5A8FD0DE2D54A86031">
		<title>Ad-playback phase</title>
		<p>TVSDK downloads the ad segments and renders them on the device's
		  screen.
		</p>
		<p>Now, TVSDK has resolved ads, positioned the ads on the timeline, and
		  attempts to render the content on the screen. 
		</p> 
		<p>The following main classes of errors might occur during the following
		  phases: 
		<ul id="ul_0A3733247EBC4862ACC716824C2493B6"> 
		  <li id="li_9C53D0CBAF05410F977D7EBCB0B8EBC3">When connecting to the
			 host server. 
		  </li> 
		  <li id="li_6A8345EE32CB49D889ACD14856E8EB63">When downloading the
			 manifest file. 
		  </li> 
		  <li id="li_05C4E2733AD9486FBE82C9E3CFD32684">When downloading the media
			 segments. 
		  </li> 
		</ul> 
		</p> 
		<p>TVSDK forwards the triggered events to your application, including
		  notification events that are triggered when: 
		<ul id="ul_8E08713DF63E4B07B0A82FCA8CE56877"> 
		  <li id="li_BD44F4CF59BE4D3B9229664D6BB833A4">A failover happens. 
		  </li> 
		  <li id="li_73F6E611974E40AB90CCBC6BACF76C98">The profile is changed
			 because of the failover algorithm. 
		  </li> 
		  <li id="li_A56C48379CF44373A4B19027619D581A">All failover options have
			 been considered, and no additional action can be taken automatically. 
			 <p>Your application needs to take the appropriate action. 
			 </p> 
		  </li> 
		</ul> 
		</p> 
		<p>Regardless of whether errors occur, TVSDK calls 
		  <codeph>onAdBreakComplete</codeph> for each 
		  <codeph>onAdBreakStart</codeph> and 
		  <codeph>onAdComplete</codeph> for every 
		  <codeph>onAdStart</codeph>. However, if segments could not be
		  downloaded, there might be gaps in the timeline. When the gaps are large
		  enough, the values in the playhead position and the reported ad progress might
		  exhibit discontinuities. 
		</p>
	 </section>
  </conbody>
</concept> 
