<?xml version="1.0" encoding="UTF-8"?>
<!DOCTYPE reference PUBLIC "-//OASIS//DTD DITA Reference//EN" "technicalContent/dtd/reference.dtd">
<reference id="mediaplayer-mediaresource-classes"
 xmlns:ditaarch="http://dita.oasis-open.org/architecture/2005/"> 
  <title>MediaPlayer and MediaResource classes</title> 
  <shortdesc>A 
	 <codeph>MediaResource</codeph> represents the content that is about to be
	 loaded by the 
	 <codeph>MediaPlayer</codeph> instance. 
  </shortdesc> 
  <refbody> 
	 <section id="section_431AB7221E0249BF949EC72EEB9B428A"> 
		<p>TVSDK provides the means to load and prepare content for
				playback by using the <codeph>replaceCurrentResource</codeph> method in
					<codeph>MediaPlayer</codeph>. This method takes two arguments, an instance of
					<codeph>MediaPlayerResource</codeph> and, optionally, an instance of
					<codeph>MediaPlayerItemConfig</codeph>, which you can use to pass
				application-defined custom parameters. </p>
		<p>
		<ul id="ul_7CA4DB12D47449F8816B86DF1E4972D7">
		  <li id="li_E2BB484478FB4FC8942A08C468A583EF">For more details see 
			 <xref keyref="mediaplayer-reuse-or-remove"/>. 
		  </li>
		  <li id="li_E48A74A615D741248B985931D34B070D">For details of 
			 <codeph>MediaPlayerResource</codeph>, see 
			 <xref keyref="media-resource-create"/>
		  </li>
		</ul>
		</p> 
	 </section> 
  </refbody> 
</reference> 
