<?xml version="1.0" encoding="UTF-8"?>
<!DOCTYPE task PUBLIC "-//OASIS//DTD DITA Task//EN" "task.dtd">
<task id="t_psdk_mark-ranges-android"> 
  <title>Mark ranges</title> 
  <shortdesc>You can designate time intervals in VOD content as ad breaks. 
  </shortdesc> 
  <taskbody> 
	 <context id="context_1E98D90CA9984C328A14A410DAEB2556"> 
		<p>The 
		  <codeph>TimeRanges</codeph> between the 
		  <codeph>begin</codeph> and 
		  <codeph>end</codeph> in 
		  <codeph>localTime</codeph> will be marked as an 
		  <codeph>AdBreak</codeph> in the timeline. Other ad settings are
		  ignored. 
		</p> 
		<note type="tip">If you want to only mark certain ranges in the content
		  as ads, with no dynamic ad insertion, create a 
		  <codeph>CustomRangeMetadata</codeph> instance, and specify the type as
		  a 
		  <codeph>MARK</codeph> operation with the defined custom ranges. 
		</note> 
	 </context> 
	 <steps id="steps_006CEEF95F314F45AEE72A4AAAB0186E"> 
		<step id="step_968765EC87B24BB2ABF1B1C32E2DA56A"> 
		  <cmd>Tp mark the ranges: 
		  </cmd> 
		  <info> 
			 <codeblock outputclass="syntax json">{   
    "properties": [],
    "stream": {
        "manifests": [
            {
                "url": "http://d398890tia84ty.cloudfront.net/e2e-vod/cloudfront_vod_hls_tos_30fps.m3u8",
                "type": "hls"
            }
        ],
         
    "metadata": {
        "time-ranges": {
                "type": "mark",
            "adjust-seek-position" : true,   
                "time-range-list": [
                  {
                     "begin": 0,
                     "end": 15000
                    },
                  {
                     "begin": 69000,
                     "end": 99000
                    },
                  {
                      "begin": 251000,
                      "end": 281000
                    },
                  {
                      "begin": 514000,
                      "end": 544000
                    }
                 ]
 
              }
         }           
    },   
    "title": "VOD - MARK TimeRanges and no ads",
    "thumbnail": {
        "large": "http://example.com",
        "small": "http://example.com"
       },
    "type": "vod",
    "id": "vod_004"
}</codeblock> 
		  </info> 
		</step> 
	 </steps> 
  </taskbody> 
</task> 
