<?xml version="1.0" encoding="UTF-8"?>
<!DOCTYPE task PUBLIC "-//OASIS//DTD DITA Task//EN" "technicalContent/dtd/task.dtd">
<task id="control-closed-caption-visibility"
 xmlns:ditaarch="http://dita.oasis-open.org/architecture/2005/"> 
  <title>Control closed-caption visibility</title> 
  <shortdesc>You can control the visibility of closed captions. When visibility
	 has been enabled, the currently selected track is displayed. If you change
	 which track is current, the visibility setting remains the same. 
  </shortdesc> 
  <taskbody> 
	 <context id="context_637FE88D58304D8FBC3264379777C9E7"> 
		<note type="tip"> If closed caption text is displayed when the player enters seek mode, the text
				no longer displays after the seek completes. Instead, after a few seconds, TVSDK
				displays the next closed caption text in the video after the ending seek position.
					<p>The visibility values for closed captions are defined in
						<codeph>MediaPlayer.Visibility</codeph>.
					<codeblock outputclass="syntax java">enum Visibility { 
    VISIBLE, 
    INVISIBLE
}</codeblock>
				</p>
			</note> 
	 </context> 
	 <steps id="steps_4C498A32813E455E84CE1C0C93AFFC70"> 
		<step id="step_48096F65D9AF449385EDACFD1DF33414">
				<cmd>Wait for the <codeph>MediaPlayer</codeph> to be in at least the PREPARED
					status. </cmd>
				<info>For more information, see <xref keyref="ui-state-prepared-wait-for"/>. </info>
			</step> 
		<step id="step_71CC8F92F77B4BB89AA52C2A5ACF3DF9">
				<cmd>To get the current visibility setting for closed captions, use the getter
					method in <codeph>MediaPlayer</codeph>, which returns a visibility value. </cmd>
				<info>
					<codeblock outputclass="syntax java">MediaPlayer.Visibility getCCVisibility() throws MediaPlayerException;</codeblock>
				</info>
			</step> 
		<step id="step_31753DA8E8534A1DA6F3313569AB5A8C"> 
		  <cmd>To change the visibility for closed captions, use the setter
			 method, passing a visibility value from 
			 <codeph>MediaPlayer.Visibility</codeph>. 
		  </cmd> 
		  <info>For example:
					<codeblock outputclass="syntax java">mediaPlayer.setCCVisibility(MediaPlayer.Visibility visibility);</codeblock>
				</info> 
		</step> 
	 </steps> 
  </taskbody> 
</task> 
