<?xml version="1.0" encoding="UTF-8"?>
<!DOCTYPE task PUBLIC "-//OASIS//DTD DITA Task//EN" "task.dtd">
<task id="t_psdk_delete_ranges_with_aud_ad_android"> 
  <title>Delete ranges </title> 
  <shortdesc>You can remove 
	 <codeph>TimeRanges</codeph> between 
	 <codeph>begin</codeph> and 
	 <codeph>end</codeph> in 
	 <codeph>localTime</codeph> from the timeline. 
  </shortdesc> 
  <taskbody> 
	 <context id="context_79EB0C40CB3D485BAF91E7FA9CEEE5E3"> 
		<note type="tip">To only remove certain ranges from the content, create a
		  
		  <codeph>CustomRangeMetadata</codeph> instance and specify the type as a
		  
		  <codeph>DELETE</codeph> operation with the defined custom ranges. 
		</note> 
		<p>The ad map must be used as defined by the ad server.
		</p>
	 </context> 
	 <steps id="steps_2ADAE2EA7B76488C9E49083FE75EDF0C"> 
		<step id="step_67D2FB54BCEC4908B7A15710349E7238"> 
		  <cmd>To delete ranges with an 
			 Adobe Primetime ad decisioning
			 ad:
		  </cmd> 
		  <info> 
			 <codeblock outputclass="syntax json">{   
    "properties": [],
    "stream": {
        "manifests": [
            {
                "url": "http://d398890tia84ty.cloudfront.net/e2e-vod/cloudfront_vod_hls_tos_30fps.m3u8",
                "type": "hls"
            }
        ],
        "metadata": {
            "time-ranges": {
                "type": "delete",
                "time-range-list": [
                    {
                        "begin": 0,
                        "end": 20000
                    },
                    {
                        "begin": 69000,
                        "end": 99000
                    },
                    {
                        "begin": 251000,
                        "end": 281000
                    },
                    {
                        "begin": 514000,
                        "end": 544000
                    }
                ]
            },
            "ad": {
                "targeting": [
                    {
                        "value": "MulAdsAvail12346",
                        "key": "osmfKeyMulAdsAvail12346"
                    }
                ],
                "domain": "sandbox2.auditude.com",
                "mediaid": "psdk_000105",
                "zoneid": "121781"
            }     
        }
    },   
    "title": "VOD - DELETE TimeRange with xm-replace_text Phrase Ads",
    "thumbnail": {
        "large": "http://example.com",
        "small": "http://example.com"
    },
    "type": "vod",
    "id": "vod_003"
},
</codeblock> 
		  </info> 
		</step> 
	 </steps> 
  </taskbody> 
</task> 
