<?xml version="1.0" encoding="UTF-8"?>
<!DOCTYPE reference PUBLIC "-//OASIS//DTD DITA Reference//EN" "technicalContent/dtd/reference.dtd">
<reference
 id="r_psdk_android_mediaplayer-playbackeventlistener"
 xmlns:ditaarch="http://dita.oasis-open.org/architecture/2005/"> 
  <title>Events</title> 
  <shortdesc>TVSDK notifies you when events, to which your
		application must respond, occur. Each event corresponds to a listener class, with a callback
		method that you must implement. </shortdesc> 
  <refbody> 
	 <refsyn id="refsyn_DF3FA3F1665A444787A5C47B28F8D878"> 
		<note type="tip">The event codes are the constants of the 
		  <codeph>MediaPlayerEvent</codeph> enum. 
		</note> 
	 </refsyn> 
	 <section id="section_D7A74A4EACA44E54806D040491B7D879"> 
		<title><codeph>AdBreakCompletedEventListener</codeph></title> 
		<dl> 
		  <dlentry> 
			 <dt>Meaning 
			 </dt> 
			 <dd>The playback of the ad break is complete. 
			 </dd> 
		  </dlentry> 
		  <dlentry> 
			 <dt>Callback to implement 
			 </dt> 
			 <dd><codeph>onAdBreakCompleted(AdBreakPlaybackEvent event)</codeph> 
			 </dd> 
		  </dlentry> 
		  <dlentry> 
			 <dt>Event code 
			 </dt> 
			 <dd><codeph>AD_BREAK_COMPLETE</codeph> 
			 </dd> 
		  </dlentry> 
		</dl> 
	 </section> 
	 <section id="section_7AE5442442484F45B521D3309691C59C"> 
		<title><codeph>AdBreakSkippedEventListener</codeph></title> 
		<dl> 
		  <dlentry> 
			 <dt>Meaning 
			 </dt> 
			 <dd>An ad break was skipped during playback. 
			 </dd> 
		  </dlentry> 
		  <dlentry> 
			 <dt>Callback to implement 
			 </dt> 
			 <dd><codeph>onAdBreakSkipped(AdBreakPlaybackEvent event)</codeph> 
			 </dd> 
		  </dlentry> 
		  <dlentry> 
			 <dt>Event code 
			 </dt> 
			 <dd><codeph>AD_BREAK_SKIPPED</codeph> 
			 </dd> 
		  </dlentry> 
		</dl> 
	 </section> 
	 <section id="section_0D50327621164E3A9C8F3337AA20BDE7"> 
		<title><codeph>AdBreakStartedEventListener</codeph></title> 
		<dl> 
		  <dlentry> 
			 <dt>Meaning 
			 </dt> 
			 <dd>The playback of ad break has started. 
			 </dd> 
		  </dlentry> 
		  <dlentry> 
			 <dt>Callback to implement 
			 </dt> 
			 <dd><codeph>onAdBreakStarted(AdBreakPlaybackEvent event)</codeph> 
			 </dd> 
		  </dlentry> 
		  <dlentry> 
			 <dt>Event code 
			 </dt> 
			 <dd><codeph>AD_BREAK_START</codeph> 
			 </dd> 
		  </dlentry> 
		</dl> 
	 </section> 
	 <section id="section_9A6FD39EEDE0460B94FD074B5C2FB9BE"> 
		<title><codeph>AdClickedEventListener 
		  </codeph></title> 
		<dl> 
		  <dlentry> 
			 <dt>Meaning 
			 </dt> 
			 <dd>An ad was clicked during playback. 
			 </dd> 
		  </dlentry> 
		  <dlentry> 
			 <dt>Callback to implement 
			 </dt> 
			 <dd><codeph>onAdClicked(AdClickEvent event)</codeph> 
			 </dd> 
		  </dlentry> 
		  <dlentry> 
			 <dt>Event code 
			 </dt> 
			 <dd><codeph>AD_CLICK</codeph> 
			 </dd> 
		  </dlentry> 
		</dl> 
	 </section> 
	 <section id="section_D45EA0B1825145259EAC50A3E6B24BFC"> 
		<title><codeph>AdCompletedEventListener</codeph></title> 
		<dl> 
		  <dlentry> 
			 <dt>Meaning 
			 </dt> 
			 <dd>The playback of the ad is complete. 
			 </dd> 
		  </dlentry> 
		  <dlentry> 
			 <dt>Callback to implement 
			 </dt> 
			 <dd><codeph>onAdCompleted(AdPlaybackEvent event)</codeph> 
			 </dd> 
		  </dlentry> 
		  <dlentry> 
			 <dt>Event code 
			 </dt> 
			 <dd><codeph>AD_COMPLETE</codeph> 
			 </dd> 
		  </dlentry> 
		</dl> 
	 </section> 
	 <section id="section_C26ACC4B941942B0A24DB06585EF52AB"> 
		<title><codeph>AdProgressEventListener</codeph></title> 
		<dl> 
		  <dlentry> 
			 <dt>Meaning 
			 </dt> 
			 <dd>Reporting progress during playback. 
			 </dd> 
		  </dlentry> 
		  <dlentry> 
			 <dt>Callback to implement 
			 </dt> 
			 <dd><codeph>onAdProgress(AdPlaybackEvent event)</codeph> 
			 </dd> 
		  </dlentry> 
		  <dlentry> 
			 <dt>Event code 
			 </dt> 
			 <dd><codeph>AD_PROGRESS</codeph> 
			 </dd> 
		  </dlentry> 
		</dl> 
	 </section> 
	 <section id="section_E9D545408CBA448EA2A8606DA629FB0B"> 
		<title><codeph>AdResolutionCompleteEventListener</codeph></title> 
		<dl> 
		  <dlentry> 
			 <dt>Meaning 
			 </dt> 
			 <dd>Primetime ad decisioningad resolution is
				complete. This event is only applicable to VOD content. 
			 </dd> 
		  </dlentry> 
		  <dlentry> 
			 <dt>Callback to implement 
			 </dt> 
			 <dd><codeph>onAdResolutionComplete()</codeph> 
			 </dd> 
		  </dlentry> 
		  <dlentry> 
			 <dt>Event code 
			 </dt> 
			 <dd><codeph>AD_RESOLUTION_COMPLETE</codeph> 
			 </dd> 
		  </dlentry> 
		</dl> 
	 </section> 
	 <section id="section_A4339C48F82640A8AF4AF09CB3B33188"> 
		<title><codeph>AdStartedEventListener</codeph></title> 
		<dl> 
		  <dlentry> 
			 <dt>Meaning 
			 </dt> 
			 <dd>The playback of the ad has started. 
			 </dd> 
		  </dlentry> 
		  <dlentry> 
			 <dt>Callback to implement 
			 </dt> 
			 <dd><codeph>onAdStarted(AdPlaybackEvent event)</codeph> 
			 </dd> 
		  </dlentry> 
		  <dlentry> 
			 <dt>Event code 
			 </dt> 
			 <dd><codeph>AD_START</codeph> 
			 </dd> 
		  </dlentry> 
		</dl> 
	 </section> 
	 <section id="section_06E1A9F683E1411081CFC6BD30C3B669"> 
		<title><codeph>AudioUpdatedEventListener</codeph></title> 
		<dl> 
		  <dlentry> 
			 <dt>Meaning 
			 </dt> 
			 <dd>A new audio track has been detected. 
			 </dd> 
		  </dlentry> 
		  <dlentry> 
			 <dt>Callback to implement 
			 </dt> 
			 <dd><codeph>onAudioUpdated(MediaPlayerItemEvent event)</codeph> 
			 </dd> 
		  </dlentry> 
		  <dlentry> 
			 <dt>Event code 
			 </dt> 
			 <dd><codeph>AUDIO_TRACK_UPDATED</codeph> 
			 </dd> 
		  </dlentry> 
		</dl> 
	 </section> 
	 <section id="section_F8378841149A4801867ADDC7C0A98C57"> 
		<title><codeph>BufferingBeginEventListener</codeph></title> 
		<dl> 
		  <dlentry> 
			 <dt>Meaning 
			 </dt> 
			 <dd>The player has started buffering. 
			 </dd> 
		  </dlentry> 
		  <dlentry> 
			 <dt>Callback to implement 
			 </dt> 
			 <dd><codeph>onBufferingBegin(BufferEvent event)</codeph> 
			 </dd> 
		  </dlentry> 
		  <dlentry> 
			 <dt>Event code 
			 </dt> 
			 <dd><codeph>BUFFERING_BEGIN</codeph> 
			 </dd> 
		  </dlentry> 
		</dl> 
	 </section> 
	 <section id="section_9107E0ED59474F11A04E243C6B117E21"> 
		<title><codeph>BufferingEndEventListener</codeph></title> 
		<dl> 
		  <dlentry> 
			 <dt>Meaning 
			 </dt> 
			 <dd>The player has stopped buffering. 
			 </dd> 
		  </dlentry> 
		  <dlentry> 
			 <dt>Callback to implement 
			 </dt> 
			 <dd><codeph>onBufferingEnd(BufferEvent event)</codeph> 
			 </dd> 
		  </dlentry> 
		  <dlentry> 
			 <dt>Event code 
			 </dt> 
			 <dd><codeph>BUFFERING_END</codeph> 
			 </dd> 
		  </dlentry> 
		</dl> 
	 </section> 
	 <section id="section_F6BFDF525D8B41B7B6E0EFCCE3065811"> 
		<title><codeph>BufferPreparedEventListener</codeph></title> 
		<dl> 
		  <dlentry> 
			 <dt>Meaning 
			 </dt> 
			 <dd>The buffer is prepared. 
			 </dd> 
		  </dlentry> 
		  <dlentry> 
			 <dt>Callback to implement 
			 </dt> 
			 <dd><codeph>onBufferPrepared()</codeph> 
			 </dd> 
		  </dlentry> 
		  <dlentry> 
			 <dt>Event code 
			 </dt> 
			 <dd><codeph>BUFFER_PREPARED</codeph> 
			 </dd> 
		  </dlentry> 
		</dl> 
	 </section> 
	 <section id="section_048BB128ADB747519F02DEDDD1C88B86"> 
		<title><codeph>CaptionsUpdatedEventListener</codeph></title> 
		<dl> 
		  <dlentry> 
			 <dt>Meaning 
			 </dt> 
			 <dd>A new caption track has been detected. 
			 </dd> 
		  </dlentry> 
		  <dlentry> 
			 <dt>Callback to implement 
			 </dt> 
			 <dd><codeph>onCaptionsUpdated(MediaPlayerItemEvent event)</codeph> 
			 </dd> 
		  </dlentry> 
		  <dlentry> 
			 <dt>Event code 
			 </dt> 
			 <dd><codeph>CAPTIONS_UPDATED</codeph> 
			 </dd> 
		  </dlentry> 
		</dl> 
	 </section> 
	 <section id="section_CB55064D305A40D5BBAD09A53D63DB95"> 
		<title><codeph>DRMMetadataInfoEventListener</codeph></title> 
		<dl> 
		  <dlentry> 
			 <dt>Meaning 
			 </dt> 
			 <dd>A new DRM metadata has been detected in the media stream. 
			 </dd> 
		  </dlentry> 
		  <dlentry> 
			 <dt>Callback to implement 
			 </dt> 
			 <dd><codeph>onDRMMetadataInfo(DRMMetadataInfoEvent event)</codeph> 
			 </dd> 
		  </dlentry> 
		  <dlentry> 
			 <dt>Event code 
			 </dt> 
			 <dd><codeph>DRM_METADATA</codeph> 
			 </dd> 
		  </dlentry> 
		</dl> 
	 </section> 
	 <section id="section_32A3178664C841008370E8447C978AB2"> 
		<title><codeph>ItemCreatedEventListener</codeph></title> 
		<dl> 
		  <dlentry> 
			 <dt>Meaning 
			 </dt> 
			 <dd>A new media player item has been created. 
			 </dd> 
		  </dlentry> 
		  <dlentry> 
			 <dt>Callback to implement 
			 </dt> 
			 <dd><codeph>onItemCreated(MediaPlayerItemEvent event)</codeph> 
			 </dd> 
		  </dlentry> 
		  <dlentry> 
			 <dt>Event code 
			 </dt> 
			 <dd><codeph>ITEM_CREATED</codeph> 
			 </dd> 
		  </dlentry> 
		</dl> 
	 </section> 
	 <section id="section_E29A3D7D2666461599909BD8E8BA46A7"> 
		<title><codeph>ItemLoadCompleteEventListener 
		  </codeph></title> 
		<dl> 
		  <dlentry> 
			 <dt>Meaning 
			 </dt> 
			 <dd>New load information has been created for the current item. 
			 </dd> 
		  </dlentry> 
		  <dlentry> 
			 <dt>Callback to implement 
			 </dt> 
			 <dd><codeph>onLoadComplete(MediaPlayerItemEvent event)</codeph> 
			 </dd> 
		  </dlentry> 
		  <dlentry> 
			 <dt>Event code 
			 </dt> 
			 <dd><codeph>ITEM_UPDATED</codeph> 
			 </dd> 
		  </dlentry> 
		</dl> 
	 </section> 
	 <section id="section_A986AD83F68446B99EAC888F98B39148"> 
		<title><codeph>LoadInformationEventListener</codeph></title> 
		<dl> 
		  <dlentry> 
			 <dt>Meaning 
			 </dt> 
			 <dd>A new segment has been loaded. 
			 </dd> 
		  </dlentry> 
		  <dlentry> 
			 <dt>Callback to implement 
			 </dt> 
			 <dd><codeph>onLoadInformation(LoadInformationEvent event)</codeph> 
			 </dd> 
		  </dlentry> 
		  <dlentry> 
			 <dt>Event code 
			 </dt> 
			 <dd><codeph>LOAD_INFORMATION_AVAILABLE</codeph> 
			 </dd> 
		  </dlentry> 
		</dl> 
	 </section> 
	 <section id="section_73709D121CED48C1B38550135DA55548"> 
		<title><codeph>MainManifestUpdatedEventListener</codeph></title> 
		<dl> 
		  <dlentry> 
			 <dt>Meaning 
			 </dt> 
			 <dd>The main manifest or playlist has been updated. 
			 </dd> 
		  </dlentry> 
		  <dlentry> 
			 <dt>Callback to implement 
			 </dt> 
			 <dd><codeph>onMainManifestUpdated(MediaPlayerItemEvent
				  event)</codeph> 
			 </dd> 
		  </dlentry> 
		  <dlentry> 
			 <dt>Event code 
			 </dt> 
			 <dd><codeph>MANIFEST_UPDATED</codeph> 
			 </dd> 
		  </dlentry> 
		</dl> 
	 </section> 
	 <section id="section_E8F27B979D374B5D8EA184E23BC17E43"> 
		<title><codeph>NotificationEventListener 
		  </codeph></title> 
		<dl> 
		  <dlentry> 
			 <dt>Meaning 
			 </dt> 
			 <dd>The operation has failed. 
			 </dd> 
		  </dlentry> 
		  <dlentry> 
			 <dt>Callback to implement 
			 </dt> 
			 <dd><codeph>onNotification(NotificationEvent event)</codeph> 
			 </dd> 
		  </dlentry> 
		  <dlentry> 
			 <dt>Event code 
			 </dt> 
			 <dd><codeph>OPERATION_FAILED</codeph> 
			 </dd> 
		  </dlentry> 
		</dl> 
	 </section> 
	 <section id="section_9072862D7EB842AEA3094DAF911CDF7F"> 
		<title><codeph>PlaybackRangeUpdatedEventListener</codeph></title> 
		<dl> 
		  <dlentry> 
			 <dt>Meaning 
			 </dt> 
			 <dd>The playback range has been updated. 
			 </dd> 
		  </dlentry> 
		  <dlentry> 
			 <dt>Callback to implement 
			 </dt> 
			 <dd><codeph>onPlaybackRangeUpdated(MediaPlayerItemEvent
				  event)</codeph> 
			 </dd> 
		  </dlentry> 
		  <dlentry> 
			 <dt>Event code 
			 </dt> 
			 <dd><codeph>PLAYBACK_RANGE_UPDATED</codeph> 
			 </dd> 
		  </dlentry> 
		</dl> 
	 </section> 
	 <section id="section_548A489ABED44F89BDF29DB9EDD348C5"> 
		<title><codeph>PlaybackRatePlayingEventListener</codeph></title> 
		<dl> 
		  <dlentry> 
			 <dt>Meaning 
			 </dt> 
			 <dd>A new playback rate is visible on the screen. 
			 </dd> 
		  </dlentry> 
		  <dlentry> 
			 <dt>Callback to implement 
			 </dt> 
			 <dd><codeph>onRatePlaying(PlaybackRateEvent event)</codeph> 
			 </dd> 
		  </dlentry> 
		  <dlentry> 
			 <dt>Event code 
			 </dt> 
			 <dd><codeph>RATE_PLAYING</codeph> 
			 </dd> 
		  </dlentry> 
		</dl> 
	 </section> 
	 <section id="section_B303BAAFA6D14C1599AD3D7D79D722DD"> 
		<title><codeph>PlaybackRateSelectedEventListener</codeph></title> 
		<dl> 
		  <dlentry> 
			 <dt>Meaning 
			 </dt> 
			 <dd>The MediaPlayer's rate attribute has been set. 
			 </dd> 
		  </dlentry> 
		  <dlentry> 
			 <dt>Callback to implement 
			 </dt> 
			 <dd><codeph>onRateSelected(PlaybackRateEvent event)</codeph> 
			 </dd> 
		  </dlentry> 
		  <dlentry> 
			 <dt>Event code 
			 </dt> 
			 <dd><codeph>RATE_SELECTED</codeph> 
			 </dd> 
		  </dlentry> 
		</dl> 
	 </section> 
	 <section id="section_1D54CAE387B243679348A26E65B6A3FD"> 
		<title><codeph>PlayStartEventListener</codeph></title> 
		<dl> 
		  <dlentry> 
			 <dt>Meaning 
			 </dt> 
			 <dd>The playback has started. 
			 </dd> 
		  </dlentry> 
		  <dlentry> 
			 <dt>Callback to implement 
			 </dt> 
			 <dd><codeph>onPlayStart()</codeph> 
			 </dd> 
		  </dlentry> 
		  <dlentry> 
			 <dt>Event code 
			 </dt> 
			 <dd><codeph>PLAY_START</codeph> 
			 </dd> 
		  </dlentry> 
		</dl> 
	 </section> 
	 <section id="section_EEDF08916D1D40509E64EC180F143C9A"> 
		<title><codeph>ProfileChangeEventListener</codeph></title> 
		<dl> 
		  <dlentry> 
			 <dt>Meaning 
			 </dt> 
			 <dd>The MediaPlayer's current profile has changed. 
			 </dd> 
		  </dlentry> 
		  <dlentry> 
			 <dt>Callback to implement 
			 </dt> 
			 <dd><codeph>onProfileChanged(ProfileEvent event)</codeph> 
			 </dd> 
		  </dlentry> 
		  <dlentry> 
			 <dt>Event code 
			 </dt> 
			 <dd><codeph>PROFILE_CHANGED</codeph> 
			 </dd> 
		  </dlentry> 
		</dl> 
	 </section> 
	 <section id="section_31677E931F154E7E86D725B2B046065C"> 
		<title><codeph>ReservationReachedEventListener</codeph></title> 
		<dl> 
		  <dlentry> 
			 <dt>Meaning 
			 </dt> 
			 <dd>Playback reached a timeline reservation. 
			 </dd> 
		  </dlentry> 
		  <dlentry> 
			 <dt>Callback to implement 
			 </dt> 
			 <dd><codeph>onReservationReached(ReservationEvent event)</codeph> 
			 </dd> 
		  </dlentry> 
		  <dlentry> 
			 <dt>Event code 
			 </dt> 
			 <dd><codeph>RESERVATION_REACHED</codeph> 
			 </dd> 
		  </dlentry> 
		</dl> 
	 </section> 
	 <section id="section_749E02ED2B1647438F50224C85260A1D"> 
		<title><codeph>SeekBeginEventListener</codeph></title> 
		<dl> 
		  <dlentry> 
			 <dt>Meaning 
			 </dt> 
			 <dd>Seek operation started. 
			 </dd> 
		  </dlentry> 
		  <dlentry> 
			 <dt>Callback to implement 
			 </dt> 
			 <dd><codeph>onSeekBegin(SeekEvent event)</codeph> 
			 </dd> 
		  </dlentry> 
		  <dlentry> 
			 <dt>Event code 
			 </dt> 
			 <dd><codeph>SEEK_BEGIN</codeph> 
			 </dd> 
		  </dlentry> 
		</dl> 
	 </section> 
	 <section id="section_4F70BAD695AF4717B2254D9DBA1071E4"> 
		<title><codeph>SeekEndEventListener</codeph></title> 
		<dl> 
		  <dlentry> 
			 <dt>Meaning 
			 </dt> 
			 <dd> The seek operation has finished. 
			 </dd> 
		  </dlentry> 
		  <dlentry> 
			 <dt>Callback to implement 
			 </dt> 
			 <dd><codeph>onSeekEnd(SeekEvent event)</codeph> 
			 </dd> 
		  </dlentry> 
		  <dlentry> 
			 <dt>Event code 
			 </dt> 
			 <dd><codeph>SEEK_END</codeph> 
			 </dd> 
		  </dlentry> 
		</dl> 
	 </section> 
	 <section id="section_01F89B73DBB84BEBBA60D820BF5FAC9A"> 
		<title><codeph>SeekPositionAdjustedEventListener</codeph></title> 
		<dl> 
		  <dlentry> 
			 <dt>Meaning 
			 </dt> 
			 <dd>The seek position has been adjusted because of internal playback
				rules or external business rules. 
			 </dd> 
		  </dlentry> 
		  <dlentry> 
			 <dt>Callback to implement 
			 </dt> 
			 <dd><codeph>onPositionAdjusted(SeekEvent event)</codeph> 
			 </dd> 
		  </dlentry> 
		  <dlentry> 
			 <dt>Event code 
			 </dt> 
			 <dd><codeph>SEEK_POSITION_ADJUSTED</codeph> 
			 </dd> 
		  </dlentry> 
		</dl> 
	 </section> 
	 <section id="section_90DF6565E59B44B19338A7B89D53BBBF"> 
		<title><codeph>SizeAvailableEventListener</codeph></title> 
		<dl> 
		  <dlentry> 
			 <dt>Meaning 
			 </dt> 
			 <dd>The size of the media is available. 
			 </dd> 
		  </dlentry> 
		  <dlentry> 
			 <dt>Callback to implement 
			 </dt> 
			 <dd><codeph>onSizeAvailable(SizeAvailableEvent event)</codeph> 
			 </dd> 
		  </dlentry> 
		  <dlentry> 
			 <dt>Event code 
			 </dt> 
			 <dd><codeph>SIZE_AVAILABLE</codeph> 
			 </dd> 
		  </dlentry> 
		</dl> 
	 </section> 
	 <section id="section_310D2327089D46358F9CE03EA76F3287"> 
		<title><codeph>StatusChangeEventListener 
		  </codeph></title> 
		<dl> 
		  <dlentry> 
			 <dt>Meaning 
			 </dt> 
			 <dd>The MediaPlayer state has changed. 
			 </dd> 
		  </dlentry> 
		  <dlentry> 
			 <dt>Callback to implement 
			 </dt> 
			 <dd><codeph>onStatusChanged(MediaPlayerStatusChangeEvent
				  event)</codeph> 
			 </dd> 
		  </dlentry> 
		  <dlentry> 
			 <dt>Event code 
			 </dt> 
			 <dd><codeph>STATUS_CHANGED</codeph> 
			 </dd> 
		  </dlentry> 
		</dl> 
	 </section> 
	 <section id="section_ED3855BD90124D97836B2D0957AD9E0C"> 
		<title><codeph>TimeChangeEventListener</codeph></title> 
		<dl> 
		  <dlentry> 
			 <dt>Meaning 
			 </dt> 
			 <dd>The playhead has changed. 
			 </dd> 
		  </dlentry> 
		  <dlentry> 
			 <dt>Callback to implement 
			 </dt> 
			 <dd><codeph>onTimeChanged(TimeChangeEvent event)</codeph> 
			 </dd> 
		  </dlentry> 
		  <dlentry> 
			 <dt>Event code 
			 </dt> 
			 <dd><codeph>TIME_CHANGED</codeph> 
			 </dd> 
		  </dlentry> 
		</dl> 
	 </section> 
	 <section id="section_5E62C2C81C3B4F93B46E7518578456EA"> 
		<title><codeph>TimedEventEventListener</codeph></title> 
		<dl> 
		  <dlentry> 
			 <dt>Meaning 
			 </dt> 
			 <dd>The operation is complete with the time taken for the operation. 
			 </dd> 
		  </dlentry> 
		  <dlentry> 
			 <dt>Callback to implement 
			 </dt> 
			 <dd><codeph>onTimedEvent(TimedEventEvent event)</codeph> 
			 </dd> 
		  </dlentry> 
		  <dlentry> 
			 <dt>Event code 
			 </dt> 
			 <dd><codeph>TIMED_EVENT</codeph> 
			 </dd> 
		  </dlentry> 
		</dl> 
	 </section> 
	 <section id="section_7B923C7116154CCFBAE1FCA92C928EB2"> 
		<title><codeph>TimelineMetadataAddedInBackgroundEventListener</codeph></title>
		
		<dl> 
		  <dlentry> 
			 <dt>Meaning 
			 </dt> 
			 <dd> A new timed metadata hsa been added to an item in background. 
			 </dd> 
		  </dlentry> 
		  <dlentry> 
			 <dt>Callback to implement 
			 </dt> 
			 <dd><codeph>onTimedMetadata(TimedMetadataEvent event)</codeph> 
			 </dd> 
		  </dlentry> 
		  <dlentry> 
			 <dt>Event code 
			 </dt> 
			 <dd><codeph>TIMED_METADATA_ADDED_IN_BACKGROUND</codeph> 
			 </dd> 
		  </dlentry> 
		</dl> 
	 </section> 
	 <section id="section_9741EA321ACF403FB8E9AB311BAACDD7"> 
		<title><codeph>TimedMetadataEventListener</codeph></title> 
		<dl> 
		  <dlentry> 
			 <dt>Meaning 
			 </dt> 
			 <dd>A new timed metadata was detected in the media stream. 
			 </dd> 
		  </dlentry> 
		  <dlentry> 
			 <dt>Callback to implement 
			 </dt> 
			 <dd><codeph>onTimedMetadata(TimedMetadataEvent event)</codeph> 
			 </dd> 
		  </dlentry> 
		  <dlentry> 
			 <dt>Event code 
			 </dt> 
			 <dd><codeph>TIMED_METADATA_AVAILABLE</codeph> 
			 </dd> 
		  </dlentry> 
		</dl> 
	 </section> 
	 <section id="section_D0755BD2AF3347C7861395706E31B861"> 
		<title><codeph>TimelineUpdatedEventListener</codeph></title> 
		<dl> 
		  <dlentry> 
			 <dt>Meaning 
			 </dt> 
			 <dd>The timeline has been modified. Ads might have been added to or
				removed from the timeline. 
			 </dd> 
		  </dlentry> 
		  <dlentry> 
			 <dt>Callback to implement 
			 </dt> 
			 <dd><codeph>onTimelineUpdated(TimelineEvent event)</codeph> 
			 </dd> 
		  </dlentry> 
		  <dlentry> 
			 <dt>Event code 
			 </dt> 
			 <dd><codeph>TIMELINE_UPDATED</codeph> 
			 </dd> 
		  </dlentry> 
		</dl> 
	 </section> 
  </refbody> 
</reference> 
