<?xml version="1.0" encoding="UTF-8"?>
<!DOCTYPE concept PUBLIC "-//OASIS//DTD DITA Concept//EN" "technicalContent/dtd/concept.dtd">
<concept id="c_psdk_android_notification-system"
 xmlns:ditaarch="http://dita.oasis-open.org/architecture/2005/"> 
  <title>Notifications and events for player status, activity, errors, and
	 logging</title> 
  <shortdesc>Events and notifications help you manage the asynchronous aspects
	 of the video application.
  </shortdesc> 
  <conbody> 
	 <p><codeph>MediaPlayerStatus</codeph> objects provide information about
		changes in player status. 
		<codeph>Notification</codeph> objects provide information about warnings
		and errors. Errors that stop the playback of the video also cause a change in
		the status of the player. You implement event listeners to capture and respond
		to events (<codeph>MediaPlayerEvent</codeph> objects). 
	 </p>
	 <p>Your application can retrieve notification and status information. Using
		this information, you could also create a logging system for diagnostics and
		validation. 
	 </p> 
	 <section id="section_DF951FF601794CF592841BB7406DC1A1"> 
		<title>Notification content</title> 
		<p><codeph>MediaPlayerNotification</codeph> provides information that is
		  related to the player’s status. 
		</p> 
		<p>TVSDK provides a chronological list of 
		  <codeph>MediaPlayerNotification</codeph> notifications, and each
		  notification contains the following information: 
		<ul id="ul_47BCBEA82C224148B1177E385F239965"> 
		  <li id="li_B7DD9C4B2BD04DBC882400AF517D1E65">A time stamp 
		  </li> 
		  <li id="li_148401F901224C6EA5A7F1438B6940FE">Diagnostic metadata that
			 consists of the following elements: 
			 <ul id="ul_6BBEECB0D14049C4A31860292CDF48D4"> 
				<li id="li_C9F672A2E9AA45FC8E2D7ADD8884CD51"> 
				  <codeph>type</codeph>: INFO, WARN, or ERROR. 
				</li> 
				<li id="li_6D5D3768A3F34735A8EDD38590A85DD2"> 
				  <codeph>code</codeph>: A numerical representation of the
				  notification. 
				</li> 
				<li id="li_E092B80C46744576B8A876A508EFDBE9"> 
				  <codeph>name</codeph>: A human-readable description of the
				  notification, such as SEEK_ERROR 
				</li> 
				<li id="li_F4C1D093985C455CB2BA96E30D28CC65"> 
				  <codeph>metadata</codeph>: Key/value pairs that contain relevant
				  information about the notification. For example, a key named 
				  <codeph>URL</codeph> provides a value that is a URL related to
				  the notification. 
				</li> 
				<li id="li_C4F02747927B475887AC14E9BB65D76F"> 
				  <codeph>innerNotification</codeph>: A reference to another 
				  <codeph>MediaPlayerNotification</codeph> object that directly
				  impacts this notification. 
				</li> 
			 </ul> 
		  </li> 
		</ul> 
		</p> 
		<p>You can store this information locally for later analysis or send it
		  to a remote server for logging and graphical representation. 
		</p> 
	 </section> 
	 <section id="section_9E37C09ECFA54B3DA8D3AA9ED1BAFC17"> 
		<title>Set up your notification system</title> 
		<p>You can listen for notifications. 
		</p> 
		<p> The core of the Primetime Player notification system is the 
		  <codeph>Notification</codeph> class, which represents a standalone
		  notification. 
		</p> 
		<p>To receive notifications, listen for notifications<!-- and add the notifications to the notification history-->
		  as follows: 
		<ol id="ol_678EF1791E914BEDBFC744E8507B942C"> 
		  <li id="li_9D7AD5611F654A7F89BD82BFDA789D5B">Implement the 
			 <codeph>NotificationEventListener.onNotification()</codeph> callback.
			 
		  </li> 
		  <li id="li_7C261D67B2A240A19740A09FC1D401CB">TVSDK passes a 
			 <codeph>NotificationEvent</codeph> object to the callback. 
			 <note>Notifications types are enumerated in the 
				<codeph>Notification.Type</codeph> enum: 
			 </note> 
			 <ul id="ul_gk5_pfb_qz"> 
				<li id="li_64F3FE83F0814CB6B1C151F07919335F"><codeph>ERROR</codeph>
				  
				</li> 
				<li id="li_202EE63C1FB84B768475FB86D22EC2F1"><codeph>INFO</codeph> 
				</li> 
				<li
				 id="li_E7E11F7737AE4039B0768CE5F109BBFD"><codeph>WARNING</codeph> 
				</li> 
			 </ul> 
		  </li> 
		</ol> 
		</p> 
	 </section> 
	 <section id="section_9D4004308CB243AD9B50818895D10005"> 
		<title>Add real-time logging and debugging</title> 
		<p>You can use notifications to implement real-time logging in your video
		  application. 
		</p> 
		<p>The notification system allows you to gather logging and debugging
		  information for diagnostics and validation without stressing the system. 
		</p> 
		<note type="important">The logging back end is not part of a production
		  setup and is not expected to handle high-load traffic. If your implementation
		  does not need to be absolutely complete, consider the efficiency of data
		  transmission to avoid overloading your system. 
		</note> 
		<p>Here is an example of how to retrieve notifications: 
		</p> 
		<ol id="ol_D345C4E87F944F78A56BC316B32AAFB7"> 
		  <li id="li_0D9AE88F4AAD48CEACC0837B4A66C4ED">Create a timer-based
			 execution thread for your video application that periodically queries the data
			 gathered by the TVSDK notification system. 
		  </li> 
		  <li id="li_D871160C5E014B058B63D396786B5695">If the timer's interval is
			 too large, and the size of the event list is too small, the notification event
			 list will overflow. 
			 <note>To avoid this overflow, do one of the following: 
				<ol id="ol_D6D1F813FF8B432B88DD32A5C75D088E"> 
				  <li id="li_FDFDE6E5316A409391A7B698C2F36882">Decrease the time
					 interval that drives the thread that polls for new events. 
				  </li> 
				  <li id="li_FA924A65A88548039D951D544BC023E8">Increase the size of
					 the notification list. 
				  </li> 
				</ol> 
			 </note> 
		  </li> 
		  <li id="li_C29FEDBF94184D1EA664CE7B041773CD">Serialize the latest
			 notification event entries in JSON format and send the entries to a remote
			 server for postprocessing. 
			 <note>The remote server can graphically display the provided data in
				real-time. 
			 </note> 
		  </li> 
		  <li id="li_18AAF3FE8A2B44D8B3F6830B81CBF380">To detect the loss of
			 notification events, look for gaps in the sequence of event index values. 
		  </li> 
		</ol> 
	 </section> 
  </conbody> 
</concept> 
