<?xml version="1.0" encoding="UTF-8"?>
<!DOCTYPE concept PUBLIC "-//OASIS//DTD DITA Concept//EN" "concept.dtd">
<concept id="ad-delete-replace-examples"> 
  <title>Examples to delete and replace ads</title> 
  <shortdesc>Here are some examples of the process to delete and replace ads. 
  </shortdesc> 
  <conbody> 
	 <p>Here is an example of using the <codeph>DELETE_RANGE</codeph>:
			<codeblock outputclass="syntax java">// Assume that the 3 timerange specs are obtained through external means, 
// like a CMS. Assume mediaPlayer is an instance of a properly configured MediaPlayer
// Use these 3 timerange specs to populate the RepaceTimeRange list
List&lt;ReplaceTimeRange&gt; timeRanges = new ArrayList&lt;ReplaceTimeRange&gt;();
timeRanges.add(new ReplaceTimeRange(0,10000, 0));
timeRanges.add(new ReplaceTimeRange(15000,20000, 0));
timeRanges.add(new ReplaceTimeRange(25000,30000, o));

CustomRangeMetadata customRangeMetadata = new CustomRangeMetadata();
customRangeMetadata.setTimeRangeList(timeRanges);
customRangeMetadata.setType(CustomRangeMetadata.CustomRangeType.DELETE_RANGE);

// create a MediaResource instance
MediaResource mediaResource = ... ;

// create a MediaPlayerItemConfig instance
MediaPlayerItemConfig config = 
  new MediaPlayerItemConfig(getActivity().getApplicationContext());

// Set customRangeMetadata
config.setCustomRangeMetadata(customRangeMetadata);

// prepare the content for playback by calling replaceCurrentResource 
mediaPlayer.replaceCurrentResource(mediaResource, config);</codeblock>
		</p> 
	 <p>Here is an example of using the 
		<codeph>REPLACE_RANGE</codeph>: 
		<codeblock outputclass="syntax java">// Assume that the 3 timerange specs are obtained through external means, like
//  a CMS. Assume mediaPlayer is an instance of a properly configured MediaPlayer
// Use these 3 timerange specs to populate the RepaceTimeRange list
List&lt;ReplaceTimeRange&gt; timeRanges = new ArrayList&lt;ReplaceTimeRange&gt;();
timeRanges.add(new ReplaceTimeRange(0,10000, 10000));
timeRanges.add(new ReplaceTimeRange(15000,20000, 20000));
timeRanges.add(new ReplaceTimeRange(25000,30000, 30000));

CustomRangeMetadata customRangeMetadata = new CustomRangeMetadata();
customRangeMetadata.setTimeRangeList(timeRanges);
customRangeMetadata.setType(CustomRangeMetadata.CustomRangeType.REPLACE_RANGE);

// create a MediaResource instance
MediaResource mediaResource = ... ;

// create a MediaPlayerItemConfig instance
MediaPlayerItemConfig config = new MediaPlayerItemConfig(getActivity()
    .getApplicationContext());

// Set Auditude settings, which are used for ad replacement, for this 
//  MediaPlayerItemConfig instance,

...

// Set customRangeMetadata
config.setCustomRangeMetadata(customRangeMetadata);

// prepare the content for playback by calling replaceCurrentResource
mediaPlayer.replaceCurrentResource(mediaResource, config);</codeblock>
	 </p> 
  </conbody> 
</concept> 
