<?xml version="1.0" encoding="UTF-8"?>
<!DOCTYPE reference PUBLIC "-//OASIS//DTD DITA Reference//EN" "technicalContent/dtd/reference.dtd">
<reference id="timerangecollection-class"
 xmlns:ditaarch="http://dita.oasis-open.org/architecture/2005/"> 
  <title>ReplaceTimeRange class</title> 
  <shortdesc>The <codeph>ReplaceTimeRange</codeph> utility class is an extension of the <codeph>TimeRange</codeph> class to be used with <codeph>CustomRangeMetadata</codeph>. </shortdesc> 
  <refbody>
	 <section>
		<codeblock outputclass="syntax java">public class ReplaceTimeRange extends TimeRange {
    // Default constructor method
    public ReplaceTimeRange() { 
        ... 
    }

    // Details of begining, duration and replaceDuration 
    // provided at construction time 
    public ReplaceTimeRange(long begin, long duration, long replaceDuration) { 
        ... 
    }

    // Replace duration
    public long getReplaceDuration() { 
        ... 
    }
}
</codeblock></section>
  </refbody>
</reference> 
