<?xml version="1.0" encoding="UTF-8"?>
<!DOCTYPE task PUBLIC "-//OASIS//DTD DITA Task//EN" "technicalContent/dtd/task.dtd">
<task id="va_access-video-analytics-reports"
 xmlns:ditaarch="http://dita.oasis-open.org/architecture/2005/"> 
  <title>Access video analytics reports</title> 
  <shortdesc> Video analytics reports are routed to the Adobe Analytics
	 reporting platforms. 
  </shortdesc> 
  <taskbody>
	 <context id="context_4AE64982EB784F24842F732857E90FAF">For more information
		on Adobe Analytics set up, see the 
		<xref href="http://microsite.omniture.com/t2/help/en_US/reference/"
		 format="html" scope="external">Adobe Analytics</xref> documentation. 
	 </context> 
	 <steps id="steps_BEE17A05891C4C928D82343F6F2AD659"> 
		<step id="step_91D1912DD16D449DB65FE08C009508AD"> 
		  <cmd>Select the video-tracking enabled RSID. 
		  </cmd> 
		</step> 
		<step id="step_56B777B728654B41A2B015C42B9CB887"> 
		  <cmd>Click 
			 <menucascade><uicontrol>Video</uicontrol><uicontrol>Video
				  Engagement</uicontrol><uicontrol>Video Overview</uicontrol></menucascade>. 
		  </cmd> 
		</step> 
		<step id="step_497960CCE28348E988A958B10F0C0A58"> 
		  <cmd>Select a video clip. 
		  </cmd> 
		</step> 
	 </steps> 
  </taskbody> 
</task> 
