<?xml version="1.0" encoding="UTF-8"?>
<!DOCTYPE concept PUBLIC "-//OASIS//DTD DITA Concept//EN" "technicalContent/dtd/concept.dtd">
<concept id="c_psdk_control-closed-caption-styling"
 xmlns:ditaarch="http://dita.oasis-open.org/architecture/2005/"> 
  <title>Control closed-caption styling</title> 
  <shortdesc> You can provide styling information for closed caption tracks
	 using the 
	 <codeph>TextFormat</codeph> class, which sets the style for closed captions
	 that are displayed by your player. 
  </shortdesc> 
  <conbody> 
	 <p>This class encapsulates closed caption styling information such as the
		font type, size, color, and background opacity. 
	 </p> 
	 <section id="section_C9B5E75C70DD42E59DC4DD0F308C8216">
		<title>Set closed-caption styles</title>
		<p>You can style the closed-caption text with TVSDK methods.
		</p>
		<ol id="ol_E7009C0CFC2C47E4B2EE31A182E9CB83">
		  <li id="li_2E9AA556EEE440C896B4C4A6FD621E0C">Wait for the media player
			 to be in at least the 
			 <codeph>PREPARED</codeph> status. 
		  </li>
		  <li id="li_27CA88599B1241B59EF114B257EDEBD1">Create a 
			 <codeph>TextFormatBuilder</codeph> instance. 
			 <p>You can provide all the closed-caption styling parameters now or
				set them later. 
			 </p>
			 <p>TVSDK encapsulates closed-caption styling information in the 
				<codeph>TextFormat</codeph> interface. The 
				<codeph>TextFormatBuilder</codeph> class creates objects that
				implement this interface. 
			 </p>
			 <codeblock outputclass="syntax java">public TextFormatBuilder(
   TextFormat.Font font,
   TextFormat.Size size,
   TextFormat.FontEdge fontEdge,
   java.lang.String fontColor,
   java.lang.String backgroundColor,
   java.lang.String fillColor,
   java.lang.String edgeColor,
   int fontOpacity,
   int backgroundOpacity,
   int fillOpacity
   java.lang.String bottomInset,
   java.lang.String safeArea)</codeblock>
		  </li>
		  <li id="li_2FBE1E96F2124EDD86212F09854ADA86">To obtain a reference to
			 an object that implements the 
			 <codeph>TextFormat</codeph> interface, call the 
			 <codeph>TextFormatBuilder.toTextFormat</codeph> public method. 
			 <note>This returns a 
				<codeph>TextFormat</codeph> object that can be applied to the media
				player. 
			 </note>
			 <codeblock outputclass="syntax java">public TextFormat toTextFormat()</codeblock>
		  </li>
		  <li id="li_DE33627D735B4A1CA0FC5274A3A7F2A2">Optionally get the current
			 closed-caption style settings by doing one of the following: 
			 <ul id="ul_D15762D1A62D4E57BED058F01AFCC887">
				<li id="li_8481FBCF450F41009027A05970EBB628">Get all the style
				  settings with 
				  <codeph>MediaPlayer.getCCStyle</codeph>
				  <p>The return value is an instance of the 
					 <codeph>TextFormat</codeph> interface. 
					 <codeblock outputclass="syntax java">/**
* @return the current closed captioning style. 
* If no style was previously set, it returns a TextFormat object
* with default values for each attribute.
* @throws MediaPlayerException if media player was already released.
*/
public TextFormat getCCStyle() throws MediaPlayerException;</codeblock> 
				  </p>
				</li>
				<li id="li_61D0243973A4461BA1B5F4478D13A758">Get the settings one
				  at a time through the 
				  <codeph>TextFormat</codeph> interface getter methods. 
				  <codeblock outputclass="syntax java">public java.lang.String getFontColor();
public java.lang.String getBackgroundColor();
public java.lang.String getFillColor(); // retrieve the font fill color
public java.lang.String getEdgeColor(); // retrieve the font edge color
public TextFormat.Size getSize(); // retrieve the font size
public TextFormat.FontEdge getFontEdge(); // retrieve the font edge type
public TextFormat.Font getFont(); // retrieve the font type
public int getFontOpacity();
public int getBackgroundOpacity();
public java.lang.String getBottomInset(java.lang.String bi);
public java.lang.String getSafeArea(java.lang.String sa);</codeblock>
				</li>
			 </ul>
		  </li>
		  <li id="li_6DDFF14B031446D4BFB0A3D6F70F587B">To change the style
			 settings, do one of the following: 
			 <ul id="ul_D518EB94DE0F4F6193740FEE5DB7DBDD">
				<li id="li_1CEC53125F6D451EA33A25FD08C23115">Use the setter method 
				  <codeph>MediaPlayer.setCCStyle</codeph>, passing an instance of
				  the 
				  <codeph>TextFormat</codeph> interface: 
				  <codeblock outputclass="syntax java">/**
* Sets the closed captioning style. Used to control the closed captioning font,
* size, color, edge and opacity. 
*
* This method is safe to use even if the current media stream doesn't have closed
* captions.
*
* @param textFormat
* @throws MediaPlayerException
*/
public void setCCStyle(TextFormat textFormat) throws MediaPlayerException;</codeblock>
				</li>
				<li id="li_CCC7D491A8764B8BA42154E6377914E7">Use the 
				  <codeph>TextFormatBuilder</codeph> class, which defines
				  individual setter methods. 
				  <p>The 
					 <codeph>TextFormat</codeph> interface defines an immutable
					 object so there are only getter methods and no setters. You can set the
					 closed-caption styling parameters only with the 
					 <codeph>TextFormatBuilder</codeph> class: 
					 <codeblock outputclass="syntax java">// set font type
public void setFont(Font font) 
public void setBackgroundColor(String backgroundColor)
public void setFillColor(String fillColor)
// set the font-edge color
public void setEdgeColor(String edgeColor) 
// set the font size
public void setSize(Size size) 
// set the font edge type
public void setFontEdge(FontEdge fontEdge) 
public void setFontOpacity(int fontOpacity)
public void setBackgroundOpacity(int backgroundOpacity)
// set the font-fill opacity level
public void setFillOpacity(int fillOpacity) 
public void setFontColor(String fontColor)
public void setBottomInset(String bi)
public void setSafeArea(String sa)
public void setTreatSpaceAsAlphaNum(bool)</codeblock>
				  </p>
				  <note type="important"> 
					 <p><b>Color Settings:</b> In Android TVSDK 2.X, an enhancement
						was made to color styling of closed captions. The enhancement allows for
						setting closed caption colors using a hex string representing RGB color values.
						The RGB hex color representation is the familiar 6 byte string you use in
						applications such as Photoshop: 
					 <ul id="ul_eyx_q3w_vy"> 
						<li id="li_BE024896AF544779B5783D2FF3BA604E">FFFFFF = Black 
						</li> 
						<li id="li_836EBA2ED99F46B296DCB753C1F8E8BF">000000 = White 
						</li> 
						<li id="li_77773E5ED55E46148C904D18E51A7618">FF0000 = Red 
						</li> 
						<li id="li_360A85D4D6AC45B89D20AF2EE89047C6">00FF00 = Green 
						</li> 
						<li id="li_5B2435EECC7E47A8A2EC4B6242BB2321">0000FF = Blue 
						</li> 
					 </ul> and so on. 
					 </p> 
					 <p>In your application, whenever you pass color styling
						information to 
						<codeph>TextFormatBuilder</codeph>, you still use the 
						<codeph>Color</codeph> enumeration as before, but now you
						must add 
						<codeph>getValue()</codeph> to the color to get the value as
						a string. For example: 
						<codeblock>tfb = tfb.setBackgroundColor(TextFormat.Color.RED<b>.getValue()</b>);</codeblock> 
					 </p> 
				  </note>
				</li>
			 </ul>
		  </li>
		</ol>
		<note> Setting the closed-caption style is an asynchronous operation, so
		  it might take up to a few seconds for the changes to appear on the screen. 
		</note>
	 </section>
	 <section id="section_6D685EC2D58C42A2BDDD574EDFCCC2A0">
		<title>Closed caption styling options</title>
		<p>You can specify several caption styling options, and these options
		  override the style options in the original captions. 
		  <codeblock outputclass="syntax java">public TextFormatBuilder(
   Font font,
   Size size,
   FontEdge fontEdge,
   String fontColor,
   String backgroundColor,
   String fillColor,
   String edgeColor,
   int fontOpacity,
   int backgroundOpacity,
   int fillOpacity, 
   String bottomInset
   String safeArea)</codeblock>
		</p>
		<note type="tip">In options that define default values (for example, 
		  <codeph>DEFAULT</codeph>), that value refers to what the setting was
		  when the caption was originally specified. 
		</note> 
		<table frame="all" colsep="1" rowsep="1"
		id="table_87205DEFEE384AF4AF83952B15E18A42"> 
		  <tgroup cols="2" colsep="1" rowsep="1" outputclass="FormatA"> 
			 <colspec colnum="1" colname="1" colwidth="25*"/> 
			 <colspec colnum="2" colname="2" colwidth="75*"/> 
			 <thead> 
				<row rowsep="1"> 
				  <entry colname="1">Format 
				  </entry> 
				  <entry colname="2">Description 
				  </entry> 
				</row> 
			 </thead> 
			 <tbody> 
				<row rowsep="1"> 
				  <entry colname="1">Font 
				  </entry> 
				  <entry colname="2"> 
					 <p>The font type. 
					 </p> 
					 <p>Can be set only to a value that is defined by the 
						<codeph>TextFormat.Font</codeph> enumeration and represents,
						for example, monospaced with or without serifs. 
					 </p> 
					 <note type="tip">The actual fonts that are available on a
						device might vary, and substitutions are used when necessary. Monospace with
						serifs is typically used as a substitute, although this substitution can be
						system specific. 
					 </note> 
				  </entry> 
				</row> 
				<row rowsep="1"> 
				  <entry colname="1">Size 
				  </entry> 
				  <entry colname="2"> 
					 <p>The caption's size. 
					 </p> 
					 <p> Can be set only to a value defined by the 
						<codeph>TextFormat.Size</codeph> enumeration: 
					 <ul compact="yes" id="ul_544BFC7A46474A74839477108F1AB1E9"> 
						<li id="li_A592ED46B8DF4D8FAD7AF3BD931A712B"> 
						  <codeph>MEDIUM</codeph> - The standard size 
						</li> 
						<li id="li_4F8CEDE54965430EB707DD3D5B2E3F87"> 
						  <codeph>LARGE</codeph> - Approximately 30% larger than
						  medium 
						</li> 
						<li id="li_D78D823883F54D869118BAB58257E377"> 
						  <codeph>SMALL</codeph> - Approximately 30% smaller than
						  medium 
						</li> 
						<li id="li_9299C13408584A38835F8D91BD048083"> 
						  <codeph>DEFAULT</codeph> - The default size for the
						  caption; the same as medium 
						</li> 
					 </ul>
					 </p> 
				  </entry> 
				</row> 
				<row rowsep="1"> 
				  <entry colname="1">Font edge 
				  </entry> 
				  <entry colname="2"> 
					 <p>The effect used for the font edge, such as raised or none. 
					 </p> 
					 <p>Can be set only to a value that is defined by the 
						<codeph>TextFormat.FontEdge</codeph> enumeration.
					 </p> 
				  </entry> 
				</row> 
				<row rowsep="1"> 
				  <entry colname="1">Font color 
				  </entry> 
				  <entry colname="2"> 
					 <p>The font color. 
					 </p> 
					 <p>Can be set only to a value defined by the 
						<codeph>TextFormat.Color</codeph> enumeration. 
					 </p> 
				  </entry> 
				</row> 
				<row rowsep="1"> 
				  <entry colname="1"> Edge color 
				  </entry> 
				  <entry colname="2"> 
					 <p>The color of the edge effect. 
					 </p> 
					 <p>Can be set to any of the values that are available for the
						font color. 
					 </p> 
				  </entry> 
				</row> 
				<row rowsep="1"> 
				  <entry colname="1">Background color 
				  </entry> 
				  <entry colname="2"> 
					 <p>The background character cell color. 
					 </p> 
					 <p>Can be set only to values that are available for the font
						color. 
					 </p> 
				  </entry> 
				</row> 
				<row rowsep="1"> 
				  <entry colname="1"> Fill color 
				  </entry> 
				  <entry colname="2"> 
					 <p>The color of the background of the window in which the text
						is located. 
					 </p> 
					 <p>Can be set to any of the values that are available for the
						font color. 
					 </p> 
				  </entry> 
				</row> 
				<row rowsep="1"> 
				  <entry colname="1">Font opacity 
				  </entry> 
				  <entry colname="2"> 
					 <p>The opacity of the text. 
					 </p> 
					 <p>Expressed as a percentage from 0 (fully transparent) to 100
						(fully opaque). 
						<codeph>DEFAULT_OPACITY</codeph> for the font is 100. 
					 </p> 
				  </entry> 
				</row> 
				<row rowsep="1"> 
				  <entry colname="1">Background opacity 
				  </entry> 
				  <entry colname="2"> 
					 <p>The opacity of the background character cell. 
					 </p> 
					 <p>Expressed as a percentage from 0 (fully transparent) to 100
						(fully opaque). 
						<codeph>DEFAULT_OPACITY</codeph> for the background is 100. 
					 </p> 
				  </entry> 
				</row> 
				<row rowsep="1"> 
				  <entry colname="1"> Fill opacity 
				  </entry> 
				  <entry colname="2"> 
					 <p>The opacity of the background of the caption window. 
					 </p> 
					 <p>Expressed as a percentage from 0 (fully transparent) to 100
						(fully opaque). 
						<codeph>DEFAULT_OPACITY</codeph> for fill is 0. 
					 </p> 
				  </entry> 
				</row> 
				<row rowsep="1"> 
				  <entry colname="1"> Bottom Inset 
				  </entry> 
				  <entry colname="2"> 
					 <p>Vertical distance from the bottom of the caption window for
						captions to avoid. 
					 </p> 
					 <p>Expressed as a percentage of the caption window height (for
						example, "20%") or a number of pixels (for example, "20"). 
					 </p> 
				  </entry> 
				</row> 
				<row rowsep="0"> 
				  <entry colname="1">Safe area 
				  </entry> 
				  <entry colname="2"> 
					 <p>A region around the edge of the screen between 0% to 25%
						where captions will not appear. 
					 </p> 
					 <p>By default, the safe area for WebVTT is 0%. This setting
						allows your application to override that default. If two values are provided,
						for example, the string "10%,20%", the first value is the horizontal safe area
						and the second value is the vertical safe area. If one value is provided, for
						example, the string "15%", both the vertical and horizontal axes use the
						specified safe area. 
					 </p> 
				  </entry> 
				</row> 
			 </tbody> 
		  </tgroup> 
		</table>
	 </section>
	 <section id="section_58E8E82494EC4683B010FFDE67485CF9">
		<title>Caption formatting examples</title>
		<p>Here are some examples that show you how to specify closed caption
		  formatting. 
		</p>
		<title>Example 1: Specify format values explicitly</title>
		<codeblock outputclass="syntax java">private final MediaPlayer.PlaybackEventListener _playbackEventListener =
  new MediaPlayer.PlaybackEventListener() {
    @Override
    public void onPrepared() {
        // Set CC style.
        TextFormat tf = new TextFormatBuilder(
            TextFormat.Font.DEFAULT,
            TextFormat.Size.DEFAULT,
            TextFormat.FontEdge.DEFAULT,
            TextFormat.Color.DEFAULT.getValue(),
            TextFormat.Color.DEFAULT.getValue(),
            TextFormat.Color.DEFAULT.getValue(),
            TextFormat.Color.DEFAULT.getValue(),
            TextFormat.DEFAULT_OPACITY,
            TextFormat.DEFAULT_OPACITY,
            TextFormat.DEFAULT_OPACITY).toTextFormat();

        mediaPlayer.setCCStyle(tf);
        ...
    }
}
</codeblock>
		<title>Example 2: Specify format values in parameters</title>
		<codeblock outputclass="syntax java">/**
* Constructor using parameters to initialize a TextFormat.
*
* @param font
* The desired font.
* @param size
* The desired text size.
* @param fontEdge
* The desired font edge.
* @param fontColor
* The desired font color.
* @param backgroundColor
* The desired background color.
* @param fillColor
* The desired fill color.
* @param edgeColor
* The desired color to draw the text edges.
* @param fontOpacity 
* The desired font opacity.
* @param backgroundOpacity
* The desired background opacity.
* @param fillOpacity
* The desired fill opacity. 
*/
public <b>TextFormatBuilder</b>(
    Font font, Size size, FontEdge fontEdge,
    String fontColor, String backgroundColor,	
    String fillColor, String edgeColor,
    int fontOpacity, int backgroundOpacity,
    int fillOpacity);
/**
* Creates a TextFormat with the parameters supplied to this builder.
*/
public TextFormat <b>toTextFormat</b>();
/**
* Sets the text font.
* @param font The desired font
* @return This builder object to allow chaining calls
*/
public <b>TextFormatBuilder</b> setFont(Font font);
...</codeblock>
	 </section>
  </conbody> 
</concept> 
