<?xml version="1.0"?>
<!DOCTYPE concept PUBLIC "-//OASIS//DTD DITA Concept//EN" "concept.dtd">
<concept id="concept_vpaid-2.0"> 
  <title>VPAID 2.0 ad support</title> 
  <shortdesc>Video player ad-serving interface definition (VPAID) 2.0 provides a common interface to
		play video ads. It provides a rich media experience for users and allows publishers to
		better target ads, track ad impressions, and monetize video content. </shortdesc> 
  <conbody> 
	 <p>The following features are supported: <ul>
			<li>Version 2.0 of the VPAID specification <p>For more information, refer to <xref
							href="http://www.iab.com/wp-content/uploads/2015/06/VPAID_2_0_Final_04-10-2012.pdf"
							format="pdf" scope="external">IAB VPAID 2.0</xref>. </p></li>
			<li>Linear VPAID ads with video-on-demand (VOD) content </li>
			<li>JavaScript VPAID ads <p>VPAID ads must be JavaScript-based, and the ad response must identify the media type of the VPAID ad as <codeph>application/javascript</codeph>. </p></li>
			</ul></p> 
	 <p>The following features are not supported: <ul>
			<li>Version 1.0 of the VPAID specification</li>
			<li>Skippable ads</li>
			<li>Nonlinear ads, such as overlay ads, dynamic companion ads, minimizable ads, collapsible ads, and expandable ads</li>
			<li>Preloading VPAID ads</li>
			<li>VPAID ads in live content</li>
			<li>Flash VPAID ads</li>
			</ul></p> 
	 <section> 
		<title>API</title> 
		<p>The following API elements support VPAID 2.0 ads: <ul>
				<li> The <codeph>getCustomAdView</codeph> method of <codeph>MediaPlayer</codeph> returns a
							<codeph>CustomAdView</codeph> object, representing the web view that
						renders the VPAID ad (see <xref
							href="http://help.adobe.com/en_US/primetime/api/psdk/javadoc/index.html"
							format="html" scope="external">API References</xref>).</li>
				<li><codeph>MediaPlayer.setCustomAdTimeout(int milliseconds)</codeph> sets the timeout on the VPAID loading process. The default timeout value is 10 seconds. </li>
				</ul></p> 
	 </section> 
	 <section> 
		<p>While the VPAID ad is playing: 
		<ul> 
		  <li>The VPAID ad is displayed in a view container above the player view, so code that relies on taps by users on the player view does not work. </li> 
		  <li>Calls to <codeph>pause</codeph> and <codeph>play</codeph> on the player instance pause and resume the VPAID ad. </li> 
		  <li>VPAID ads do not have a predefined duration, because the ad can be interactive. <p>The ad duration and total ad break duration that are specified in the ad server response might not be accurate. </p> </li> 
		</ul> 
		</p> 
	 </section> 
  </conbody> 
</concept> 
