<?xml version="1.0" encoding="UTF-8"?>
<!DOCTYPE concept PUBLIC "-//OASIS//DTD DITA Concept//EN" "technicalContent/dtd/concept.dtd">
<concept id="alternate-audio"
 xmlns:ditaarch="http://dita.oasis-open.org/architecture/2005/"> 
  <title>Alternate audio</title> 
  <shortdesc>Alternate audio allows you to switch among available audio tracks for a video track.
		Users can select their preferred language track when the video is played. </shortdesc> 
  <conbody> 
	 <section id="section_E4F9DC28A2944BD08B4190A7F98A8365"> 
		<p>When TVSDK creates the 
		  <codeph>MediaPlayerItem</codeph> instance for the current video, it
		  creates an 
		  <codeph>AudioTrack</codeph> item for each available audio track. The
		  item contains a 
		  <codeph>name</codeph> property, which is a string that typically
		  contains a user-recognizable description of the language of that track. The
		  item also contains information about whether to use that track by default. When
		  it is time to play the video, you can ask for a list of available audio tracks,
		  optionally allow the user select a track, and set the video to play with the
		  selected track. 
		</p> 
		<note type="tip">Although rare, if an additional audio track becomes available after 
		TVSDK creates the
					<codeph>MediaPlayerItem</codeph>, TVSDK
				fires a <codeph>MediaPlayerItem.AUDIO_TRACK_UPDATED</codeph> event. </note> 
		<p> 
		</p> 
	 </section> 
	 <section id="section_87C42C30BA8C4F58A2DAB7CE07FCD3DE"><title>Added APIs</title><p>The following
				APIs have been added to support alternate audio:
						</p><p><codeph><b>hasAlternateAudio</b></codeph>
			</p><p>If the specified media has an alternate audio track, other than default track,
				this boolean function returns <codeph>true</codeph>. If there is no alternate audio
				track, the function returns <codeph>false</codeph>.
				<codeblock outputclass="syntax java">boolean hasAlternateAudio();</codeblock>
			</p><p><b><codeph>getAudioTracks</codeph></b>
			</p><p>This function returns list of all the current available audio tracks in a
				specified media.
				<codeblock outputclass="syntax java">List&lt;AudioTrack> getAudioTracks();</codeblock>
			</p><p><codeph><b>getSelectedAudioTrack</b></codeph>
			</p><p>This function that returns the currently selected alternate audio track and
				properties such as language. The auto-selection of track can also be extracted.
				<codeblock outputclass="syntax java">AudioTrack getSelectedAudioTrack();</codeblock>
			</p><p><codeph><b>selectAudioTrack</b></codeph>
			</p><p>This function selects an alternate audio track to play.
				<codeblock outputclass="syntax java">void selectAudioTrack(AudioTrack audioTrack);</codeblock>
			</p>For example:
			<codeblock outputclass="syntax java">private void onPrepared() {
    // Select the AA track in PREPARED State
    boolean hasAlternateAudio = _mediaPlayer.getCurrentItem().hasAlternateAudio();
    if(hasAlternateAudio) {
        AudioTrack selectedAudioTrack = 
          _mediaPlayer.getCurrentItem().getSelectedAudioTrack();

        if (selectedAudioTrack == null) { 
            // Selecting default audio track 
            // If index is 1 it will select alternate audio track 
            selectedAudioTrack = _mediaPlayer.getCurrentItem().getAudioTracks().get(0); 
        }
    }
    _mediaPlayer.getCurrentItem().selectAudioTrack(selectedAudioTrack);
}
</codeblock></section> 
  </conbody> 
</concept> 
