<?xml version="1.0" encoding="UTF-8"?>
<!DOCTYPE concept PUBLIC "-//OASIS//DTD DITA Concept//EN" "technicalContent/dtd/concept.dtd">
<concept id="c_psdk_buffering-configuration"
 xmlns:ditaarch="http://dita.oasis-open.org/architecture/2005/"> 
  <title>Buffering</title> 
  <shortdesc>To provide a smoother viewing experience, TVSDK sometimes buffers
	 the video stream. You can configure how the player buffers. 
  </shortdesc> 
  <conbody> 
	 <p>TVSDK defines a playback buffer length of at least 30 seconds and an
		initial buffer time before the media starts playing, of at least 2 seconds.
		After the application calls 
		<codeph>play</codeph>, but before playback begins, TVSDK buffers the
		media up to the initial time to give a smooth start when it actually starts
		playing. 
	 </p> 
	 <p>You can alter the buffer times by defining new buffering policies, and
		you can alter when the initial buffering occurs by using instant on. 
	 </p> 
	 <section id="section_9B3407D52F1E4CB48E7A4836EBDA8F70">
		<title>Buffering time policies</title>
		<p>Depending on your environment (including the device, the operating
		  system, or the network conditions), you can set different buffering policies
		  for your player, such as changing the minimum duration for initial buffering
		  and for ongoing playback buffering. 
		</p>
		<p>After you call 
		  <codeph>play</codeph>, the media player begins buffering the video.
		  When the media player has buffered the amount of video specified by the initial
		  buffer time, playback begins. This process improves the start-up time because
		  the player does not wait for the entire playback buffer to fill before starting
		  playback. Instead, after the few initial seconds are buffered, playback begins.
		  
		</p>
		<p>While the video is being rendered, TVSDK continues to buffer new
		  fragments until it is has buffered the amount that is specified by the playback
		  buffer time. If the current buffer length drops below the playback buffer time,
		  the player will download additional fragments. Once the current buffer length
		  is above the playback buffer time by a few seconds, TVSDK will stop downloading
		  fragments. 
		</p>
		<note type="tip"> If the initial buffer value is high, it might give your
		  user a long initial buffering time before starting. That might provide smooth
		  playback for a longer time; however, if network conditions are poor, initial
		  playback could be delayed. 
		</note> 
		<p>If you enable instant on by calling 
		  <codeph>prepareBuffer</codeph>, the initial buffering begins at that
		  moment, instead of waiting for 
		  <codeph>play</codeph>.
		</p>
	 </section>
	 <section id="section_05CDD927869D47EBA1D2069B1416B2E4">
		<title>Set buffering times</title>
		<p>The 
		  <codeph>MediaPlayer</codeph> provides methods to set and get the
		  initial buffering time and playback buffering time. 
		</p>
		<note type="tip">If you do not set the buffer control parameters before
		  beginning playback, the media player defaults to 2 seconds for the initial
		  buffer and 30 seconds for the ongoing playback buffer time. 
		</note>
		<ol id="ol_B97329C44F774BF6A441D0351D97FF5C">
		  <li id="li_BF34CC0808B648479B7B271362646B32">Set up the 
			 <codeph>BufferControlParameters</codeph> object, which encapsulates
			 the initial buffer time and playback buffer time control parameters. 
			 <p>This class provides the following factory methods: 
			 <ul id="ul_F9BBABA661024BB1B1E27B2AA52F3805"> 
				<li id="li_ED81FFECF33B43D89507DD922FD44A60">To set the initial
				  buffer time equal to the play buffer time: 
				  <codeblock>public static BufferControlParameters createSimple(long bufferTime)</codeblock> 
				</li> 
				<li id="li_E18FF6E221FF413DAF9686403EFC9BC0">To set the initial and
				  play buffer times: 
				  <codeblock>public static BufferControlParameters createDual(
  long initialBuffer, 
  long bufferTime)</codeblock> 
				</li> 
			 </ul> 
			 </p>
			 <p>If the parameters are not valid, these methods throw 
				<codeph>MediaPlayerException</codeph> with error code 
				<codeph>PSDKErrorCode.INVALID_ARGUMENT</codeph>, such as when the
				following conditions are met: 
			 <ul id="ul_E432A033D61A40B391A60E4B3808379B"> 
				<li id="li_E8433457345945998951319607122B1C">The initial buffer
				  time is less than zero. 
				</li> 
				<li id="li_30ADA7595B8B4C908CBD5B5CCD5BD0AD">The initial buffer
				  time is greater than the buffer time. 
				</li> 
			 </ul> 
			 </p>
		  </li>
		  <li id="li_FCB80956E2C64C6FA32F657AABE52DF7">To set the buffer
			 parameters values, use this 
			 <codeph>MediaPlayer</codeph> method: 
			 <codeblock outputclass="syntax java">void setBufferControlParameters(BufferControlParameters params)</codeblock>
		  </li>
		  <li id="li_D84492986ECD44C487CE89BCA125B63B">To get the current buffer
			 parameter values, use this 
			 <codeph>MediaPlayer</codeph> method: 
			 <codeblock outputclass="syntax java">
BufferControlParameters getBufferControlParameters() 
</codeblock>
		  </li>
		</ol>
	 </section>
	 <example id="example_DE0580B3AD404635825D3301C1F096B6"> 
		<p>For example, to set the initial buffer to 5 seconds and the playback
		  buffer time to 30 seconds: 
		</p> 
		<codeblock outputclass="syntax java">mediaPlayer.setBufferControlParameters(BufferControlParameters.createDual(5000, 30000));</codeblock> 
	 </example>
  </conbody> 
</concept> 
