<?xml version="1.0" encoding="UTF-8"?>
<!DOCTYPE concept PUBLIC "-//OASIS//DTD DITA Concept//EN" "technicalContent/dtd/concept.dtd">
<concept id="c_psdk_playback"
 xmlns:ditaarch="http://dita.oasis-open.org/architecture/2005/"> 
  <title>Default and customized playback behavior with ads</title> 
  <shortdesc>The behavior of media playback is affected by seeking, pausing,
	 fast forward or rewind, and advertising. 
  </shortdesc> 
  <conbody> 
	 <p>To override the default behavior, use 
		<codeph>AdBreakPolicySelector</codeph> . 
	 </p> 
	 <p> 
		<note type="important"> TVSDK does not provide a way to disable seeking
		  during ads. Adobe recommends that you configure your application to disable
		  seeking during ads. 
		</note> 
	 </p> 
	 <p>Here is the playback behavior for live/linear content: 
	 <ul id="ul_B69FFCAF53F84621B5FC982FB0209731"> 
		<li id="li_5F1AC52D7442427CBD285B1B93AB61AD">Resuming playback after a
		  pause results in the playback of the content that was buffered at the time of
		  the pause. 
		  <p>If the resuming position is still in the playback range, the
			 playback should be continuous. Otherwise, TVSDK jumps to the new live point.
			 You can also perform a seek operation and select a different playback point. 
		  </p> 
		</li> 
		<li id="li_B6D1E3E1B1294074866009BC9B429D2A">TVSDK resolves ads between
		  cues after the position at which the application enters live playback. 
		  <p>Playback begins after the first cue is resolved. The default value
			 for entering live playback is the client live point, but you can choose a
			 different position. All cues before the initial position are resolved after the
			 application performs a seek in the DVR window. 
		  </p> 
		</li> 
	 </ul> 
	 </p> 
	 <p>The following table describes how TVSDK handles ads and ad breaks during
		playback: 
	 </p> 
	 <table id="table_466538B1C2A646B89EB4F9AA111203BE"> 
		<tgroup cols="3"><colspec colnum="1" colname="col1"
		  colwidth="*"/><colspec colnum="2" colname="col2" colwidth="*"/><colspec
		  colnum="3" colname="col3" colwidth="*"/><thead> 
			 <row> 
				<entry colname="col1">Video activity 
				</entry> 
				<entry colname="col2">Default TVSDK behavior policy 
				</entry> 
				<entry colname="col3">Customization available through 
				  <codeph>AdBreakPolicySelector 
				  </codeph> 
				</entry> 
			 </row></thead> 
		  <tbody> 
			 <row> 
				<entry colname="col1">During normal play, an ad break is
				  encountered. 
				</entry> 
				<entry colname="col2"> 
				  <ul id="ul_10D2638676EA4ADDA718E61BD4FDC1D2"> 
					 <li id="li_D5CC30F063934C738971E2E8AF00C137"> For live/linear,
						plays the ad break, even if the ad break has already been watched. 
					 </li> 
					 <li id="li_D962C0938DA74186AE99D117E5A74E38">For VOD, plays the
						ad break and marks the ad break as watched. 
					 </li> 
				  </ul> 
				</entry> 
				<entry colname="col3">Specify a different policy for the ad break
				  by using 
				  <codeph>selectPolicyForAdBreak</codeph>. 
				</entry> 
			 </row> 
			 <row> 
				<entry colname="col1">Your application seeks forward over ad
				  break(s) into main content. 
				</entry> 
				<entry colname="col2"> Plays the last unwatched ad break that was
				  skipped over and resumes playback at the desired seek position when the
				  break(s) playback is complete. 
				</entry> 
				<entry colname="col3">Select which skipped break to play by using 
				  <codeph>selectAdBreaksToPlay</codeph>. 
				</entry> 
			 </row> 
			 <row> 
				<entry colname="col1">Your application seeks backward over ad
				  break(s) into main content. 
				</entry> 
				<entry colname="col2"> Skips to the desired seek position without
				  playing ad breaks. 
				</entry> 
				<entry colname="col3">Select which skipped break to play by using 
				  <codeph>selectAdBreaksToPlay</codeph>.                      
				</entry> 
			 </row> 
			 <row> 
				<entry colname="col1">Your application seeks forward into an ad
				  break. 
				</entry> 
				<entry colname="col2"> Plays from the beginning of the ad in which
				  the seek ended. 
				</entry> 
				<entry colname="col3">Specify a different ad policy for the ad
				  break and for the specific ad where the seek ended by using 
				  <codeph>selectPolicyForSeekIntoAd</codeph>. 
				</entry> 
			 </row> 
			 <row> 
				<entry colname="col1">Your application seeks backward into an ad
				  break. 
				</entry> 
				<entry colname="col2"> Plays from the beginning of the ad in which
				  the seek ended. 
				</entry> 
				<entry colname="col3">Specify a different ad policy for the ad
				  break and for the specific ad in which the seek ended by using 
				  <codeph>selectPolicyForSeekIntoAd</codeph>. 
				</entry> 
			 </row> 
			 <row> 
				<entry colname="col1">Your application seeks forward or backward
				  over watched ad break(s) into main content. 
				</entry> 
				<entry colname="col2"> If the last ad break skipped has already
				  been watched, skips to the user-selected seek position. 
				</entry> 
				<entry colname="col3">Select which of the skipped breaks to play
				  using 
				  <codeph>selectAdBreaksToPlay</codeph> and determine which breaks
				  have already been watched by using 
				  <codeph>AdBreak.isWatched</codeph> . 
				  <note type="important">By default, TVSDK marks an ad break as
					 watched immediately after entering the first ad in the ad break. 
				  </note> 
				</entry> 
			 </row> 
			 <row> 
				<entry colname="col1">Your application seeks forward or backward
				  over one or more ad breaks and drops into a watched ad break. 
				</entry> 
				<entry colname="col2"> Skips the ad break and seeks to the position
				  immediately following the ad break. 
				</entry> 
				<entry colname="col3">Specify a different ad policy for the ad
				  break (with the watched status set to true) and for the specific ad where the
				  seek ended by using 
				  <codeph>selectPolicyForSeekIntoAd</codeph>. 
				</entry> 
			 </row> 
			 <row> 
				<entry colname="col1">Your application enters trick-play (DVR
				  mode). Play rate can be negative (rewind) or greater than 1 (fast forward). 
				</entry> 
				<entry colname="col2"> Skips all ads during fast forward or rewind,
				  plays the last break skipped after trick play ends, and skips to the
				  user-selected trick play position when that break finishes playback. 
				</entry> 
				<entry colname="col3">Select which of the skipped breaks to play
				  after trick play ends using 
				  <codeph>selectAdBreaksToPlay</codeph>. 
				</entry> 
			 </row> 
			 <row> 
				<entry colname="col1">Your application seeks forward over ads that
				  were inserted using custom ad markers. 
				</entry> 
				<entry colname="col2">Skips to the user-selected seek position.
				</entry> 
				<entry colname="col3">For more information, see 
				  <xref href="t_psdk_android_2.5_ui-seek-scrub-bar-display.xml"
					format="dita" scope="local"><?xm-replace_text Display a seek scrub bar with the current playback position...?></xref>
				  
				</entry> 
			 </row> 
		  </tbody> 
		</tgroup> 
	 </table> 
  </conbody> 
</concept> 
