<?xml version="1.0"?>
<!DOCTYPE concept PUBLIC "-//OASIS//DTD DITA Concept//EN" "concept.dtd">
<concept id="c_psdk_android_overview-custom-tags"> 
  <title>Example of a customized VOD asset </title> 
  <conbody> 
	 <p>Here is an example of a customized VOD asset: 
	 </p> 
	 <codeblock>#EXTM3U
#EXT-X-VERSION:3
#EXT-X-TARGETDURATION:7
 
#EXT-X-ASSET:AID=10
 
#EXTINF:9.9766,
seg1.ts
 
#EXTINF:9.9766,
seg2.ts
 
#EXTINF:9.9766,
seg3.ts
 
#EXT-X-AD:DURATION=10
#EXTINF:9.9766,
seg4.ts
 
#EXTINF:9.9766,
seg5.ts
 
#EXT-X-ENDLIST</codeblock> 
	 <p>Your application could set up the following scenarios: 
	 </p> 
	 <ul id="ul_6D4B0E5F269047CF9A70249D7B771995"> 
		<li id="li_4B591E79A49B482C88C80A9D7BEBC18A">A notification when <codeph>#EXT-X-ASSET</codeph>
				tags, or any other set of custom tag names to which you have subscribed, exist in
				the file. </li> 
		<li id="li_F9A306443020436F8A10B23A771DB543">Insert ads when an <codeph>#EXT-X-AD</codeph> tag, or
				any other custom tag name, is found in the stream. </li> 
	 </ul> 
  </conbody> 
</concept> 
