<?xml version="1.0" encoding="UTF-8"?>
<!DOCTYPE concept PUBLIC "-//OASIS//DTD DITA Concept//EN" "concept.dtd">
<concept id="c_psdk_delete_replace_content_vod"> 
  <title>Delete and replace ads in VOD streams</title> 
  <shortdesc>TVSDK supports the programmatic deleting and replacing of ad content in VOD streams.  </shortdesc> 
  <conbody> 
	 <p>The delete and replace feature extends the custom ad markers feature.
		Custom ad markers mark sections of the main content as ad-related content
		periods. In addition to marking these time ranges, you can also delete and
		replace time ranges. 
	 </p> 
  </conbody> 
</concept> 
