<?xml version="1.0" encoding="UTF-8"?>
<!DOCTYPE concept PUBLIC "-//OASIS//DTD DITA Concept//EN" "concept.dtd">
<concept id="c_psdk_signaling-mode-metadata-combos-android"> 
  <title>Effect on ad insertion and deletion from ad signaling mode and ad
	 metadata combinations</title> 
  <shortdesc>You can mark, delete, and replace time ranges in VOD streams by
	 using different ad signaling mode and ad metadata combinations. Different
	 combinations of signaling mode and metadata result in different behaviors. 
  </shortdesc> 
  <conbody> 
	 <note type="tip">When there is a conflict between time ranges and ad
		signaling modes, TVSDK gives the time ranges priority. 
	 </note>
	 <p> 
	 <table id="table_6044AA1ACFA244FA814EA2D0766C6D12"> 
		<desc>The following table provides the details about the signaling mode
		  and metadata combination behaviors:
		</desc>
		<tgroup cols="5" colsep="1" rowsep="1" outputclass="FormatA"> 
		  <colspec colnum="1" colname="1" colwidth="1.00*"/> 
		  <colspec colnum="2" colname="2" colwidth="1.05*"/> 
		  <colspec colnum="3" colname="3" colwidth="1.24*"/> 
		  <colspec colnum="4" colname="4" colwidth="2.70*"/> 
		  <colspec colnum="5" colname="5" colwidth="1.74*"/> 
		  <thead> 
			 <row> 
				<entry>Ad Signaling Mode 
				</entry> 
				<entry>Ad Metadata 
				</entry> 
				<entry>Resolvers Created 
				</entry> 
				<entry><codeph>PlacementInformations</codeph> created 
				</entry> 
				<entry>Resulting behavior 
				</entry> 
			 </row> 
		  </thead> 
		  <tbody> 
			 <row> 
				<entry namest="1" nameend="5">
				  <p><b>Server Map</b>
				  </p>
				</entry> 
			 </row> 
			 <row> 
				<entry> 
				</entry> 
				<entry>Delete 
				</entry> 
				<entry>Delete 
				</entry> 
				<entry><codeph>PlacementInfo (Type.CUSTOM_TIME_RANGE,
					 Mode.DELETE)</codeph> 
				</entry> 
				<entry>Ranges deleted 
				</entry> 
			 </row> 
			 <row> 
				<entry/> 
				<entry>Delete, Auditude 
				</entry> 
				<entry>Delete, Auditude 
				</entry> 
				<entry> 
				  <ul id="ul_E0A2F885E93B4D23A486C37B305E17D8"> 
					 <li
					  id="li_D977B398D3904A44AFEC4B05AB0E3340"><codeph>PlacementInfo
						  (Type.CUSTOM_TIME_RANGE, Mode.DELETE), 
						</codeph> 
					 </li> 
					 <li
					  id="li_439886CB38AA46239C2E40352443888A"><codeph>PlacementInfo
						  (Type.SERVER_MAP, Mode.INSERT)</codeph> 
					 </li> 
				  </ul> 
				</entry> 
				<entry>Ranges deleted, Ads inserted 
				</entry> 
			 </row> 
			 <row> 
				<entry/> 
				<entry>Auditude 
				</entry> 
				<entry>Auditude 
				</entry> 
				<entry><codeph>PlacementInfo (Type.SERVER_MAP,
					 Mode.INSERT)</codeph> 
				</entry> 
				<entry>Ads inserted 
				</entry> 
			 </row> 
			 <row> 
				<entry/> 
				<entry>Replace, Auditude 
				</entry> 
				<entry>Delete, Auditude 
				</entry> 
				<entry><codeph>PlacementInfo (Type.CUSTOM_TIME_RANGE, Mode.DELETE),
					 PlacementInfo (Type.CUSTOM_TIME_RANGE, Mode.REPLACE)</codeph> 
				</entry> 
				<entry>Ranges replaced 
				</entry> 
			 </row> 
			 <row> 
				<entry/> 
				<entry>Mark 
				</entry> 
				<entry>CustomAd 
				</entry> 
				<entry><codeph>PlacementInfo (Type.CUSTOM_TIME_RANGE,
					 Mode.MARK)</codeph> 
				</entry> 
				<entry>Ranges marked 
				</entry> 
			 </row> 
			 <row> 
				<entry/> 
				<entry>Mark, Auditude 
				</entry> 
				<entry>CustomAd, Auditude 
				</entry> 
				<entry><codeph>PlacementInfo (Type.CUSTOM_TIME_RANGE,
					 Mode.MARK)</codeph> 
				</entry> 
				<entry>Ranges marked, no ads inserted 
				</entry> 
			 </row> 
			 <row> 
				<entry namest="1" nameend="5"> 
				  <p><b>Manifest Cues</b>
				  </p>
				</entry> 
			 </row> 
			 <row> 
				<entry/> 
				<entry>Auditude 
				</entry> 
				<entry>Auditude 
				</entry> 
				<entry><codeph>PlacementInfo (Type.PRE_ROLL, Mode.INSERT)</codeph> 
				</entry> 
				<entry>Ads inserted 
				</entry> 
			 </row> 
			 <row> 
				<entry/> 
				<entry>Delete, Auditude 
				</entry> 
				<entry>Delete, Auditude 
				</entry> 
				<entry> 
				  <ul id="ul_2DD298538E9344B9BAB882485BB57747"> 
					 <li
					  id="li_F39A69EFA7ED45C18978A2C462AF7641"><codeph>PlacementInfo
						  (Type.CUSTOM_TIME_RANGE, Mode.DELETE)</codeph> 
					 </li> 
					 <li
					  id="li_8CCDA3B1C63F4BC396F28F443D8C42F8"><codeph>PlacementInfo (Type.PRE_ROLL,
						  Mode.INSERT)</codeph> 
					 </li> 
				  </ul> 
				</entry> 
				<entry>Ranges deleted, ads inserted 
				</entry> 
			 </row> 
			 <row> 
				<entry/> 
				<entry>Mark, Auditude 
				</entry> 
				<entry>Mark, Auditude 
				</entry> 
				<entry><codeph>PlacementInfo (Type.CUSTOM_TIME_RANGE,
					 Mode.MARK)</codeph> 
				</entry> 
				<entry>Ranges marked, no ads inserted 
				</entry> 
			 </row> 
			 <row> 
				<entry/> 
				<entry>Delete 
				</entry> 
				<entry>Delete 
				</entry> 
				<entry><codeph>PlacementInfo (Type.CUSTOM_TIME_RANGE,
					 Mode.DELETE)</codeph> 
				</entry> 
				<entry>Ranges deleted 
				</entry> 
			 </row> 
			 <row> 
				<entry/> 
				<entry>Mark 
				</entry> 
				<entry>CustomAd 
				</entry> 
				<entry><codeph>PlacementInfo (Type.CUSTOM_TIME_RANGE,
					 Mode.MARK)</codeph> 
				</entry> 
				<entry>Ranges marked 
				</entry> 
			 </row> 
			 <row> 
				<entry/> 
				<entry>Replace, Auditude 
				</entry> 
				<entry>Delete, Auditude 
				</entry> 
				<entry><codeph>PlacementInfo (Type.CUSTOM_TIME_RANGE, Mode.DELETE),
					 PlacementInfo (Type.CUSTOM_TIME_RANGE, Mode.REPLACE)</codeph> 
				</entry> 
				<entry>Ranges replaced 
				</entry> 
			 </row> 
			 <row> 
				<entry namest="1" nameend="5"> 
				  <p><b>Custom Time Range</b>
				  </p>
				</entry> 
			 </row> 
			 <row> 
				<entry/> 
				<entry>Delete 
				</entry> 
				<entry>Delete 
				</entry> 
				<entry><codeph>PlacementInfo (Type.CUSTOM_TIME_RANGE,
					 Mode.DELETE)</codeph> 
				</entry> 
				<entry>Ranges deleted 
				</entry> 
			 </row> 
			 <row> 
				<entry/> 
				<entry>Delete, Auditude 
				</entry> 
				<entry>Delete, Auditude 
				</entry> 
				<entry><codeph>PlacementInfo (Type.CUSTOM_TIME_RANGE,
					 Mode.DELETE)</codeph> 
				</entry> 
				<entry>Ranges deleted, no ads inserted 
				</entry> 
			 </row> 
			 <row> 
				<entry/> 
				<entry>Auditude 
				</entry> 
				<entry>Auditude 
				</entry> 
				<entry>None 
				</entry> 
				<entry>No ads inserted 
				</entry> 
			 </row> 
			 <row> 
				<entry/> 
				<entry>Replace, Auditude 
				</entry> 
				<entry>Delete, Auditude 
				</entry> 
				<entry><codeph>PlacementInfo (Type.CUSTOM_TIME_RANGE, Mode.DELETE),
					 PlacementInfo (Type.CUSTOM_TIME_RANGE, Mode.REPLACE)</codeph> 
				</entry> 
				<entry>Ranges replaced with ads 
				</entry> 
			 </row> 
			 <row> 
				<entry/> 
				<entry>Mark 
				</entry> 
				<entry>CustomAd 
				</entry> 
				<entry><codeph>PlacementInfo (Type.CUSTOM_TIME_RANGE,
					 Mode.MARK)</codeph> 
				</entry> 
				<entry>Ranges marked 
				</entry> 
			 </row> 
			 <row> 
				<entry/> 
				<entry>Mark, Auditude 
				</entry> 
				<entry>Custom Ad, Auditude 
				</entry> 
				<entry><codeph>PlacementInfo (Type.CUSTOM_TIME_RANGE,
					 Mode.MARK)</codeph> 
				</entry> 
				<entry>Ranges marked, no ads inserted 
				</entry> 
			 </row> 
			 <row> 
				<entry namest="1" nameend="5">
				  <p><b>Not set (default)</b>
				  </p>
				</entry> 
			 </row> 
			 <row> 
				<entry/> 
				<entry>Delete 
				</entry> 
				<entry>Delete 
				</entry> 
				<entry><codeph>PlacementInfo (Type.CUSTOM_TIME_RANGE,
					 Mode.DELETE)</codeph> 
				</entry> 
				<entry>Ranges deleted 
				</entry> 
			 </row> 
			 <row> 
				<entry/> 
				<entry>Delete, Auditude 
				</entry> 
				<entry>Delete, Auditude 
				</entry> 
				<entry><codeph>PlacementInfo (Type.CUSTOM_TIME_RANGE, Mode.DELETE),
					 PlacementInfo (Type.SERVER_MAP, Mode.INSERT)</codeph> 
				</entry> 
				<entry>Ranges deleted, ads inserted 
				</entry> 
			 </row> 
			 <row> 
				<entry/> 
				<entry>Auditude 
				</entry> 
				<entry>Auditude 
				</entry> 
				<entry><codeph>PlacementInfo (Type.SERVER_MAP,
					 Mode.INSERT)</codeph> 
				</entry> 
				<entry>Ads inserted 
				</entry> 
			 </row> 
			 <row> 
				<entry/> 
				<entry>Replace, Auditude 
				</entry> 
				<entry>Delete, Auditude 
				</entry> 
				<entry><codeph>PlacementInfo (Type.CUSTOM_TIME_RANGE, Mode.DELETE),
					 PlacementInfo (Type.CUSTOM_TIME_RANGE, Mode.REPLACE)</codeph> 
				</entry> 
				<entry>Ranges replaced with ads 
				</entry> 
			 </row> 
			 <row> 
				<entry/> 
				<entry>Mark 
				</entry> 
				<entry>CustomAd 
				</entry> 
				<entry><codeph>PlacementInfo (Type.CUSTOM_TIME_RANGE,
					 Mode.MARK)</codeph> 
				</entry> 
				<entry>Ranges marked 
				</entry> 
			 </row> 
			 <row> 
				<entry/> 
				<entry>Mark, Auditude 
				</entry> 
				<entry>CustomAd, Auditude 
				</entry> 
				<entry><codeph>PlacementInfo (Type.CUSTOM_TIME_RANGE,
					 Mode.MARK)</codeph> 
				</entry> 
				<entry>Ranges marked 
				</entry> 
			 </row> 
		  </tbody> 
		</tgroup> 
	 </table>
	 </p> 
  </conbody> 
</concept> 
