<?xml version="1.0" encoding="UTF-8"?>
<!DOCTYPE concept PUBLIC "-//OASIS//DTD DITA Concept//EN" "technicalContent/dtd/concept.dtd">
<concept id="redirect-overview"> 
  <title>HTTP 302 redirect optimization</title> 
  <shortdesc>302 redirect optimization minimizes the number of 302 redirect
	 responses, which allows your application to load balance more effectively. 
  </shortdesc> 
  <conbody> 
	 <p> If a main manifest request is redirected, and 302 optimization is
		enabled in your player, subsequent requests made for assets from that manifest
		will use the final domain location, which avoids additional 302 responses. This
		feature is enabled by default, and you can change this setting. 
	 </p> 
	 <section id="section_8977448B268E41D69A8F75B60EB9DA3B">
		<title>Disable or enable 302 redirect optimization</title>
		<p>Use the 
		  <codeph>useRedirectedUrl</codeph> property to turn 302 redirect on
		  (<codeph>true</codeph>) or off (<codeph>false</codeph>). 
		</p>
	 </section>
	 <example id="example_888749F70C8A43279D06A29BD68E7E4D">For example: 
		<codeblock outputclass="syntax java">// Set useRedirectedUrl property to false
NetworkConfiguration networkConfiguration = new NetworkConfiguration();
networkConfiguration.setUseRedirectedUrl(false);

//Set NetworkConfiguration on MediaPlayerItemConfig
MediaPlayerItemConfig config = new MediaPlayerItemConfig ();
config.setNetworkConfiguration(networkConfiguration);

//Use this config when loading the MediaPlayerItem or calling replaceCurrentResource</codeblock> 
	 </example>
  </conbody> 
</concept> 
