<?xml version="1.0" encoding="UTF-8"?>
<!DOCTYPE concept PUBLIC "-//OASIS//DTD DITA Concept//EN" "technicalContent/dtd/concept.dtd">
<concept id="overview_audience_guide"
 xmlns:ditaarch="http://dita.oasis-open.org/architecture/2005/"> 
  <title>Product overview, audience, and this guide</title> 
  <shortdesc>This guide provides information about how to develop video player
	 applications by using 
	 TVSDK for Android, which is
	 implemented in Java. 
  </shortdesc> 
  <conbody> 
	 <section id="section_FC24E86A2E6442B8A3769160769BBDFA"> 
		<p> 
		<ul id="ul_04BE6D3195F341D5B43B58C72591487D"> 
		  <li id="li_084E03CE13B643C1BC1F5FC0D1E24C49">For a list of the features
			 that are supported by 
			 TVSDK, see 
			 <xref
			  href="c_psdk_android_2.5_overview-of-the-player.xml#c_psdk_overview-of-the-player-features"
			  format="dita" scope="local"><?xm-replace_text Primetime TVSDK features?></xref>.
			 
		  </li> 
		  <li id="li_C1255ECF1BF84B3BBEC4574D7E8FB267">For specific hardware and
			 software requirements for using 
			 TVSDK, see 
			 <xref href="c_psdk_android_2.5_requirements.xml#c_psdk_requirements"
			  format="dita" scope="local"><?xm-replace_text Requirements?></xref>. 
		  </li> 
		  <li id="li_38C707E9BCC64AF78A65A0926194F759">For a list of available
			 APIs, see 
			 <xref
			  href="http://help.adobe.com/en_US/primetime/api/psdk/javadoc_2.5/"
			  format="http" scope="external">TVSDK Android APIs</xref>.
		  </li>
		</ul> 
		</p> 
	 </section> 
	 <section id="section_9664959F25C948878F2F7EF3D360CA95"> 
		<title>Product overview</title> 
		<p>TVSDK includes API descriptions
		  and code samples to help you to integrate advanced video functionality, content
		  protection, and advertising features into your player. You use Java to create a
		  video player user interface. 
		  TVSDK helps you connect that
		  user interface to its media player. This allows you to play videos and
		  advertising based on media manifests. You can also use 
		  TVSDK to retrieve information
		  about the video, handle security, and control and monitor playback. 
		</p> 
	 </section> 
	 <section id="section_527860B373734D3BA89FCF5EC1F6DC37"> 
		<title>Audience</title> 
		<p>This guide assumes that you understand how to develop applications and
		  video players using Java. You implement your video player UI in Java, and
		  incorporate the 
		  TVSDK features you require. 
		</p> 
	 </section> 
	 <section id="section_9A5B2FC506B34B5DB71CA827B307A4D0"> 
		<title>About this guide</title> 
		<p>This guide provides information that allows you to incorporate 
		  TVSDK features in a video player
		  using Java on Android devices. 
		</p> 
	 </section> 
	 <section id="section_8B866054E9ED4B5F99DCA7A681404632"> 
		<title>Namespace notation in this guide</title> 
		<note type="tip">The 
		  TVSDK API namespace prefix 
		  <filepath>com.adobe.mediacore</filepath> is often omitted for brevity. 
		  <p>Many API elements are referred to without their parent class
			 designator if the context is clear. 
		  </p> 
		</note> 
	 </section> 
  </conbody> 
</concept> 
