<?xml version="1.0"?>
<!DOCTYPE task PUBLIC "-//OASIS//DTD DITA Task//EN" "task.dtd">
<task id="task_playback_use_default"> 
  <title>Use the default playback behavior</title> 
  <shortdesc> You can choose to use default ad behaviors. 
  </shortdesc> 
  <taskbody> 
	 <steps id="steps_4CC70168DF134AB1BFC2DC186A14B4CE"> 
		<step id="step_C2427F95D136443284C76B1CB49D9C0D"> 
		  <cmd>To use default behaviors, complete one of the following tasks:
		  </cmd> 
		  <info>
			 <ul id="ul_14F847D5F3BD4560B9C23E591F19E903">
				<li id="li_D0C840C3A1994788B878A92231716135">If you implement your
				  own 
				  <codeph>AdvertisingFactory</codeph> class, return null for 
				  <codeph>createAdPolicySelector</codeph>.
				</li>
				<li id="li_F1FC3821055949B08683D1107EA1B326">If you do not have a
				  custom implementation for the 
				  <codeph>AdvertisingFactory</codeph> class, TVSDK uses a default
				  ad policy selector. 
				</li>
			 </ul>
		  </info> 
		</step> 
	 </steps> 
  </taskbody> 
</task> 
