<?xml version="1.0" encoding="UTF-8"?>
<!DOCTYPE concept PUBLIC "-//OASIS//DTD DITA Concept//EN" "technicalContent/dtd/concept.dtd">
<concept id="c_psdk_android_reuse-or-remove-mediaplayer"
 xmlns:ditaarch="http://dita.oasis-open.org/architecture/2005/"> 
  <title>Reuse or remove a MediaPlayer instance</title> 
  <shortdesc>You can reset, reuse, or release a 
	 <codeph>MediaPlayer</codeph> instance that you no longer need. 
  </shortdesc> 
  <conbody> 
	 <section id="section_E6A2446A2D0B4ACD9EA980685B2E57D9"> 
		<title>Reset or reuse a MediaPlayer instance</title> 
		<p>When you reset a 
		  <codeph>MediaPlayer</codeph> instance, it is returned to its
		  uninitialized IDLE status as defined in 
		  <codeph>MediaPlayerStatus</codeph>. 
		</p>
		<p>This operation is useful in the following cases:
		</p> 
		<ul id="ul_8CD8E94853704884A86B371F01B7E717"> 
		  <li id="li_FC25AB6F8C7B4596998565836A674D8A">You want to reuse a 
			 <codeph>MediaPlayer</codeph> instance but need to load a new 
			 <codeph>MediaResource</codeph> (video content) and replace the
			 previous instance. 
			 <p>Resetting allows you to reuse the 
				<codeph>MediaPlayer</codeph> instance without the overhead of
				releasing resources, recreating the 
				<codeph>MediaPlayer</codeph>, and reallocating resources. 
			 </p> 
		  </li> 
		  <li id="li_AE15116279304B15A81DE90995280E93">When the 
			 <codeph>MediaPlayer</codeph> is in ERROR status and needs to be
			 cleared. 
			 <note type="important">This is the only way to recover from the ERROR
				status. 
			 </note> 
			 <ol id="ol_DEA8C1797FC642DC8B2225A678E84FAC"> 
				<li id="li_49834BC15E33418BA66160BDD7889C9E">Call 
				  <codeph>reset</codeph> to return the 
				  <codeph>MediaPlayer</codeph> instance to its uninitialized
				  status: 
				  <codeblock outputclass="syntax java">void reset() throws MediaPlayerException;
</codeblock> 
				</li> 
				<li id="li_73245134124F41B5BCFB773C7BA866D2">Use 
				  <codeph>MediaPlayer.replaceCurrentResource()</codeph> to load
				  another 
				  <codeph>MediaResource</codeph>. 
				  <note>To clear an error, load the same 
					 <codeph>MediaResource</codeph>. 
				  </note> 
				</li> 
				<li id="li_A1CE4A017E2749899378D16093BFEA87">When you receive the 
				  <codeph>STATUS_CHANGED</codeph> event callback with 
				  <codeph>PREPARED</codeph> status, start the playback. 
				</li> 
			 </ol> 
		  </li> 
		</ul> 
	 </section> 
	 <section id="section_13A0914AFF784943ABC343F7EB249C4E"> 
		<title>Release a MediaPlayer instance and resources</title> 
		<p>You should release a 
		  <codeph>MediaPlayer</codeph> instance and resources when you no longer
		  need the 
		  <codeph>MediaResource</codeph>. 
		</p> 
		<p>When you release a 
		  <codeph>MediaPlayer</codeph> object, the underlying hardware resources
		  that are associated with this 
		  <codeph>MediaPlayer</codeph> object are deallocated. 
		</p> 
		<p>Here are some reasons to release a 
		  <codeph>MediaPlayer</codeph>: 
		<ul id="ul_A640C04524984D22B1142BF9847E71ED"> 
		  <li id="li_C7C09279252D4937AFBBA614C04471DA">Holding unnecessary
			 resources can affect performance. 
		  </li> 
		  <li id="li_EC0A08DA8CB84E9D85E4BA7AAF648A51">Leaving an unnecessary 
			 <codeph>MediaPlayer</codeph> object instantiated can lead to
			 continuous battery consumption for mobile devices. 
		  </li> 
		  <li id="li_62257BD67DBA4357A96B55745C03E4A6">If multiple instances of
			 the same video-codec are not supported on a device, playback failure might
			 occur for other applications. 
		  </li> 
		</ul> 
		</p> 
		<ul id="ul_F3D067DA3E7140E888BC11F955F347F7"> 
		  <li id="li_B6C25B31F13143CA95EFC0A75BA1951D">Release the 
			 <codeph>MediaPlayer</codeph>. 
			 <codeblock outputclass="syntax java">void release() throws MediaPlayerException;</codeblock> 
			 <note>After the 
				<codeph>MediaPlayer</codeph> instance is released, you can no
				longer use it. If any method of the 
				<codeph>MediaPlayer</codeph> interface is called after it is
				released, a 
				<codeph>MediaPlayerException</codeph> is thrown. 
			 </note> 
		  </li> 
		</ul> 
	 </section> 
  </conbody> 
</concept> 
