<?xml version="1.0"?>
<!DOCTYPE reference PUBLIC "-//OASIS//DTD DITA Reference//EN" "reference.dtd">
<reference id="reference_trick_play_apis"> 
  <title>Rate-change API elements</title> 
  <shortdesc>TVSDK includes methods, properties, and events to determine valid
	 rates, current rates, whether trick play is supported, and other functionality
	 that are related to fast forward and rewind. 
  </shortdesc> 
  <refbody> 
	 <section id="section_E5D37C71323947E2AED8B866D9835E31">
		<p>Use the following API elements to change play rates: 
		<ul id="ul_5C675D75A6E946F4A145F5CFE0264880"> 
		  <li
			id="li_88C7B2CC937F4D118D25420778C6944A"><codeph>PlaybackRateEvent.getRate</codeph>
			 
		  </li> 
		  <li id="li_D0510917C5574FB9AC44A0DC316070D6"> 
			 <codeph>MediaPlayerEvent.RATE_SELECTED</codeph> 
		  </li> 
		  <li id="li_325DED983616453EB5B3DFE8AC971320"> 
			 <codeph>MediaPlayerEvent.RATE_PLAYING</codeph> 
		  </li> 
		  <li id="li_5AAC9EAE2F8F48A887B534E195359EDE"> 
			 <codeph>MediaPlayerItem.isTrickPlaySupported</codeph> 
		  </li> 
		  <li id="li_5D3CF36840CD44CBADE98F3B9B8231FA"> 
			 <codeph>MediaPlayerItem.getAvailablePlaybackRates</codeph>, which
			 specifies valid rates. 
		  </li> 
		</ul>
		</p>
		<p>
		<table id="table_198E21AAFB794A0D938C9404157ED88C"> 
		  <tgroup cols="2"> 
			 <colspec colnum="1" colname="col1" colwidth="1.12*"/> 
			 <colspec colnum="2" colname="col2" colwidth="1.00*"/> 
			 <thead> 
				<row> 
				  <entry colname="col1">Rate value 
				  </entry> 
				  <entry colname="col2">Effect on playback 
				  </entry> 
				</row> 
			 </thead> 
			 <tbody> 
				<row> 
				  <entry colname="col1"> 2.0, 4.0, 8.0, 16.0, 32.0, 64.0, 128.0 
				  </entry> 
				  <entry colname="col2">Switches to fast-forward mode with the
					 specified multiplier faster than normal (for example, 4 is 4 times faster than
					 normal) 
				  </entry> 
				</row> 
				<row> 
				  <entry colname="col1">-2.0, -4.0, -8.0, -16.0, –32.0, -64.0 ,
					 –128.0 
				  </entry> 
				  <entry colname="col2">Switches to fast-rewind mode 
				  </entry> 
				</row> 
				<row> 
				  <entry colname="col1">1.0 
				  </entry> 
				  <entry colname="col2">Switches to normal play mode (calling 
					 <codeph>play</codeph> is the same as setting the rate property
					 to 1.0) 
				  </entry> 
				</row> 
				<row> 
				  <entry colname="col1">0.0 
				  </entry> 
				  <entry colname="col2">Pauses (calling <codeph>pause</codeph> is the same as setting the rate
									property to 0.0) </entry> 
				</row> 
			 </tbody> 
		  </tgroup> 
		</table>
		</p> 
	 </section> 
  </refbody> 
</reference> 
