<?xml version="1.0" encoding="UTF-8"?>
<!DOCTYPE concept PUBLIC "-//OASIS//DTD DITA Concept//EN" "technicalContent/dtd/concept.dtd">
<concept id="c_psdk_drm-content-security"
 xmlns:ditaarch="http://dita.oasis-open.org/architecture/2005/"> 
  <title>Widevine DRM</title> 
  <shortdesc> You can use the features of the Primetime Digital Rights
	 Management (DRM) system to provide secure access to your video content.
	 Alternatively, you can use third-party DRM solutions as an alternative to
	 Adobe's integrated solution. 
  </shortdesc> 
  <conbody> 
	 <p>Contact your Adobe representative for the most up-to-date information on
		the availability of third-party DRM solutions. 
	 </p> 
	 <section id="section_1385440013EF4A9AA45B6AC98919E662"> 
		<p>You can use the Android native Widevine DRM with DASH streams. 
		</p> 
		<p>Call the following 
		  <codeph>com.adobe.mediacore.drm.DRMManager</codeph> API before starting
		  play: 
		  <codeblock outputclass="syntax java">public static void setProtectionData(
    String drm, 
    String licenseServerURL,  
    Map&lt;String, String&gt; requestProperties)</codeblock> Arguments: 
		  <ul id="ul_A1E81C417E304165AA31880AB13B458D"> 
			 <li id="li_622FCEF9D7D84D1B97EBD648B615C6BB"><codeph>drm</codeph> - 
				<codeph>"com.widevine.alpha"</codeph> for Widevine. 
			 </li> 
			 <li
			 id="li_FA07071BAB2C474D802D7A3B1554C302"><codeph>licenseServerURL</codeph> -
				The URL of the Widevine license server that receives license requests. 
			 </li> 
			 <li
			 id="li_2EA59E20AB854ACFA874AC9AED1334DB"><codeph>requestProperties</codeph> -
				Contains extra headers to include in the outgoing license request. 
			 </li> 
		  </ul> For example, when using content packaged for Expressplay DRM, use
		  the following code before playing: 
		  <codeblock outputclass="syntax java">DRMManager.setProtectionData(
  "com.widevine.alpha", 
  "https://wv.service.expressplay.com/hms/wv/rights/?ExpressPlayToken=<i>token</i>", 
  null);
</codeblock> 
		</p> 
	 </section> 
  </conbody> 
</concept> 
