<?xml version="1.0" encoding="UTF-8"?>
<!DOCTYPE concept PUBLIC "-//OASIS//DTD DITA Concept//EN" "technicalContent/dtd/concept.dtd">
<concept id="c_psdk_considerations"
 xmlns:ditaarch="http://dita.oasis-open.org/architecture/2005/"> 
  <title>Considerations and best practices</title> 
  <shortdesc>To use TVSDK most effectively, you should consider certain details
	 of its operation and follow certain best practices. 
  </shortdesc> 
  <conbody> 
	 <section id="section_tvsdk_considerations"> 
		<title>Considerations</title> 
		<p>Remember the following information when using TVSDK: 
		<ul id="ul_3245D84ED68A40789A5DA47F8A5E7A1A"> 
		  <li id="li_E69C9AD9C83447CE8E93B7AAA7136171">The TVSDK API is
			 implemented in Java. 
		  </li> 
		  <li id="li_92F12C82BE424F3290A6DB708EDF8D6D">Adobe Primetime does not
			 currently work on Android emulators. 
			 <p>You must use real devices for testing. 
			 </p> 
		  </li> 
		  <li id="li_0BD237F0B4D84860AF192B6E9225B826">Playback is supported only
			 for HTTP Live Streaming (HLS) content. 
		  </li> 
		  <li id="li_354B8A19BB024C8C88F55BEE2CCC1CB3">Main video content can be
			 multiplexed (video and audio streams in the same rendition) or nonmultiplexed
			 (video and audio streams in separate renditions). 
		  </li> 
		  <li id="li_A409CD4D46BE403B997575D1A48F22A0">Currently, you need to run
			 most TVSDK API operations on the UI thread, which is the main Android thread. 
			 <p>Operations that run correctly on the main thread may throw an
				error and exit when run on a background thread. 
			 </p> 
		  </li> 
		  <li id="li_805DF17DEFC44DBD83FE73B917DB6001">Video playback requires
			 the Adobe Video Engine (AVE). This affects how and when media resources can be
			 accessed: 
			 <ul id="ul_986B2D48E3684E3E8368D880719B574D"> 
				<li id="li_9C10FE5BCBA44886A7D5056F66764747"> Closed captioning is
				  supported to the extent provided by the AVE. 
				</li> 
				<li id="c_">Depending on encoder precision, the actual encoded
				  media duration might differ from the durations that are recorded in the stream
				  resource manifest. 
				  <p>There is no reliable way to resynchronize between the ideal
					 virtual timeline and the actual playout timeline. Progress tracking of the
					 stream playback for ad management and Video Analytics must use the actual
					 playout time, so reporting and user interface behavior might not precisely
					 track the media and advertisement content. 
				  </p> 
				</li> 
				<li id="li_5C2BC6CB6ADE4F7FB4A6F7283E134107">The incoming user
				  agent name for all media requests from the TVSDK on this platform is assigned
				  the following string pattern: 
				  <codeblock>"Adobe Primetime/" + <varname>originalUserAgent</varname> </codeblock>All ad-related calls use the Android default user agent or the
				  custom user agent if you set it while setting up ad-insertion metadata. 
				</li> 
			 </ul>
		  </li> 
		</ul> 
		</p> 
	 </section> 
	 <section id="section_tvsdk_best_practices"> 
		<title>Best practices</title> 
		<p>Here are recommended practices for TVSDK: 
		</p> 
		<p> 
		<ul id="ul_79CF7CD7B572469EA19B2ED8F80BEBFF"> 
		  <li id="li_8BF6C6E9CCAF492F860C2FB9DBA274D4">Use HLS version 3.0 or
			 above for program content. 
		  </li> 
		  <li id="li_6017958F85A34882B67FA616E105B636">Run most TVSDK operations
			 on the main (UI) thread, not on background threads. 
		  </li> 
		  <li id="li_CC8BDEC7684B48E0851C952480FB6248">For TVSDK 3.0 for Android,
			 lazy ad resolving is on by default. 
			 <p>For content with no pre-roll or mid-roll, you can use 
				<codeph>AdvertisingMetadata.setPreroll(false)</codeph> to
				accelerate content loading. 
			 </p> 
		  </li> 
		</ul> 
		</p> 
	 </section> 
  </conbody> 
</concept> 
