<?xml version="1.0" encoding="UTF-8"?>
<!DOCTYPE task PUBLIC "-//OASIS//DTD DITA Task//EN" "technicalContent/dtd/task.dtd">
<task id="t_ad-markers-control-seek"> 
  <title>Control playback behavior for seeking over custom ad markers</title> 
  <shortdesc>You can override the default behavior for how TVSDK handles seeks
	 over ads when using custom ad markers. 
  </shortdesc> 
  <taskbody> 
	 <context id="context_246118DF44B84603AD645BB82772E1A6"> 
		<p>By default, when a user seeks into or past ad sections that result
		  from the placement of custom ad markers, TVSDK skips the ads. This might differ
		  from the current playback behavior for standard ad breaks. You can set TVSDK to
		  reposition the playhead to the beginning of the most recently skipped custom ad
		  when the user seeks past one or more custom ads.
		</p> 
	 </context> 
	 <steps id="steps_30E2A72A8A6E438DB9740E8D6BEB76FD"> 
		<step id="step_80EF6D0210E64CCFB6E48D1FD1030C83"> 
		  <cmd>Call 
			 <codeph>CustomRangeMetadata.setAdjustSeekPosition</codeph> with 
			 <codeph>true</codeph>.
		  </cmd> 
		  <info> 
			 <codeblock outputclass="syntax java">customRangeMetadata.setAdjustSeekPosition (true);</codeblock> 
		  </info> 
		</step> 
		<step id="step_DE95C1B1262C45A2AF57413C9EE37017"> 
		  <cmd>Use 
			 <codeph>customRangeMetadata</codeph> in 
			 <codeph>MediaPlayerItemConfig</codeph>.
		  </cmd> 
		  <info> 
			 <codeblock outputclass="syntax java">// Set customRangeMetadata
config.setCustomRangeMetadata(customRangeMetadata);

// prepare the content for playback by calling replaceCurrentResource
mediaPlayer.replaceCurrentResource(mediaResource, config);
</codeblock> 
		  </info> 
		</step> 
	 </steps> 
  </taskbody> 
</task> 
