<?xml version="1.0" encoding="UTF-8"?>
<!DOCTYPE concept PUBLIC "-//OASIS//DTD DITA Concept//EN" "technicalContent/dtd/concept.dtd">
<concept id="qos-statistics"
 xmlns:ditaarch="http://dita.oasis-open.org/architecture/2005/"> 
  <title>Quality of service statistics</title> 
  <shortdesc>Quality of service (QoS) provides a detailed view into how the
	 video engine is performing. TVSDK provides detailed statistics about playback,
	 buffering, and devices. 
  </shortdesc> 
  <conbody> 
	 <p> TVSDK also provides information about the following downloaded
		resources: 
	 <ul id="ul_6543BC7E34D74CE58CF3E843F280EA2E"> 
		<li id="li_AA3AA3BA27AA45E8B4E5F7903B0CE52E">Playlist/manifest files 
		</li> 
		<li id="li_AA930E5DCA6F4FCBA3F287D45FE20EDF">File fragments 
		</li> 
		<li id="li_0C93E2237C444192A7C0C3E3590AD560">Tracking information for
		  files 
		</li> 
	 </ul> 
	 </p> 
	 <section id="section_4439D91E8EDC45588EF1D7BE25697350">
		<title>Track at the fragment level using load information</title>
		<p>You can read quality of service (QoS) information about downloaded
		  resources, such as fragments and tracks, from the 
		  <codeph>LoadInformation</codeph> class.
		</p>
		<ol id="ol_D135259F26BD4394A65A1FE3DEBC53AA">
		  <li id="li_8B49BB1AB6D2482CBD5DEC7EBFF5B11F">Implement and register the
			 
			 <codeph>MediaPlayerEvent.LOAD_INFORMATION_AVAILABLE</codeph> event
			 listener. 
		  </li>
		  <li id="li_3C84DC9495E74DA2B25EB2430BD2ECD2">Call 
			 <codeph>event.getLoadInformation()</codeph> to read the relevant data
			 from the 
			 <codeph>event</codeph> parameter that is passed to the callback. 
			 <note>For more about 
				<codeph>LoadInformation</codeph>, see 
				<xref
				 href="http://help.adobe.com/en_US/primetime/api/psdk/javadoc_2.5/index.html"
				 format="html" scope="external">2.5 for Android (Java)</xref> API docs.
			 </note>
		  </li>
		</ol>
	 </section>
	 <section id="section_D21722600F324E67A9F06234D338B243">
		<title>Read QOS playback, buffering, and device statistics</title>
		<p>You can read playback, buffering, and device statistics from the 
		  <codeph>QOSProvider</codeph> class. 
		</p>
		<p>The 
		  <codeph>QOSProvider</codeph> class provides various statistics,
		  including information about buffering, bit rates, frame rates, time data, and
		  so on. It also provides information about the device, such as the manufacturer,
		  model, operating system, SDK version, manufacturer's device ID, and screen
		  size/density. 
		</p>
		<ol id="ol_237EE6855EC24E4E8453B8B8581C4F38">
		  <li id="li_C4A6CDCFA5934D7CA9F05CB971BACEB7">Instantiate a media
			 player. 
		  </li>
		  <li id="li_56941247AB6248CDB832F7095F56B16F">Create a 
			 <codeph>QOSProvider</codeph> object and attach it to the media
			 player. 
			 <p>The 
				<codeph>QOSProvider</codeph> constructor takes a player context so
				that it can retrieve device-specific information. 
				<codeblock outputclass="syntax java">// Create Media Player.
_mediaQosProvider = new QOSProvider(getActivity().getApplicationContext());
_mediaQosProvider.attachMediaPlayer(_mediaPlayer);</codeblock> 
			 </p>
		  </li>
		  <li id="li_A4E7D04767AD4B33A2C10EC76BF2FC31">(Optional) Read the
			 playback statistics. 
			 <p>One solution to read playback statistics is to have a timer, that
				periodically fetches the new QoS values from the 
				<codeph>QOSProvider</codeph>. 
			 </p> 
			 <p>For example: 
				<codeblock outputclass="syntax java">_playbackClock = new Clock(PLAYBACK_CLOCK, 1000); // every 1 second
_playbackClockEventListener = new Clock.ClockEventListener() {
    @Override
    public void onTick(String name) {
        getActivity().runOnUiThread(new Runnable() {
            @Override
            public void run() {
                PlaybackInformation playbackInformation = 
                  _mediaQosProvider.getPlaybackInformation(); 
                setQosItem("Frame rate", (int) playbackInformation.getFrameRate()); 
                setQosItem("Dropped frames", (int) playbackInformation.getDroppedFrameCount());
                setQosItem("Bitrate", (int) playbackInformation.getBitrate());
                setQosItem("Buffering time", (int) playbackInformation.getBufferingTime()); 
                setQosItem("Buffer length", (int) playbackInformation.getBufferLength()); 
                setQosItem("Buffer time", (int) playbackInformation.getBufferTime()); 
                setQosItem("Empty buffer count", (int) playbackInformation.getEmptyBufferCount()); 
                setQosItem("Time to load", (int) playbackInformation.getTimeToLoad()); 
                setQosItem("Time to start", (int) playbackInformation.getTimeToStart());
                setQosItem("Time to prepare", (int) playbackInformation.getTimeToPrepare());
                setQosItem("Perceived Bandwidth", (int) playbackInformation.getPerceivedBandwidth());  
                playbackInformation.getPerceivedBandwidth());
            }
        });
    };
};
</codeblock> 
			 </p>
		  </li>
		  <li id="li_7756C9F6903B463CA0D44368EE57E5A8">(Optional) Read the
			 device-specific information.
			 <codeblock outputclass="syntax java">// Show device information
DeviceInformation deviceInfo = new QOSProvider(parent.getApplicationContext()).
                               getDeviceInformation();
tv = (TextView) view.findViewById(R.id.aboutDeviceModel);
tv.setText(parent.getString(R.string.aboutDeviceModel) + " " + 
  deviceInfo.getManufacturer() + " - " + deviceInfo.getModel());

tv = (TextView) view.findViewById(R.id.aboutDeviceSoftware);
tv.setText(parent.getString(R.string.aboutDeviceSoftware) + " " + 
  deviceInfo.getOS() + ", SDK: " + deviceInfo.getSDK());

tv = (TextView) view.findViewById(R.id.aboutDeviceResolutin);
String orientation = parent.getResources().getConfiguration().orientation == 
  Configuration.ORIENTATION_LANDSCAPE ? "landscape" : "portrait";
tv.setText(parent.getString(R.string.aboutDeviceResolution) + " " + 
  deviceInfo.getWidthPixels() + "x" + deviceInfo.getHeightPixels() + 
  " (" + orientation + ")");
</codeblock>
		  </li>
		</ol>
	 </section>
  </conbody> 
</concept> 
