<?xml version="1.0" encoding="UTF-8"?>
<!DOCTYPE reference PUBLIC "-//OASIS//DTD DITA Reference//EN" "technicalContent/dtd/reference.dtd">
<reference id="drm-overview-ref"
 xmlns:ditaarch="http://dita.oasis-open.org/architecture/2005/"> 
  <title>Primetime DRM interface overview</title> 
  <shortdesc>The key client-side element of the Primetime DRM solution is the
	 DRM Manager. The sample application that is included with the Android SDK also
	 includes a 
	 <codeph>DRMHelper</codeph> class that can be used to make certain DRM
	 operations easier to implement. 
  </shortdesc> 
  <refbody> 
	 <section id="section_4DD54E085AB345FE9BE00865E56B28DB"> 
		<p>Primetime DRM provides a scalable, efficient
		  workflow to implement content protection in TVSDK applications. You protect and
		  manage the rights to your video content by creating a license for each digital
		  media file. 
		</p> 
		<p>For more information, see the DRM sample player code that is included
		  in the TVSDK package. 
		</p> 
		<p>Here are the most important API elements for working with DRM: 
		<ul id="ul_DBC56B4C422B4190B95AC9629C170A90"> 
		  <li id="li_782BDA8121F04C9596779280C0953A7B"> 
			 <p>A reference in the media player to the DRM manager object that
				implements the DRM subsystem: 
				<codeblock outputclass="syntax java">MediaPlayer.getDRMManager();</codeblock> 
				<note type="tip">This API will return a valid 
				  <codeph>DRMManager</codeph> object only after the 
				  <codeph>MediaPlayerEvent.DRM_METADATA</codeph> is fired. If you
				  call 
				  <codeph>getDRMManager()</codeph> before this event fires, it
				  might return NULL. 
				</note> 
			 </p> 
		  </li> 
		  <li id="li_BAADFA22A05746B1863FC42B272B7337"> The <codeph>DRMHelper</codeph> helper class, which
						is useful when implementing DRM workflows. </li> 
		  <li id="li_5BC06FB59E254383805F82BB60C65BAD"> A 
			 <codeph>DRMHelper</codeph> metadata loader method, which loads DRM
			 metadata when it is located in a separate URL from the media. 
			 <codeblock outputclass="syntax java">public static void loadDRMMetadata(final DRMManager drmManager, 
   final String drmMetadataUrl, 
   final DRMLoadMetadataListener loadMetadataListener);</codeblock> 
		  </li> 
		  <li id="li_0B05CA8C34AF4A92B904C79F096D16B9"> A 
			 <codeph>DRMHelper</codeph> method to check the DRM metadata and
			 determine whether authentication is required. 
			 <codeblock outputclass="syntax java">/**
* Return whether authentication is needed for the provided
* DRMMetadata.
*
* @param drmMetadata
* The desired DRMMetadata on which to check whether auth is needed.
* @return whether authentication is required for the provided metadata
*/
public static boolean isAuthNeeded(DRMMetadata drmMetadata);</codeblock> 
		  </li> 
		  <li id="li_44B35BC07C874DD1875D2090B58A785F"> 
			 <codeph>DRMHelper</codeph> method to perform authentication. 
			 <codeblock importance="obsolete" outputclass="syntax java">/**
* Helper method to perform DRM authentication.
*
* @param drmManager
* the DRMManager, used to perform the authentication.
* @param drmMetadata
* the DRMMetadata, containing the DRM specific information.
* @param authenticationListener
* the listener, on which the user can be notified about the
* authentication process status.
* @param authUser
* the DRM username provider by the user.
* @param authPass
* the DRM password provided by the user.
*/
public static void performDrmAuthentication(final DRMManager drmManager, 
final DRMMetadata drmMetadata, 
final String authUser, 
final String authPass, 
final DRMAuthenticationListener authenticationListener);</codeblock> 
		  </li> 
		  <li id="li_FF29A6D9A48342AD8256A076473A1A5C">Events that notify your
			 application about various DRM activities and status. 
		  </li> 
		</ul> 
		</p> 
	 </section> 
	 <section id="section_F58941D68EB94A5EBD1C7454D2A1B17A"> 
		<p>For more information about DRM, see the 
		  <xref href="http://help.adobe.com/en_US/primetime/drm" format="html"
			scope="external"> DRM documentation</xref>. 
		</p> 
	 </section> 
  </refbody> 
</reference> 
