<?xml version="1.0" encoding="UTF-8"?>
<!DOCTYPE concept PUBLIC "-//OASIS//DTD DITA Concept//EN" "technicalContent/dtd/concept.dtd">
<concept id="c_psdk_lazy-ad-resolving"
 xmlns:ditaarch="http://dita.oasis-open.org/architecture/2005/"> 
  <title>Just-in-Time Ad Resolving</title> 
  <shortdesc>Ad resolving and ad loading may cause an unacceptable delay for a
	 user waiting for playback to start. The Lazy Ad Loading and Lazy Ad Resolving
	 features can reduce this startup delay. Lazy Ad Resolving has changed
	 significantly in the 3.0 version. In Lazy Ad loading prior to 3.0, ad
	 resolution was broken into two steps, resolving just pre-rolls ads prior to the
	 PREPARED status, and mid-rolls and post-rolls after the PREPARED status. This
	 has changed and ad breaks are now resolved at a specified interval prior to the
	 position of the ad break. 
  </shortdesc> 
  <prolog> 
	 <metadata> 
		<keywords> 
		  <keyword>Lazy</keyword> 
		  <keyword>Ad resolving</keyword> 
		  <keyword>Ad loading</keyword> 
		</keywords> </metadata>
  </prolog> 
  <conbody> 
	 <p> 
	 <ul id="ul_xgb_cwx_fz"> 
		<li id="li_8933C429914A4761A0324FEA8D46D81E">Basic ad resolving and
		  loading process: 
		  <ol id="ol_f1p_2fs_fz"> 
			 <li id="li_2338A1E412734D80AF7BAE9CC8ACC493"> TVSDK downloads a
				manifest (playlist) and 
				<i>resolves</i> all of the ads. 
			 </li> 
			 <li id="li_F7331E2E49284EF58A8FA97EE4D0BE36"> TVSDK 
				<i>loads</i> all of the ads and places them on the timeline. 
			 </li> 
			 <li id="li_BDAB5F4A85CA47A29705B5B64343E3A7"> TVSDK moves the player
				into the PREPARED status, and content playback begins. 
			 </li> 
		  </ol> 
		  <p>The player uses the URLs in the manifest to obtain the ad content
			 (creatives), ensures that the ad content is in a format that TVSDK can play,
			 and TVSDK places the ads on the timeline. This basic process of resolving and
			 loading ads can cause an unacceptably long delay for a user waiting to play
			 their content, especially if the manifest contains several ad URLs. 
		  </p> 
		</li> 
		<li id="li_1B6E289B8A4C411C94F3E22163AF6094"><i>Lazy Ad Loading</i>: 
		  <ol id="ol_gdf_pqs_fz"> 
			 <li id="li_380DF2684F6C4A2D90D191CBDCF72D9A">TVSDK downloads a
				playlist and 
				<i>resolves</i> all of the ads. 
			 </li> 
			 <li id="li_724E432AEE6949EEA791AF671BD70163">TVSDK 
				<i>loads</i> pre-roll ads, moves the player into the PREPARED
				status, and content playback begins. 
			 </li> 
			 <li id="li_A06364E424074317AECA92B6B1AD9296">TVSDK 
				<i>loads</i> the remaining ads and puts them on the timeline as
				playback occurs. 
			 </li> 
		  </ol>This feature improves upon the basic process by putting the player
		  into the PREPARED status before all ads are loaded. 
		</li> 
		<li id="li_93EDA516DCE84EF98F154C529CF20864"> 
		  <p><i>Lazy Ad Resolving</i>: 
		  <ol id="ol_ct5_mrs_fz"> 
			 <li id="li_8FE9BA8A0EE94DFE9AAA3D6F8924718C"> TVSDK downloads the
				playlist. 
			 </li> 
			 <li id="li_8F57619586EF4F4AB5963FB9491219CD">TVSDK resolves and loads
				any pre-roll ads, moves the player into the PREPARED status, and content
				playback begins. 
			 </li> 
			 <li id="li_39C6DA507A2A45ACB5785E48A9B05443"> TVSDK resolves and each
				of the remaining ad breaks individually based on the following calculation: 
				<p><codeph>AdvertisingMetadata::getDelayAdLoadingTolerance() +
					 PlayBufferTime::playBufferTime + the value defined in
					 EXT-X-TARGETDURATION</codeph> 
				</p> 
				<p> By default, for content with a 6 second Target duration, this
				  will be 5.0 + 30.0 + 6.0 seconds (41 seconds) 
				</p> 
			 </li> 
			 <li id="li_E9D4FCEC3A3A4CCEA4B77B276D8EF3B8">If an ad break occurs
				within 10 seconds of the start position, it will get resolved along with
				pre-roll ads prior to the PREPARED status. 
			 </li> 
		  </ol> 
		  </p> 
		</li> 
	 </ul> 
	 </p> 
	 <note type="important"><b>Factors to consider with Lazy Ad Resolving:</b> 
		<p> 
		<ul id="ul_08F21C12113645DCAF5BBC7832337937"> 
		  <li id="li_2C014F77EA0E42BA87FA1B23FA447535">Lazy Ad Resolving is only
			 supported for VOD streams only with modes SERVER_MAP and MANIFEST_CUES. 
		  </li> 
		  <li id="li_C441F374C135402D8E9A7FA7209CBB76">Lazy Ad Resolving is not
			 enabled by default. If disabled, all ads are resolved on VOD streams before
			 playback starts. 
		  </li> 
		  <li id="li_9811888DA92049FFB1C234E241B2D72F">Lazy Ad Resolving is
			 incompatible with the Instant On feature. For more information about Instant
			 On, see Instant On. 
		  </li> 
		  <li id="li_471B70E7D927476AA05A93D55E59BD0E">With Lazy Ad Resolving,
			 while seeking forward over an ad break, the closest ad break to the seek
			 position will be resolved during the seek. 
		  </li> 
		  <li id="li_0971DCE434CB42FE90231575DE24C5EE">With Lazy Ad Resolving, if
			 multiple ad breaks exist at the same time (VMAP), they will be resolved at the
			 same time. 
		  </li> 
		  <li id="li_B9ABA9F76DA14C35BCB448E5AF393F0A">It is not recommended to
			 reduce the value of 
			 <i>setDelayAdLoadingTolerance() 
			 </i>below the default value (5 seconds). Doing so could cause the
			 player to "buffer" unnecessarily. 
		  </li> 
		  <li id="li_5846DB469FD443048FFCFD4B633E0585">Lazy Ad Resolving does not
			 affect pre-roll ads. 
		  </li>
		  <li id="li_6B9A0696184242F6B9379E9CD506DC0F">Lazy Ad Resolving is
			 currently supported with the Auditude-Plugin. It is recommended to not set 
			 <i>setDelayAdLoading</i>to true if you are using a custom resolver.
		  </li> 
		</ul> 
		</p> 
	 </note> 
  </conbody> 
</concept> 
