<?xml version="1.0"?>
<!DOCTYPE task PUBLIC "-//OASIS//DTD DITA Task//EN" "task.dtd">
<task id="t_psdk_enable-lazy-ad-resolve-resolving"> 
  <title>Enable lazy ad resolving</title> 
  <shortdesc>You can enable or disable the Lazy Ad Resolving feature using the
	 existing Lazy Ad Loading mechanism (Lazy Ad Resolving is disabled by default). 
  </shortdesc> 
  <prolog> 
	 <metadata> 
		<keywords> 
		  <keyword>Lazy</keyword> 
		  <keyword>Ad resolving</keyword> 
		  <keyword>Ad loading</keyword> 
		  <keyword>delayLoading</keyword> 
		</keywords> </metadata>
  </prolog> 
  <taskbody> 
	 <context id="context_4D6F770357AF423A9CB5B4BE0DF59AA1"> 
		<p>You can enable or disable Lazy Ad Resolving by calling 
		  <codeph><xref
			 href="http://help.adobe.com/en_US/primetime/api/psdk/javadoc_2.4/com/adobe/mediacore/metadata/AdvertisingMetadata.html#setDelayAdLoading-boolean-"
			 format="html"
			 scope="external">AdvertisingMetadata.setDelayLoading</xref></codeph> with true
		  or false. 
		</p>
		<p>
		<ul id="ul_345ADE09EFEE4E149734403D6ED4E3E2">
		  <li id="li_77E3F6AF8B274992A55AEDBD215BD9EE"> Use the Boolean 
			 <i>hasDelayAdLoading</i> and 
			 <i>setDelayAdLoading</i> methods in AdvertisingMetadata to control
			 the timing of ad resolution and the placement of ads on the timeline:
			 <ul id="ul_60F53CD89EB84FD98F5060E183B3236A">
				<li id="li_7E7AE51D794149C2BD8A195B2A389F64">If 
				  <i>hasDelayAdLoading</i> returns false, TVSDK waits until all ads
				  are resolved and placed before transitioning to the PREPARED state.
				</li>
				<li id="li_E91BE21A9C094778920A03CF2D07D711">If 
				  <i>hasDelayAdLoading</i> returns true, TVSDK resolves only the
				  initial ads and transitions to the PREPARED state.
				  <ul id="ul_17E7806585294AF8A2466721AE97A0D6">
					 <li id="li_70467F696DF7428CBC34B27BCD8D91E6">The remaining ads
						are resolved and placed during playback.
					 </li>
				  </ul>
				</li>
				<li id="li_27E2AB42A41447AE8811F5A6647CE06E">When 
				  <i>hasPreroll 
				  </i>or 
				  <i>hasLivePreroll</i> return false, TVSDK assumes that there is
				  no preroll ad and starts the playback of the content immediately. These are
				  default set to true.
				</li>
			 </ul>
		  </li>
		</ul>
		</p>
		<p><b>APIs relevant to lazy ad resolution: 
		  </b>
		</p>
		<codeblock>Class:    com.adobe.mediacore.metadata.AdvertisingMetadata
Methods:
    public final boolean hasDelayAdLoading() // Check if Lazy Ad Resolving enabled
    public final void setDelayAdLoading() // Enable or disable Lazy Ad Resolving
    public final void setDelayAdLoadingTolerance() // Sets the Lazy Ad Resolving Tolerance level.  This value is added to the BufferControlParameters::playBufferTime and the content's EXT-X-TARGETDURATION to determine when ad breaks should resolve
    public final double getDelayAdLoadingTolerance() // Gets the Lazy Ad Resolving Tolerance level
    public final boolean hasPreroll() // Check for existence of pre-roll ads
    public final void setPreroll() // Set pre-roll true or false
    public final boolean hasLivePreroll() // Check for live pre-roll ads
    public final void setLivePreroll() // Set live pre-roll true or false
 
 
Class:     com.adobe.mediacore.timeline.TimelineMarker
Methods:
    public double getDuration() // Returns the current duration of the TimelineMarker.  This will be zero if the ad break has not yet resolved.
    public Placement.Type getPlacementType() // Returns whether</codeblock>
		<p>To accurately reflect ads as cues on a scrub bar, listen for the 
		  <i>TimelineEvent 
		  </i>event and redraw the scrub bar every time you receive this event.
		</p>
		<p>When Lazy Ad Resolving is enabled for VOD streams, all ad breaks are
		  placed on the timeline, however, many of the ad breaks will not be resolved
		  yet. The application can determine whether or not to draw these markers by
		  checking the 
		  <codeph>TimelineMarker::getDuration()</codeph>. If the value is greater
		  than zero, then the ads within the ad break have been resolved.
		</p>
		<p>TVSDK dispatches this event when an ad break has been resolved, and
		  also when the player transitions to the PREPARED status.
		</p>
		<codeblock>mediaPlayer.addEventListener(MediaPlayerEvent.TIMELINE_UPDATED, timelineUpdatedEventListener);
/**
* ...
*/
public void onTimelineUpdated(TimelineEvent event) {
for (PlaybackManagerEventListener listener : eventListeners) {
  listener.onUpdate(getLocalSeekRange(), event.getTimeline());
}</codeblock> 
	 </context> 
  </taskbody> 
</task> 
