<?xml version="1.0"?>
<!DOCTYPE task PUBLIC "-//OASIS//DTD DITA Task//EN" "task.dtd">
<task id="t_psdk_enable-lazy-ad-resolve-resolving"> 
  <title>Upgrading from 2.5.x Lazy Ad Resolving to 3.0.0 Lazy Ad Resolving
	 (API/Workflow changes):</title> 
  <shortdesc> The com.adobe.mediacore.timeline.TimelineMarker interface now
	 contains a new method: 
  </shortdesc> 
  <taskbody> 
	 <context id="context_4D6F770357AF423A9CB5B4BE0DF59AA1"> 
		<p><b>Placement.Type getPlacementType()</b> 
		</p> 
		<p>This method will return a placement type of Placement.Type.PRE_ROLL,
		  Placement.Type.MID_ROLL or Placement.Type.POST_ROLL. If an ad break is
		  unresolved, the 
		  <codeph>getDuration()</codeph>method on the TimelineMarker interface
		  will return 0. 
		</p> 
		<note>This interface not always cast into the type
		  com.mediacore.timeline.advertising.AdBreakTimelineItem if it has not yet been
		  resolved. It will be able to be casted if the 
		  <codeph>getDuration()</codeph> method of the TimelineMarker is greater
		  than 0. 
		</note> 
		<p><b>Event changes:</b> 
		</p> 
		<p><codeph> kEventAdResolutionComplete</codeph> is now depreciated and is
		  now triggered immediately after the player enters the PREPARED status.
		  Applications that previously only listened to this event to draw the scrub bar
		  should change this to listen for 
		  <codeph>kEventTimelineUpdated</codeph> only. After individual ad breaks
		  are resolved, a new 
		  <codeph>kEventTimelineUpdated</codeph> event will be dispatched. 
		</p> 
	 </context> 
  </taskbody> 
</task> 
