<?xml version="1.0" encoding="UTF-8"?>
<jcr:root xmlns:sling="http://sling.apache.org/jcr/sling/1.0" xmlns:jcr="http://www.jcp.org/jcr/1.0"
    jcr:primaryType="sling:OrderedFolder">
    <en/>
    <images/>
    <icons/>
    <attachments/>
    <jp/>
    <test/>
    <shared/>
    <newsletter/>
    <mnemonics/>
    <de/>
    <jcr:content/>
    <InDesign/>
    <fr/>
    <three-keying-effects-premiere-cc/>
    <CreateRuleIcon.png/>
    <lightroom-mobile-for-android_297x176.jpg/>
    <lightroom-mobile-for-android_730x280.jpg/>
    <lightroom-mobile-for-android_1800x1012.jpg/>
    <remove-object-360-footage_297x176.jpg/>
    <remove-object-360-footage_730x280.jpg/>
    <remove-object-360-footage_1000x560.jpg/>
    <create-film-noir-effect_1000x560.jpg/>
    <create-film-noir-effect_730x280.jpg/>
    <create-film-noir-effect_297x176.jpg/>
    <render-video-for-youtube_1000x560.jpg/>
    <render-video-for-youtube_730x280.jpg/>
    <render-video-for-youtube_297x176.jpg/>
    <assets-and-3d-stock_297x176.jpg/>
    <assets-and-3d-stock_730x280.jpg/>
    <assets-and-3d-stock_1000x560.jpg/>
    <add-import-3d-model_297x176.jpg/>
    <add-import-3d-model_730x280.jpg/>
    <add-import-3d-model_1000x560.jpg/>
    <make-a-selection_297x176.jpg/>
    <make-a-selection_730x280.jpg/>
    <make-a-selection_1000x560.jpg/>
    <move-rotate-scale-objects_297x176.jpg/>
    <move-rotate-scale-objects_730x280.jpg/>
    <move-rotate-scale-objects_1000x560.jpg/>
    <dimension_for_photoshop_users_297x176.jpg/>
    <dimension_for_photoshop_users_730x280.jpg/>
    <dimension_for_photoshop_users_1000x560.jpg/>
</jcr:root>
