<?xml version="1.0" encoding="UTF-8"?>
<jcr:root xmlns:cq="http://www.day.com/jcr/cq/1.0" xmlns:jcr="http://www.jcp.org/jcr/1.0"
    jcr:primaryType="cq:Page">
    <jcr:content/>
    <tvsdk-1-4-android/>
    <tvsdk-31-ios/>
    <TVSDK-1-4-Desktop-HLS/>
    <tvsdk-30-android/>
    <offline_packager_2x_release_note/>
    <primetime-streaming-server-1x/>
    <tvsdk-24-android/>
    <tvsdk-23-dhls/>
    <tvsdk-21-ps4/>
    <psdk-12-desktop/>
    <tvsdk_24_xbox1_js/>
    <tvsdk_24_browser/>
    <drm-531-release-notes/>
    <tvsdk-27-android/>
    <tvsdk-1-4-ios/>
</jcr:root>
