<?xml version="1.0" encoding="UTF-8"?>
<!DOCTYPE concept PUBLIC "-//OASIS//DTD DITA Concept//EN" "concept.dtd">
<concept id="c-aaxs-xgep-sdg-issuing-licenses-managing-domains"> 
  <title class="- topic/title ">Managing Domains</title> 
  <conbody> 
	 <p class="- topic/p ">To prevent users from being able to backup and
		restore their files in an effort to bypass domain de-registration, it is
		recommended that one of the following approaches be implemented for domain
		management:
	 <ul class="- topic/ul " id="ul-npm-w4z-n4"> 
		<li class="- topic/li " id="li-33A28C5F9D33421490671B1E1F4D3206"> 
		  <p class="- topic/p ">Limit the amount of time the domain credentials
			 are valid. Clients will need to contact the domain server to re-acquire domain
			 credentials when they expire. At that time, the Domain Server can ensure that
			 the machine is still authorized to be a member of the domain.
		  </p> 
		</li> 
		<li class="- topic/li " id="li-919DCA288BBF47E092194FA28BE751D3"> 
		  <p class="- topic/p ">Rollover the domain keys each time a user
			 de-registers. The License Server should only issue licenses to clients that
			 have the latest domain key. This assumes that the License Server can
			 co-ordinate with the Domain Server to know which key is the latest. Rolling
			 over the domain keys involves generating a new key pair for the domain. When
			 rolling over the keys for a particular domain, be sure to increment the key
			 version in 
			 <codeph
			  class="+ topic/ph pr-d/codeph ">generateDomainCredential</codeph>. For more
			 information on implementing a key rollover, see 
			 <i class="+ topic/ph hi-d/i ">RefImplDomainReqHandler</i> in the
			 Reference Implementation.
		  </p> 
		</li> 
		<li class="- topic/li " id="li-CA30F683F61B4C9590000D7990402AF3"> 
		  <p class="- topic/p ">If the domain server is the same as the license
			 server, the server can use the rollback counter to detect backup and restore.
			 See 
			 <i class="+ topic/ph hi-d/i ">Processing Adobe Access requests 
			 </i>in 
			 <i class="+ topic/ph hi-d/i ">Using the Adobe Access SDK for
				Protecting Content.</i>
		  </p> 
		</li> 
	 </ul>
	 </p> 
  </conbody> 
</concept> 
