<?xml version="1.0" encoding="UTF-8"?>
<!DOCTYPE concept PUBLIC "-//OASIS//DTD DITA Concept//EN" "concept.dtd">
<concept id="c-aaxs-xgep-sdg-network-topology-nw-protocols"> 
  <title class="- topic/title ">Network protocols used by Adobe Access</title> 
  <conbody> 
	 <p class="- topic/p ">When you configure a secure network architecture, the
		network protocols in the following table are required for interaction between
		Adobe Access and other systems in your enterprise network.
	 </p> 
	 <table frame="all" colsep="1" rowsep="1"
	  class="+ topic/table adobe-d/table " id="table-itc-33z-n4"> 
		<tgroup cols="2" colsep="1" rowsep="1" outputclass="Table.format"
		 class="- topic/tgroup "> 
		  <colspec colnum="1" colname="1" colwidth="1.389in"
			class="- topic/colspec "/> 
		  <colspec colnum="2" colname="2" colwidth="3.667in"
			class="- topic/colspec "/> 
		  <thead class="- topic/thead "> 
			 <row rowsep="1" class="- topic/row "> 
				<entry colname="1" class="- topic/entry "> 
				  <p class="- topic/p ">Protocol
				  </p> 
				</entry> 
				<entry colname="2" class="- topic/entry "> 
				  <p class="- topic/p ">Use
				  </p> 
				</entry> 
			 </row> 
		  </thead> 
		  <tbody class="- topic/tbody "> 
			 <row rowsep="1" class="- topic/row "> 
				<entry colname="1" class="- topic/entry "> 
				  <p class="- topic/p ">HTTP
				  </p> 
				</entry> 
				<entry colname="2" class="- topic/entry "> 
				  <p class="- topic/p ">Flash Player , Adobe AIR®, and Adobe
					 Primetime clients communicate with Adobe Access over HTTP.
				  </p> 
				</entry> 
			 </row> 
			 <row rowsep="0" class="- topic/row "> 
				<entry colname="1" class="- topic/entry "> 
				  <p class="- topic/p ">HTTPS (Optional)
				  </p> 
				</entry> 
				<entry colname="2" class="- topic/entry "> 
				  <p class="- topic/p ">Flash Player, Adobe AIR, and Adobe
					 Primetime clients can use HTTPS for communication with Adobe Access, however,
					 HTTPS (SSL) is not required unless you need support for FMRMS 1.x clients. See
					 the notes in the table 
					 <xref
					  href="c-aaxs-xgep-sdg-network-topology-firewall-rules-in-urls.xml"
					  format="dita" scope="local">Incoming URLs</xref> and 
					 <xref
					  href="c-aaxs-xgep-sdg-network-topology-configuring-ssl.xml">Configuring
						SSL</xref>.
				  </p> 
				</entry> 
			 </row> 
		  </tbody> 
		</tgroup> 
	 </table> 
  </conbody> 
</concept> 
