<?xml version="1.0" encoding="UTF-8"?>
<!DOCTYPE concept PUBLIC "-//OASIS//DTD DITA Concept//EN" "concept.dtd">
<concept id="c-aaxs-xgep-sdg-pkging-and-protecting-content-ake"> 
  <title class="- topic/title ">Asymmetric key encryption</title> 
  <conbody> 
	 <p class="- topic/p ">Asymmetric key encryption (also called public key
		encryption) uses pairs of keys. One key is used for encryption; the other for
		decryption. The decryption key is kept secret, and is referred to as a 
		<i class="+ topic/ph hi-d/i ">private key</i>. The encryption key,
		referred to as the 
		<i class="+ topic/ph hi-d/i ">public key</i>, is made available to anyone
		authorized to encrypt content. Anyone with access to the public key is able to
		encrypt content, but only someone with access to the private key can decrypt
		the content. The private key cannot be reconstructed from the public key.
	 </p> 
	 <p class="- topic/p ">When packaging content, the License Server’s public
		key is used to encrypt the content encryption key (CEK) in the DRM metadata.
		You must ensure that only the License Server has access to the License Server's
		private key; if someone else has the key they can decrypt and view the content.
	 </p> 
	 <p class="- topic/p "><i class="+ topic/ph hi-d/i "><b
		  class="+ topic/ph hi-d/b ">Caution:</b> Ensure that you obtain the License
		  Server’s certificate (containing the public key) from a trusted source so that
		  you can be certain it is the License Server's key, and not a rogue public key.
		  If an attacker were to substitute their public key for the License Server's
		  key, they would be able to decrypt your content.</i>
	 </p> 
	 <p class="- topic/p ">For more information on packaging content, see 
		<i class="+ topic/ph hi-d/i ">Using the Adobe Access SDK for Protecting
		  Content</i>.
	 </p> 
  </conbody> 
</concept> 
