<?xml version="1.0" encoding="UTF-8"?>
<!DOCTYPE concept PUBLIC "-//OASIS//DTD DITA Concept//EN" "concept.dtd">
<concept
 id="c-aaxs-xgep-sdg-pkging-and-protecting-content-secure-storing-policies"> 
  <title class="- topic/title ">Securely storing policies</title> 
  <conbody> 
	 <p class="- topic/p ">Adobe Access SDK provides a great deal of flexibility
		in the development of applications for use in content packaging and policy
		creation. When creating such applications, you may want to allow some users to
		create and modify policies, and limit other users such that they can only apply
		existing policies to content. If this is the case, you must implement the
		necessary access controls to create user accounts with different privileges for
		policy creation and the application of policies to content.
	 </p> 
	 <p class="- topic/p ">Policies are not signed or otherwise protected from
		modification until they are used in packaging. If you are concerned about users
		of your packaging tools modifying policies, you should consider signing the
		policies to ensure that they cannot be modified.
	 </p> 
	 <p class="- topic/p ">For more information on creating applications using
		the SDK, see the 
		<i class="+ topic/ph hi-d/i ">Adobe Access API Reference</i>.
	 </p> 
  </conbody> 
</concept> 
