<?xml version="1.0" encoding="UTF-8"?>
<!DOCTYPE concept PUBLIC "-//OASIS//DTD DITA Concept//EN" "concept.dtd">
<concept
 id="c-aaxs-xgep-sdg-issuing-licenses-protect-license-server-gen-crls-to-supplement-adobe">
  
  <title class="- topic/title ">Generate CRLs to supplement those published by
	 Adobe</title> 
  <conbody> 
	 <p class="- topic/p ">Adobe Access lets you create CRLs to supplement the
		machine CRL published by Adobe. Adobe Access SDK checks and enforces the Adobe
		CRLs, however, you can disallow additional client machines by creating a CRL
		that revokes additional machine credentials. To do this, you must pass the CRL
		to Adobe Access SDK, then, when issuing a license, the SDK checks both the
		Adobe CRL and your own CRL. 
	 </p> 
	 <p class="- topic/p ">To learn more about generating CRLs, see 
		<codeph class="+ topic/ph pr-d/codeph ">RevocationListFactory</codeph> in
		
		<i class="+ topic/ph hi-d/i ">Adobe Access API Reference</i>. 
	 </p> 
  </conbody> 
</concept> 
