<?xml version="1.0" encoding="UTF-8"?>
<!DOCTYPE concept PUBLIC "-//OASIS//DTD DITA Concept//EN" "concept.dtd">
<concept
 id="c-aaxs-xgep-sdg-issuing-licenses-protect-license-server-replay-detection"> 
  <title class="- topic/title ">Replay protection</title> 
  <conbody> 
	 <p class="- topic/p ">Replay protection prevents an attacker from replaying
		a license request message and potentially causing a denial-of-service (DoS)
		attack against the client (A 
		<i class="+ topic/ph hi-d/i ">denial-of-service</i> attack is an attempt
		by attackers to prevent legitimate users of a service from using that
		service.). For example, a replay attack using the rollback counter could be
		used to “trick” the License Server into thinking that the DRM client is rolling
		back its state, causing a suspension of the account.
	 </p> 
	 <p class="- topic/p ">To learn more about replay protection, see 
		<codeph
		 class="+ topic/ph pr-d/codeph ">AbstractRequestMessage.getMessageId()</codeph>
		the 
		<i class="+ topic/ph hi-d/i ">Adobe Access API Reference</i>.
	 </p> 
  </conbody> 
</concept> 
