<?xml version="1.0" encoding="UTF-8"?>
<!DOCTYPE concept PUBLIC "-//OASIS//DTD DITA Concept//EN" "concept.dtd">
<concept
 id="c-aaxs-xgep-sdg-issuing-licenses-protect-license-server-rollback-detection">
  
  <title class="- topic/title ">Rollback detection</title> 
  <conbody> 
	 <p class="- topic/p ">If your implementation of Adobe Access uses business
		rules that require the client to maintain state (for example, the playback
		window interval), Adobe highly recommends that the server keep track of the
		rollback counter and use AIR or SWF whitelisting.
	 </p> 
	 <p class="- topic/p ">The rollback counter is sent to the server in most
		requests from the client. If your implementation of Adobe Access does not
		require the rollback counter, it can be ignored. Otherwise, Adobe recommends
		that the server store the random machine ID—obtained using 
		<codeph
		 class="+ topic/ph pr-d/codeph ">MachineToken.getMachineId().getUniqueId()</codeph>—and
		the current counter value in a database. For more information on incrementing
		and tracking the rollback counter, see ClientState in 
		<i class="+ topic/ph hi-d/i ">Adobe Access API Reference</i> and 
		<i class="+ topic/ph hi-d/i ">Rollback detection</i> in 
		<i class="+ topic/ph hi-d/i ">Using the Adobe Access SDK for Protecting
		  Content</i>.
	 </p> 
  </conbody> 
</concept> 
