<?xml version="1.0" encoding="UTF-8"?>
<!DOCTYPE concept PUBLIC "-//OASIS//DTD DITA Concept//EN" "concept.dtd">
<concept
 id="c-aaxs-xgep-sdg-issuing-licenses-protect-license-server-timeout-for-authn-tokens">
  
  <title class="- topic/title ">Timeout for authentication tokens</title> 
  <conbody> 
	 <p class="- topic/p ">All authentication tokens generated by the Adobe
		Access SDK have a timeout interval to protect application security. The
		expiration for the authentication token is specified use the Adobe Access SDK
		when handling an authentication request. Once the expiration has passed, the
		authentication token is no longer valid and the user must re-authenticate with
		the license server.
	 </p> 
	 <p class="- topic/p ">To learn more about authentication requests, see
		AuthenticationHandler in the 
		<i class="+ topic/ph hi-d/i ">Adobe Access API Reference</i>.
	 </p> 
  </conbody> 
</concept> 
