<?xml version="1.0" encoding="UTF-8"?>
<!DOCTYPE concept PUBLIC "-//OASIS//DTD DITA Concept//EN" "concept.dtd">
<concept id="c-aaxs-xgep-sdg-vendor-specific-sec-info"> 
  <title class="- topic/title ">Vendor-specific security information</title> 
  <conbody> 
	 <p class="- topic/p ">This section contains security-related information
		about operating systems and application servers that are incorporated into your
		Adobe Access solution. 
	 </p> 
	 <p class="- topic/p ">Use the links provided in this section to find
		vendor-specific security information for your operating system and application
		server. 
	 </p> 
	 <section id="section-B6D9D6CEA7CC42A8A20346600EFB5E4E"> 
		<title>Operating system security information</title> 
		<p class="- topic/p ">When securing your operating system, carefully
		  implement the measures that are described by your operating system vendor,
		  including these: 
		</p> 
		<ul class="- topic/ul " id="ul-rfl-kjz-n4"> 
		  <li class="- topic/li " id="li-84F4FB3041324656A6A713170A0C40AA"> 
			 <p class="- topic/p ">Defining and controlling users, roles, and
				privileges 
			 </p> 
		  </li> 
		  <li class="- topic/li " id="li-4FBD1EA8ADF34564A3E93EF83F0C4A65"> 
			 <p class="- topic/p ">Monitoring logs and audit trails 
			 </p> 
		  </li> 
		  <li class="- topic/li " id="li-B7A0030B78794E99ACB7160E6FC33C12"> 
			 <p class="- topic/p ">Removing unnecessary services and applications 
			 </p> 
		  </li> 
		  <li class="- topic/li " id="li-6E7F7B47567B40308C13D4C512815C16"> 
			 <p class="- topic/p ">Backing up files 
			 </p> 
		  </li> 
		</ul> 
		<p class="- topic/p ">For security information about operating systems
		  that Adobe Access supports, see the resources in this table. 
		</p> 
		<table frame="all" colsep="1" rowsep="1"
		 class="+ topic/table adobe-d/table " id="table-ugl-kjz-n4"> 
		  <tgroup cols="2" colsep="1" rowsep="1"
			outputclass="Table.format" class="- topic/tgroup "> 
			 <colspec colnum="1" colname="1" colwidth="2.528in"
			  class="- topic/colspec "/> 
			 <colspec colnum="2" colname="2" colwidth="2.528in"
			  class="- topic/colspec "/> 
			 <thead class="- topic/thead "> 
				<row rowsep="1" class="- topic/row "> 
				  <entry colname="1" class="- topic/entry "> 
					 <p class="- topic/p ">Operating System 
					 </p> 
				  </entry> 
				  <entry colname="2" class="- topic/entry "> 
					 <p class="- topic/p ">Security Resource 
					 </p> 
				  </entry> 
				</row> 
			 </thead> 
			 <tbody class="- topic/tbody "> 
				<row rowsep="1" class="- topic/row "> 
				  <entry colname="1" class="- topic/entry "> 
					 <p class="- topic/p ">Microsoft® Windows Server® 2008
						Enterprise or Standard Edition 
					 </p> 
				  </entry> 
				  <entry colname="2" class="- topic/entry "> 
					 <p class="- topic/p "><i class="+ topic/ph hi-d/i ">Windows
						  Server 2008 Security Guide</i> 
					 </p> 
				  </entry> 
				</row> 
				<row rowsep="0" class="- topic/row "> 
				  <entry colname="1" class="- topic/entry "> 
					 <p class="- topic/p ">Red Hat® Enterprise Linux® 5.4, 5.5, and
						5.6. 
					 </p> 
				  </entry> 
				  <entry colname="2" class="- topic/entry "> 
					 <p class="- topic/p "><i class="+ topic/ph hi-d/i ">Red Hat
						  Enterprise Linux 5 Security Guide</i> 
					 </p> 
				  </entry> 
				</row> 
			 </tbody> 
		  </tgroup> 
		</table> 
		<p class="- topic/p ">The following table describes some potential
		  approaches to minimizing security vulnerabilities that are found in the
		  operating system. 
		</p> 
		<table frame="all" colsep="1" rowsep="1"
		 class="+ topic/table adobe-d/table " id="table-whl-kjz-n4"> 
		  <tgroup cols="2" colsep="1" rowsep="1"
			outputclass="Table.format" class="- topic/tgroup "> 
			 <colspec colnum="1" colname="1" colwidth="1.389in"
			  class="- topic/colspec "/> 
			 <colspec colnum="2" colname="2" colwidth="3.667in"
			  class="- topic/colspec "/> 
			 <thead class="- topic/thead "> 
				<row rowsep="1" class="- topic/row "> 
				  <entry colname="1" class="- topic/entry "> 
					 <p class="- topic/p ">Item 
					 </p> 
				  </entry> 
				  <entry colname="2" class="- topic/entry "> 
					 <p class="- topic/p ">Description 
					 </p> 
				  </entry> 
				</row> 
			 </thead> 
			 <tbody class="- topic/tbody "> 
				<row rowsep="1" class="- topic/row "> 
				  <entry colname="1" class="- topic/entry "> 
					 <p class="- topic/p ">Security patches 
					 </p> 
				  </entry> 
				  <entry colname="2" class="- topic/entry "> 
					 <p class="- topic/p ">There is an increased risk that an
						unauthorized user may gain access to the application server if vendor security
						patches and upgrades are not applied in a timely fashion. Test security patches
						before you apply them to production servers. 
					 </p> 
					 <p class="- topic/p ">Also, create policies and procedures to
						check for and install patches on a regular basis. 
					 </p> 
				  </entry> 
				</row> 
				<row rowsep="1" class="- topic/row "> 
				  <entry colname="1" class="- topic/entry "> 
					 <p class="- topic/p ">Virus protection software 
					 </p> 
				  </entry> 
				  <entry colname="2" class="- topic/entry "> 
					 <p class="- topic/p ">Virus scanners can identify infected
						files by scanning for a signature or watching for unusual behavior. Scanners
						keep their virus signatures in a file, which is usually stored on the local
						hard drive. Because new viruses are discovered often, you must frequently
						update this file in order for the virus scanner to identify all current
						viruses. 
					 </p> 
				  </entry> 
				</row> 
				<row rowsep="0" class="- topic/row "> 
				  <entry colname="1" class="- topic/entry "> 
					 <p class="- topic/p ">Network Time Protocol (NTP) 
					 </p> 
				  </entry> 
				  <entry colname="2" class="- topic/entry "> 
					 <p class="- topic/p ">For both proper operation and forensic
						analysis, keep accurate time on Adobe Access servers and Adobe Access
						packagers. Use a secure version of NTP to synchronize the time on all systems
						that are connected to the Internet. 
					 </p> 
				  </entry> 
				</row> 
			 </tbody> 
		  </tgroup> 
		</table> 
	 </section> 
	 <section id="section-EBB4EF371CFF4A848694CC240B23D404"> 
		<title>Application server security information</title> 
		<p class="- topic/p ">When securing your application server, you must
		  implement the measures that are described by your server vendor, including
		  these: 
		</p> 
		<ul class="- topic/ul " id="ul-bjm-qjz-n4"> 
		  <li class="- topic/li " id="li-4E4CFEF8F5794B1A8D187A4F91D01551"> 
			 <p class="- topic/p ">Using non-obvious administrator user name 
			 </p> 
		  </li> 
		  <li class="- topic/li " id="li-763E73B8A151430386915A8F533B3E52"> 
			 <p class="- topic/p ">Disabling unnecessary services 
			 </p> 
		  </li> 
		  <li class="- topic/li " id="li-526101B0AB6A4DABBA4052668468AB30"> 
			 <p class="- topic/p ">Securing the console manager 
			 </p> 
		  </li> 
		  <li class="- topic/li " id="li-624B5AA680BF4DD8865AE24A6D2299D5"> 
			 <p class="- topic/p ">Enabling secure cookies 
			 </p> 
		  </li> 
		  <li class="- topic/li " id="li-F4DD65CC3C1D4A0AA96840453F5C5613"> 
			 <p class="- topic/p ">Closing unneeded ports 
			 </p> 
		  </li> 
		  <li class="- topic/li " id="li-08F799CA280B46F7989B90F2F74A8D00"> 
			 <p class="- topic/p ">Limiting administrative interfaces by IP
				addresses or domains 
			 </p> 
		  </li> 
		  <li class="- topic/li " id="li-72D033D15983469A97EA700598D8E71F"> 
			 <p class="- topic/p ">Using the Java™ Security Manager 
			 </p> 
		  </li> 
		</ul> 
	 </section> 
  </conbody> 
</concept> 
