<?xml version="1.0" encoding="UTF-8"?>
<jcr:root xmlns:sling="http://sling.apache.org/jcr/sling/1.0" xmlns:jcr="http://www.jcp.org/jcr/1.0"
    jcr:primaryType="sling:OrderedFolder">
    <jcr:content/>
    <psdk_android.pdf/>
    <psdk_browser-tvsdk.pdf/>
    <psdk_dhls.pdf/>
    <psdk_dhls_2.3.pdf/>
    <psdk_android_2.4.pdf/>
    <psdk_ios.pdf/>
    <psdk_xbox1js-2.4.pdf/>
    <tvsdk_ps4_21.pdf/>
    <psdk_desktophds12.pdf/>
    <psdk_android_2.5.pdf/>
    <psdk_android_3.0.pdf/>
    <psdk_ios_3.0.pdf/>
    <TVSDK_x0020_2.7_x0020_for_x0020_Android_x0020_Programmer_x0027_s_x0020_Guide.pdf/>
    <psdk_android_2.7.pdf/>
    <psdk_ios_3.1.pdf/>
</jcr:root>
