<?xml version="1.0" encoding="UTF-8"?>
<jcr:root xmlns:cq="http://www.day.com/jcr/cq/1.0" xmlns:jcr="http://www.jcp.org/jcr/1.0" xmlns:rep="internal"
    jcr:mixinTypes="[rep:AccessControllable]"
    jcr:primaryType="cq:Page">
    <jcr:content/>
    <security/>
    <production/>
    <favicon.ico/>
    <search-results/>
    <contact/>
    <adobe-access/>
    <manage-account/>
    <acrobat/>
    <reader/>
    <advertising-cloud/>
    <after-effects/>
    <air/>
    <analytics/>
    <analytics-cloud/>
    <animate/>
    <anywhere/>
    <audience-manager/>
    <audition/>
    <beta/>
    <bridge/>
    <business-catalyst/>
    <camera-raw/>
    <captivate/>
    <captivate-prime/>
    <adobe-character-animator/>
    <coldfusion/>
    <campaign/>
    <adobe-connect/>
    <contribute/>
    <cloud-manager/>
    <creative-cloud/>
    <creative-suite/>
    <customer-care-office-hours/>
    <digital-editions/>
    <digital-publishing-solution/>
    <digital-publishing-suite/>
    <dimension/>
    <director/>
    <dmacc-internal/>
    <document-cloud/>
    <download-install/>
    <dreamweaver/>
    <drive/>
    <dtm/>
    <edge-animate/>
    <edge-code/>
    <edge-inspect/>
    <edge-reflow/>
    <elearning-suite/>
    <elements-organizer/>
    <encore/>
    <engage/>
    <enterprise/>
    <entp/>
    <experience-cloud/>
    <experience-manager/>
    <aem-forms/>
    <extendscript-toolkit/>
    <extension-builder/>
    <extension-manager/>
    <fireworks/>
    <flash-builder/>
    <flash-catalyst/>
    <flash-player/>
    <flash/>
    <font-folio-type/>
    <framemaker/>
    <framemaker-publishing-server/>
    <freehand/>
    <fuse/>
    <genuine/>
    <illustrator/>
    <incopy/>
    <indesign/>
    <insight/>
    <leanprint/>
    <legal/>
    <lightroom/>
    <lightroom-cc/>
    <lightroom-mobile/>
    <marketing-cloud/>
    <marketing-cloud-core/>
    <media-encoder/>
    <media-optimizer/>
    <livecycle/>
    <adobe-media-server/>
    <mobile-apps/>
    <muse/>
    <phonegap-build/>
    <photography/>
    <photoshop/>
    <photoshop-elements/>
    <photoshop-elements-editor/>
    <photoshop-express/>
    <photoshop-touch/>
    <playpanel/>
    <prelude/>
    <premiere-clip/>
    <premiere-elements/>
    <premiere-elements-editor/>
    <premiere-elements-quick-editor/>
    <premiere-pro/>
    <presenter/>
    <presenter-video-express/>
    <adobe-preview/>
    <primetime/>
    <revel/>
    <robohelp/>
    <robohelp-server/>
    <rush/>
    <scout/>
    <server-status/>
    <sign/>
    <social/>
    <stock/>
    <story/>
    <support/>
    <target/>
    <tech-comm-suite/>
    <fonts/>
    <validator/>
    <xd/>
    <x-productkb/>
    <internal/>
    <legacy/>
    <_x0035_00/>
    <qe/>
    <qe-upgrade/>
    <chl-internal/>
    <editorial-examples/>
    <wip/>
    <_x0034_10/>
    <search-internal/>
    <search/>
    <sitemap-ccl/>
    <sitemap---adobe-analytics/>
    <ink-and-slide/>
    <shockwave/>
    <agsamtoolslauncher/>
    <sitemap-cs/>
    <gsoc-internal/>
    <golee-test/>
    <chat-registration/>
    <chat-registration1/>
    <chat-console/>
    <chat-adobe-id/>
    <ccx/>
    <utilities/>
    <_x0034_04/>
    <speedgrade/>
    <sophia/>
    <sitemap/>
    <sitemap-ts/>
    <sitemap---topics-pages-with-broad-queries/>
    <sitemap-kb/>
    <sitemap-internal/>
    <sitemap-internal-pdf/>
    <sitemap-internal-coveo/>
    <sitemap-help/>
    <team-projects/>
    <experience-cloud-core-services/>
    <experience-cloud-mobile/>
    <livefyre/>
    <experience-cloud-platform/>
    <cloud-platform/>
    <team-projects0/>
    <support-hub-redesign/>
    <playlistmanager/>
    <exchange/>
    <community-events/>
    <sitemap-ccl-tutorializer/>
    <sitemap-dexter/>
    <sitemap-helppage/>
    <sitemap-marketing-cloud/>
    <experienceleague/>
    <sitemap-learn/>
    <learning/>
    <sitemap-walter-chang-photoshop/>
    <robots_initial.txt/>
    <_x0034_04-error/>
    <robots.txt/>
    <sitemap_new/>
    <aemm-shared-content/>
    <usse/>
    <experience-league/>
    <test-helpx-main-validator/>
</jcr:root>
